--
-- PostgreSQL database dump
--

-- Dumped from database version 14.22 (Ubuntu 14.22-0ubuntu0.22.04.1)
-- Dumped by pg_dump version 17.5 (Ubuntu 17.5-1.pgdg22.04+1)

SET statement_timeout = 0;
SET lock_timeout = 0;
SET idle_in_transaction_session_timeout = 0;

SET client_encoding = 'UTF8';
SET standard_conforming_strings = on;
SELECT pg_catalog.set_config('search_path', '', false);
SET check_function_bodies = false;
SET xmloption = content;
SET client_min_messages = warning;
SET row_security = off;

--
-- Name: public; Type: SCHEMA; Schema: -; Owner: postgres
--

-- *not* creating schema, since initdb creates it


ALTER SCHEMA public OWNER TO postgres;

SET default_tablespace = '';

SET default_table_access_method = heap;

--
-- Name: adherents_adherent; Type: TABLE; Schema: public; Owner: postgres
--

CREATE TABLE public.adherents_adherent (
    matricule character varying(20) NOT NULL,
    numero_ordre integer NOT NULL,
    nom_prenom character varying(200) NOT NULL,
    fonction character varying(200) NOT NULL,
    telephone1 character varying(25) NOT NULL,
    telephone2 character varying(25) NOT NULL,
    residence character varying(200) NOT NULL,
    date_adhesion date,
    date_reception date,
    statut character varying(10) NOT NULL,
    photo character varying(100),
    poste_bureau character varying(100) NOT NULL,
    notes text NOT NULL,
    date_creation timestamp with time zone NOT NULL,
    date_modification timestamp with time zone NOT NULL,
    capital_depart_exercice numeric(14,2) NOT NULL
);


ALTER TABLE public.adherents_adherent OWNER TO postgres;

--
-- Name: auth_group; Type: TABLE; Schema: public; Owner: postgres
--

CREATE TABLE public.auth_group (
    id integer NOT NULL,
    name character varying(150) NOT NULL
);


ALTER TABLE public.auth_group OWNER TO postgres;

--
-- Name: auth_group_id_seq; Type: SEQUENCE; Schema: public; Owner: postgres
--

ALTER TABLE public.auth_group ALTER COLUMN id ADD GENERATED BY DEFAULT AS IDENTITY (
    SEQUENCE NAME public.auth_group_id_seq
    START WITH 1
    INCREMENT BY 1
    NO MINVALUE
    NO MAXVALUE
    CACHE 1
);


--
-- Name: auth_group_permissions; Type: TABLE; Schema: public; Owner: postgres
--

CREATE TABLE public.auth_group_permissions (
    id bigint NOT NULL,
    group_id integer NOT NULL,
    permission_id integer NOT NULL
);


ALTER TABLE public.auth_group_permissions OWNER TO postgres;

--
-- Name: auth_group_permissions_id_seq; Type: SEQUENCE; Schema: public; Owner: postgres
--

ALTER TABLE public.auth_group_permissions ALTER COLUMN id ADD GENERATED BY DEFAULT AS IDENTITY (
    SEQUENCE NAME public.auth_group_permissions_id_seq
    START WITH 1
    INCREMENT BY 1
    NO MINVALUE
    NO MAXVALUE
    CACHE 1
);


--
-- Name: auth_permission; Type: TABLE; Schema: public; Owner: postgres
--

CREATE TABLE public.auth_permission (
    id integer NOT NULL,
    name character varying(255) NOT NULL,
    content_type_id integer NOT NULL,
    codename character varying(100) NOT NULL
);


ALTER TABLE public.auth_permission OWNER TO postgres;

--
-- Name: auth_permission_id_seq; Type: SEQUENCE; Schema: public; Owner: postgres
--

ALTER TABLE public.auth_permission ALTER COLUMN id ADD GENERATED BY DEFAULT AS IDENTITY (
    SEQUENCE NAME public.auth_permission_id_seq
    START WITH 1
    INCREMENT BY 1
    NO MINVALUE
    NO MAXVALUE
    CACHE 1
);


--
-- Name: banque_cheque; Type: TABLE; Schema: public; Owner: postgres
--

CREATE TABLE public.banque_cheque (
    id bigint NOT NULL,
    mois integer NOT NULL,
    annee integer NOT NULL,
    numero character varying(50) NOT NULL,
    montant numeric(14,2) NOT NULL,
    affectation character varying(200) NOT NULL,
    adherent_id character varying(20) NOT NULL,
    config_exercice_id bigint NOT NULL
);


ALTER TABLE public.banque_cheque OWNER TO postgres;

--
-- Name: banque_cheque_id_seq; Type: SEQUENCE; Schema: public; Owner: postgres
--

ALTER TABLE public.banque_cheque ALTER COLUMN id ADD GENERATED BY DEFAULT AS IDENTITY (
    SEQUENCE NAME public.banque_cheque_id_seq
    START WITH 1
    INCREMENT BY 1
    NO MINVALUE
    NO MAXVALUE
    CACHE 1
);


--
-- Name: banque_historiquebancaire; Type: TABLE; Schema: public; Owner: postgres
--

CREATE TABLE public.banque_historiquebancaire (
    id bigint NOT NULL,
    mois integer NOT NULL,
    annee integer NOT NULL,
    versement_tontine numeric(14,2) NOT NULL,
    versement_especes numeric(14,2) NOT NULL,
    versement_banque numeric(14,2) NOT NULL,
    autre_versement numeric(14,2) NOT NULL,
    montant_engagement numeric(14,2) NOT NULL,
    agio numeric(10,2) NOT NULL,
    adherent_id character varying(20) NOT NULL,
    config_exercice_id bigint NOT NULL
);


ALTER TABLE public.banque_historiquebancaire OWNER TO postgres;

--
-- Name: banque_historiquebancaire_id_seq; Type: SEQUENCE; Schema: public; Owner: postgres
--

ALTER TABLE public.banque_historiquebancaire ALTER COLUMN id ADD GENERATED BY DEFAULT AS IDENTITY (
    SEQUENCE NAME public.banque_historiquebancaire_id_seq
    START WITH 1
    INCREMENT BY 1
    NO MINVALUE
    NO MAXVALUE
    CACHE 1
);


--
-- Name: dettes_listerouge; Type: TABLE; Schema: public; Owner: postgres
--

CREATE TABLE public.dettes_listerouge (
    id bigint NOT NULL,
    date_entree date NOT NULL,
    motif text NOT NULL,
    montant_dette numeric(14,2) NOT NULL,
    montant_garantie numeric(14,2) NOT NULL,
    est_solde boolean NOT NULL,
    date_solde date,
    adherent_id character varying(20) NOT NULL,
    config_exercice_id bigint NOT NULL
);


ALTER TABLE public.dettes_listerouge OWNER TO postgres;

--
-- Name: dettes_listerouge_id_seq; Type: SEQUENCE; Schema: public; Owner: postgres
--

ALTER TABLE public.dettes_listerouge ALTER COLUMN id ADD GENERATED BY DEFAULT AS IDENTITY (
    SEQUENCE NAME public.dettes_listerouge_id_seq
    START WITH 1
    INCREMENT BY 1
    NO MINVALUE
    NO MAXVALUE
    CACHE 1
);


--
-- Name: dettes_remboursementdette; Type: TABLE; Schema: public; Owner: postgres
--

CREATE TABLE public.dettes_remboursementdette (
    id bigint NOT NULL,
    date date NOT NULL,
    montant numeric(14,2) NOT NULL,
    observations text NOT NULL,
    liste_rouge_id bigint NOT NULL
);


ALTER TABLE public.dettes_remboursementdette OWNER TO postgres;

--
-- Name: dettes_remboursementdette_id_seq; Type: SEQUENCE; Schema: public; Owner: postgres
--

ALTER TABLE public.dettes_remboursementdette ALTER COLUMN id ADD GENERATED BY DEFAULT AS IDENTITY (
    SEQUENCE NAME public.dettes_remboursementdette_id_seq
    START WITH 1
    INCREMENT BY 1
    NO MINVALUE
    NO MAXVALUE
    CACHE 1
);


--
-- Name: django_admin_log; Type: TABLE; Schema: public; Owner: postgres
--

CREATE TABLE public.django_admin_log (
    id integer NOT NULL,
    action_time timestamp with time zone NOT NULL,
    object_id text,
    object_repr character varying(200) NOT NULL,
    action_flag smallint NOT NULL,
    change_message text NOT NULL,
    content_type_id integer,
    user_id bigint NOT NULL,
    CONSTRAINT django_admin_log_action_flag_check CHECK ((action_flag >= 0))
);


ALTER TABLE public.django_admin_log OWNER TO postgres;

--
-- Name: django_admin_log_id_seq; Type: SEQUENCE; Schema: public; Owner: postgres
--

ALTER TABLE public.django_admin_log ALTER COLUMN id ADD GENERATED BY DEFAULT AS IDENTITY (
    SEQUENCE NAME public.django_admin_log_id_seq
    START WITH 1
    INCREMENT BY 1
    NO MINVALUE
    NO MAXVALUE
    CACHE 1
);


--
-- Name: django_content_type; Type: TABLE; Schema: public; Owner: postgres
--

CREATE TABLE public.django_content_type (
    id integer NOT NULL,
    app_label character varying(100) NOT NULL,
    model character varying(100) NOT NULL
);


ALTER TABLE public.django_content_type OWNER TO postgres;

--
-- Name: django_content_type_id_seq; Type: SEQUENCE; Schema: public; Owner: postgres
--

ALTER TABLE public.django_content_type ALTER COLUMN id ADD GENERATED BY DEFAULT AS IDENTITY (
    SEQUENCE NAME public.django_content_type_id_seq
    START WITH 1
    INCREMENT BY 1
    NO MINVALUE
    NO MAXVALUE
    CACHE 1
);


--
-- Name: django_migrations; Type: TABLE; Schema: public; Owner: postgres
--

CREATE TABLE public.django_migrations (
    id bigint NOT NULL,
    app character varying(255) NOT NULL,
    name character varying(255) NOT NULL,
    applied timestamp with time zone NOT NULL
);


ALTER TABLE public.django_migrations OWNER TO postgres;

--
-- Name: django_migrations_id_seq; Type: SEQUENCE; Schema: public; Owner: postgres
--

ALTER TABLE public.django_migrations ALTER COLUMN id ADD GENERATED BY DEFAULT AS IDENTITY (
    SEQUENCE NAME public.django_migrations_id_seq
    START WITH 1
    INCREMENT BY 1
    NO MINVALUE
    NO MAXVALUE
    CACHE 1
);


--
-- Name: django_session; Type: TABLE; Schema: public; Owner: postgres
--

CREATE TABLE public.django_session (
    session_key character varying(40) NOT NULL,
    session_data text NOT NULL,
    expire_date timestamp with time zone NOT NULL
);


ALTER TABLE public.django_session OWNER TO postgres;

--
-- Name: exercice_fichecassation; Type: TABLE; Schema: public; Owner: postgres
--

CREATE TABLE public.exercice_fichecassation (
    id bigint NOT NULL,
    fonds_caisse numeric(14,2) NOT NULL,
    repartition_interets numeric(12,2) NOT NULL,
    epargne_cumulee numeric(14,2) NOT NULL,
    repartition_penalites numeric(12,2) NOT NULL,
    repartition_collation numeric(12,2) NOT NULL,
    sanctions numeric(12,2) NOT NULL,
    complement_mutuelle numeric(12,2) NOT NULL,
    complement_fonds numeric(12,2) NOT NULL,
    dette_pret numeric(14,2) NOT NULL,
    dons_foyer numeric(12,2) NOT NULL,
    montant_percu numeric(14,2) NOT NULL,
    montant_percu_especes numeric(14,2) NOT NULL,
    montant_percu_cheque numeric(14,2) NOT NULL,
    reconduction numeric(14,2) NOT NULL,
    nouveau_fonds numeric(14,2) NOT NULL,
    est_validee boolean NOT NULL,
    date_calcul timestamp with time zone NOT NULL,
    adherent_id character varying(20) NOT NULL,
    config_exercice_id bigint NOT NULL
);


ALTER TABLE public.exercice_fichecassation OWNER TO postgres;

--
-- Name: exercice_fichecassation_id_seq; Type: SEQUENCE; Schema: public; Owner: postgres
--

ALTER TABLE public.exercice_fichecassation ALTER COLUMN id ADD GENERATED BY DEFAULT AS IDENTITY (
    SEQUENCE NAME public.exercice_fichecassation_id_seq
    START WITH 1
    INCREMENT BY 1
    NO MINVALUE
    NO MAXVALUE
    CACHE 1
);


--
-- Name: exercice_synthesecompte; Type: TABLE; Schema: public; Owner: postgres
--

CREATE TABLE public.exercice_synthesecompte (
    id bigint NOT NULL,
    report_fonds_caisse numeric(14,2) NOT NULL,
    entrees_fonds_caisse numeric(14,2) NOT NULL,
    sorties_fonds_caisse numeric(14,2) NOT NULL,
    report_fonds_roulement numeric(12,2) NOT NULL,
    entrees_fonds_roulement numeric(12,2) NOT NULL,
    sorties_fonds_roulement numeric(12,2) NOT NULL,
    report_frais_exceptionnels numeric(12,2) NOT NULL,
    entrees_frais_excep numeric(12,2) NOT NULL,
    sorties_frais_excep numeric(12,2) NOT NULL,
    report_mutuelle numeric(12,2) NOT NULL,
    entrees_mutuelle numeric(12,2) NOT NULL,
    sorties_mutuelle numeric(12,2) NOT NULL,
    report_inscription numeric(12,2) NOT NULL,
    entrees_inscription numeric(12,2) NOT NULL,
    report_penalites numeric(12,2) NOT NULL,
    entrees_penalites numeric(12,2) NOT NULL,
    sorties_penalites numeric(12,2) NOT NULL,
    report_collation numeric(12,2) NOT NULL,
    entrees_collation numeric(12,2) NOT NULL,
    sorties_collation numeric(12,2) NOT NULL,
    report_foyer numeric(12,2) NOT NULL,
    entrees_foyer numeric(12,2) NOT NULL,
    sorties_foyer numeric(12,2) NOT NULL,
    date_calcul timestamp with time zone NOT NULL,
    config_exercice_id bigint NOT NULL,
    autres_disponibilites text NOT NULL,
    compte_afriland numeric(14,2) NOT NULL,
    compte_cca numeric(14,2) NOT NULL,
    compte_mc2 numeric(14,2) NOT NULL,
    dette_mr_kouatcho numeric(14,2) NOT NULL,
    dette_prefinancement_lagwe numeric(14,2) NOT NULL,
    dettes_tontines numeric(14,2) NOT NULL,
    entrees_sanctions numeric(12,2) NOT NULL,
    entrees_terrain numeric(14,2) NOT NULL,
    report_aides_lagwe numeric(12,2) NOT NULL,
    report_depot_tchouamo numeric(14,2) NOT NULL,
    report_interet_bancaire numeric(12,2) NOT NULL,
    report_interet_epargne numeric(14,2) NOT NULL,
    report_sanctions numeric(12,2) NOT NULL,
    report_terrain numeric(14,2) NOT NULL,
    reste_a_recuperer_conseil numeric(14,2) NOT NULL,
    sorties_aides_lagwe numeric(12,2) NOT NULL,
    sorties_depot_tchouamo numeric(14,2) NOT NULL,
    sorties_interet_bancaire numeric(12,2) NOT NULL,
    sorties_interet_epargne numeric(14,2) NOT NULL,
    sorties_sanctions numeric(12,2) NOT NULL,
    sorties_terrain numeric(14,2) NOT NULL
);


ALTER TABLE public.exercice_synthesecompte OWNER TO postgres;

--
-- Name: exercice_synthesecompte_id_seq; Type: SEQUENCE; Schema: public; Owner: postgres
--

ALTER TABLE public.exercice_synthesecompte ALTER COLUMN id ADD GENERATED BY DEFAULT AS IDENTITY (
    SEQUENCE NAME public.exercice_synthesecompte_id_seq
    START WITH 1
    INCREMENT BY 1
    NO MINVALUE
    NO MAXVALUE
    CACHE 1
);


--
-- Name: fonds_mouvementfonds; Type: TABLE; Schema: public; Owner: postgres
--

CREATE TABLE public.fonds_mouvementfonds (
    id bigint NOT NULL,
    mois integer NOT NULL,
    annee integer NOT NULL,
    reconduction numeric(14,2) NOT NULL,
    retrait_partiel numeric(14,2) NOT NULL,
    capital_compose_precedent numeric(14,2) NOT NULL,
    reste numeric(14,2) NOT NULL,
    epargne_nette numeric(14,2) NOT NULL,
    fonds_roulement numeric(10,2) NOT NULL,
    frais_exceptionnels numeric(10,2) NOT NULL,
    "collation" numeric(10,2) NOT NULL,
    fonds_definitif numeric(14,2) NOT NULL,
    base_calcul_interet numeric(14,2) NOT NULL,
    interet_attribue numeric(12,2) NOT NULL,
    capital_compose numeric(14,2) NOT NULL,
    sanction numeric(12,2) NOT NULL,
    date_calcul timestamp with time zone NOT NULL,
    adherent_id character varying(20) NOT NULL,
    config_exercice_id bigint NOT NULL
);


ALTER TABLE public.fonds_mouvementfonds OWNER TO postgres;

--
-- Name: fonds_mouvementfonds_id_seq; Type: SEQUENCE; Schema: public; Owner: postgres
--

ALTER TABLE public.fonds_mouvementfonds ALTER COLUMN id ADD GENERATED BY DEFAULT AS IDENTITY (
    SEQUENCE NAME public.fonds_mouvementfonds_id_seq
    START WITH 1
    INCREMENT BY 1
    NO MINVALUE
    NO MAXVALUE
    CACHE 1
);


--
-- Name: fonds_reservemensuelle; Type: TABLE; Schema: public; Owner: postgres
--

CREATE TABLE public.fonds_reservemensuelle (
    id bigint NOT NULL,
    mois integer NOT NULL,
    annee integer NOT NULL,
    pool_interets numeric(14,2) NOT NULL,
    total_bases_eligibles numeric(14,2) NOT NULL,
    nb_adherents_eligibles integer NOT NULL,
    est_reparti boolean NOT NULL,
    config_exercice_id bigint NOT NULL
);


ALTER TABLE public.fonds_reservemensuelle OWNER TO postgres;

--
-- Name: fonds_reservemensuelle_id_seq; Type: SEQUENCE; Schema: public; Owner: postgres
--

ALTER TABLE public.fonds_reservemensuelle ALTER COLUMN id ADD GENERATED BY DEFAULT AS IDENTITY (
    SEQUENCE NAME public.fonds_reservemensuelle_id_seq
    START WITH 1
    INCREMENT BY 1
    NO MINVALUE
    NO MAXVALUE
    CACHE 1
);


--
-- Name: foyer_contributionfoyer; Type: TABLE; Schema: public; Owner: postgres
--

CREATE TABLE public.foyer_contributionfoyer (
    id bigint NOT NULL,
    mois integer NOT NULL,
    annee integer NOT NULL,
    montant_auto numeric(12,2) NOT NULL,
    don_volontaire numeric(12,2) NOT NULL,
    adherent_id character varying(20) NOT NULL,
    config_exercice_id bigint NOT NULL
);


ALTER TABLE public.foyer_contributionfoyer OWNER TO postgres;

--
-- Name: foyer_contributionfoyer_id_seq; Type: SEQUENCE; Schema: public; Owner: postgres
--

ALTER TABLE public.foyer_contributionfoyer ALTER COLUMN id ADD GENERATED BY DEFAULT AS IDENTITY (
    SEQUENCE NAME public.foyer_contributionfoyer_id_seq
    START WITH 1
    INCREMENT BY 1
    NO MINVALUE
    NO MAXVALUE
    CACHE 1
);


--
-- Name: mutuelle_aidemutuelle; Type: TABLE; Schema: public; Owner: postgres
--

CREATE TABLE public.mutuelle_aidemutuelle (
    id bigint NOT NULL,
    date date NOT NULL,
    evenement character varying(300) NOT NULL,
    montant numeric(12,2) NOT NULL,
    adherent_id character varying(20) NOT NULL,
    config_exercice_id bigint NOT NULL
);


ALTER TABLE public.mutuelle_aidemutuelle OWNER TO postgres;

--
-- Name: mutuelle_aidemutuelle_id_seq; Type: SEQUENCE; Schema: public; Owner: postgres
--

ALTER TABLE public.mutuelle_aidemutuelle ALTER COLUMN id ADD GENERATED BY DEFAULT AS IDENTITY (
    SEQUENCE NAME public.mutuelle_aidemutuelle_id_seq
    START WITH 1
    INCREMENT BY 1
    NO MINVALUE
    NO MAXVALUE
    CACHE 1
);


--
-- Name: mutuelle_cotisationmutuelle; Type: TABLE; Schema: public; Owner: postgres
--

CREATE TABLE public.mutuelle_cotisationmutuelle (
    id bigint NOT NULL,
    mois integer NOT NULL,
    annee integer NOT NULL,
    montant numeric(12,2) NOT NULL,
    adherent_id character varying(20) NOT NULL,
    config_exercice_id bigint NOT NULL
);


ALTER TABLE public.mutuelle_cotisationmutuelle OWNER TO postgres;

--
-- Name: mutuelle_cotisationmutuelle_id_seq; Type: SEQUENCE; Schema: public; Owner: postgres
--

ALTER TABLE public.mutuelle_cotisationmutuelle ALTER COLUMN id ADD GENERATED BY DEFAULT AS IDENTITY (
    SEQUENCE NAME public.mutuelle_cotisationmutuelle_id_seq
    START WITH 1
    INCREMENT BY 1
    NO MINVALUE
    NO MAXVALUE
    CACHE 1
);


--
-- Name: parametrage_agiobancaire; Type: TABLE; Schema: public; Owner: postgres
--

CREATE TABLE public.parametrage_agiobancaire (
    id bigint NOT NULL,
    mois integer NOT NULL,
    annee integer NOT NULL,
    montant_agio numeric(10,2) NOT NULL,
    interet_crediteur numeric(10,2) NOT NULL,
    date_saisie timestamp with time zone NOT NULL,
    config_exercice_id bigint NOT NULL
);


ALTER TABLE public.parametrage_agiobancaire OWNER TO postgres;

--
-- Name: parametrage_agiobancaire_id_seq; Type: SEQUENCE; Schema: public; Owner: postgres
--

ALTER TABLE public.parametrage_agiobancaire ALTER COLUMN id ADD GENERATED BY DEFAULT AS IDENTITY (
    SEQUENCE NAME public.parametrage_agiobancaire_id_seq
    START WITH 1
    INCREMENT BY 1
    NO MINVALUE
    NO MAXVALUE
    CACHE 1
);


--
-- Name: parametrage_autredepense; Type: TABLE; Schema: public; Owner: postgres
--

CREATE TABLE public.parametrage_autredepense (
    id bigint NOT NULL,
    date date NOT NULL,
    libelle character varying(300) NOT NULL,
    montant numeric(14,2) NOT NULL,
    date_saisie timestamp with time zone NOT NULL,
    config_exercice_id bigint NOT NULL
);


ALTER TABLE public.parametrage_autredepense OWNER TO postgres;

--
-- Name: parametrage_autredepense_id_seq; Type: SEQUENCE; Schema: public; Owner: postgres
--

ALTER TABLE public.parametrage_autredepense ALTER COLUMN id ADD GENERATED BY DEFAULT AS IDENTITY (
    SEQUENCE NAME public.parametrage_autredepense_id_seq
    START WITH 1
    INCREMENT BY 1
    NO MINVALUE
    NO MAXVALUE
    CACHE 1
);


--
-- Name: parametrage_configexercice; Type: TABLE; Schema: public; Owner: postgres
--

CREATE TABLE public.parametrage_configexercice (
    id bigint NOT NULL,
    annee integer NOT NULL,
    est_ouvert boolean NOT NULL,
    date_ouverture date,
    date_cloture date,
    taux_t35 numeric(12,2) NOT NULL,
    versement_t35 numeric(12,2) NOT NULL,
    taux_t75 numeric(12,2) NOT NULL,
    taux_t100 numeric(12,2) NOT NULL,
    diviseur_interet_t35 integer NOT NULL,
    seuil_eligibilite_interets numeric(12,2) NOT NULL,
    fonds_roulement_mensuel numeric(10,2) NOT NULL,
    frais_exceptionnels_mensuel numeric(10,2) NOT NULL,
    collation_mensuelle numeric(10,2) NOT NULL,
    mutuelle_mensuelle numeric(10,2) NOT NULL,
    montant_inscription numeric(10,2) NOT NULL,
    complement_fonds_fin_exercice numeric(12,2) NOT NULL,
    penalite_especes numeric(10,2) NOT NULL,
    penalite_especes_active boolean NOT NULL,
    pourcentage_penalite_echec numeric(5,2) NOT NULL,
    nb_echecs_max_avant_liste_rouge integer NOT NULL,
    taux_interet_pret_mensuel numeric(5,2) NOT NULL,
    majoration_retard_mois_1 numeric(5,2) NOT NULL,
    majoration_retard_mois_2 numeric(5,2) NOT NULL,
    montant_min_pret numeric(12,2) NOT NULL,
    montant_max_pret numeric(12,2) NOT NULL,
    contribution_foyer_lot_principal numeric(12,2) NOT NULL,
    complement_mutuelle_fin_exercice numeric(12,2) NOT NULL
);


ALTER TABLE public.parametrage_configexercice OWNER TO postgres;

--
-- Name: parametrage_configexercice_id_seq; Type: SEQUENCE; Schema: public; Owner: postgres
--

ALTER TABLE public.parametrage_configexercice ALTER COLUMN id ADD GENERATED BY DEFAULT AS IDENTITY (
    SEQUENCE NAME public.parametrage_configexercice_id_seq
    START WITH 1
    INCREMENT BY 1
    NO MINVALUE
    NO MAXVALUE
    CACHE 1
);


--
-- Name: parametrage_depensecollation; Type: TABLE; Schema: public; Owner: postgres
--

CREATE TABLE public.parametrage_depensecollation (
    id bigint NOT NULL,
    date date NOT NULL,
    libelle character varying(300) NOT NULL,
    montant numeric(14,2) NOT NULL,
    date_saisie timestamp with time zone NOT NULL,
    config_exercice_id bigint NOT NULL
);


ALTER TABLE public.parametrage_depensecollation OWNER TO postgres;

--
-- Name: parametrage_depensecollation_id_seq; Type: SEQUENCE; Schema: public; Owner: postgres
--

ALTER TABLE public.parametrage_depensecollation ALTER COLUMN id ADD GENERATED BY DEFAULT AS IDENTITY (
    SEQUENCE NAME public.parametrage_depensecollation_id_seq
    START WITH 1
    INCREMENT BY 1
    NO MINVALUE
    NO MAXVALUE
    CACHE 1
);


--
-- Name: parametrage_depensefondsroulement; Type: TABLE; Schema: public; Owner: postgres
--

CREATE TABLE public.parametrage_depensefondsroulement (
    id bigint NOT NULL,
    date date NOT NULL,
    libelle character varying(300) NOT NULL,
    montant numeric(14,2) NOT NULL,
    date_saisie timestamp with time zone NOT NULL,
    config_exercice_id bigint NOT NULL
);


ALTER TABLE public.parametrage_depensefondsroulement OWNER TO postgres;

--
-- Name: parametrage_depensefondsroulement_id_seq; Type: SEQUENCE; Schema: public; Owner: postgres
--

ALTER TABLE public.parametrage_depensefondsroulement ALTER COLUMN id ADD GENERATED BY DEFAULT AS IDENTITY (
    SEQUENCE NAME public.parametrage_depensefondsroulement_id_seq
    START WITH 1
    INCREMENT BY 1
    NO MINVALUE
    NO MAXVALUE
    CACHE 1
);


--
-- Name: parametrage_depensefoyer; Type: TABLE; Schema: public; Owner: postgres
--

CREATE TABLE public.parametrage_depensefoyer (
    id bigint NOT NULL,
    date date NOT NULL,
    libelle character varying(300) NOT NULL,
    montant numeric(14,2) NOT NULL,
    date_saisie timestamp with time zone NOT NULL,
    config_exercice_id bigint NOT NULL
);


ALTER TABLE public.parametrage_depensefoyer OWNER TO postgres;

--
-- Name: parametrage_depensefoyer_id_seq; Type: SEQUENCE; Schema: public; Owner: postgres
--

ALTER TABLE public.parametrage_depensefoyer ALTER COLUMN id ADD GENERATED BY DEFAULT AS IDENTITY (
    SEQUENCE NAME public.parametrage_depensefoyer_id_seq
    START WITH 1
    INCREMENT BY 1
    NO MINVALUE
    NO MAXVALUE
    CACHE 1
);


--
-- Name: parametrage_depensefraisexceptionnels; Type: TABLE; Schema: public; Owner: postgres
--

CREATE TABLE public.parametrage_depensefraisexceptionnels (
    id bigint NOT NULL,
    date date NOT NULL,
    libelle character varying(300) NOT NULL,
    montant numeric(14,2) NOT NULL,
    date_saisie timestamp with time zone NOT NULL,
    config_exercice_id bigint NOT NULL
);


ALTER TABLE public.parametrage_depensefraisexceptionnels OWNER TO postgres;

--
-- Name: parametrage_depensefraisexceptionnels_id_seq; Type: SEQUENCE; Schema: public; Owner: postgres
--

ALTER TABLE public.parametrage_depensefraisexceptionnels ALTER COLUMN id ADD GENERATED BY DEFAULT AS IDENTITY (
    SEQUENCE NAME public.parametrage_depensefraisexceptionnels_id_seq
    START WITH 1
    INCREMENT BY 1
    NO MINVALUE
    NO MAXVALUE
    CACHE 1
);


--
-- Name: prets_pret; Type: TABLE; Schema: public; Owner: postgres
--

CREATE TABLE public.prets_pret (
    id bigint NOT NULL,
    montant_principal numeric(14,2) NOT NULL,
    taux_mensuel numeric(5,2) NOT NULL,
    nombre_mois integer NOT NULL,
    interet_total numeric(12,2) NOT NULL,
    montant_total_du numeric(14,2) NOT NULL,
    date_octroi date NOT NULL,
    date_echeance date NOT NULL,
    mode_versement character varying(10) NOT NULL,
    numero_cheque character varying(50) NOT NULL,
    statut character varying(15) NOT NULL,
    nb_mois_retard integer NOT NULL,
    montant_rembourse numeric(14,2) NOT NULL,
    est_demande_membre boolean NOT NULL,
    est_valide_bureau boolean NOT NULL,
    motif_demande text NOT NULL,
    date_demande timestamp with time zone,
    date_validation timestamp with time zone,
    adherent_id character varying(20) NOT NULL,
    config_exercice_id bigint NOT NULL
);


ALTER TABLE public.prets_pret OWNER TO postgres;

--
-- Name: prets_pret_id_seq; Type: SEQUENCE; Schema: public; Owner: postgres
--

ALTER TABLE public.prets_pret ALTER COLUMN id ADD GENERATED BY DEFAULT AS IDENTITY (
    SEQUENCE NAME public.prets_pret_id_seq
    START WITH 1
    INCREMENT BY 1
    NO MINVALUE
    NO MAXVALUE
    CACHE 1
);


--
-- Name: prets_remboursementpret; Type: TABLE; Schema: public; Owner: postgres
--

CREATE TABLE public.prets_remboursementpret (
    id bigint NOT NULL,
    mois integer NOT NULL,
    annee integer NOT NULL,
    montant numeric(14,2) NOT NULL,
    mode_versement character varying(10) NOT NULL,
    numero_cheque character varying(50) NOT NULL,
    penalite_retard numeric(12,2) NOT NULL,
    date_saisie timestamp with time zone NOT NULL,
    pret_id bigint NOT NULL
);


ALTER TABLE public.prets_remboursementpret OWNER TO postgres;

--
-- Name: prets_remboursementpret_id_seq; Type: SEQUENCE; Schema: public; Owner: postgres
--

ALTER TABLE public.prets_remboursementpret ALTER COLUMN id ADD GENERATED BY DEFAULT AS IDENTITY (
    SEQUENCE NAME public.prets_remboursementpret_id_seq
    START WITH 1
    INCREMENT BY 1
    NO MINVALUE
    NO MAXVALUE
    CACHE 1
);


--
-- Name: public_activite; Type: TABLE; Schema: public; Owner: postgres
--

CREATE TABLE public.public_activite (
    id bigint NOT NULL,
    titre character varying(300) NOT NULL,
    description text NOT NULL,
    date date NOT NULL,
    lieu character varying(200) NOT NULL,
    est_publiee boolean NOT NULL
);


ALTER TABLE public.public_activite OWNER TO postgres;

--
-- Name: public_activite_id_seq; Type: SEQUENCE; Schema: public; Owner: postgres
--

ALTER TABLE public.public_activite ALTER COLUMN id ADD GENERATED BY DEFAULT AS IDENTITY (
    SEQUENCE NAME public.public_activite_id_seq
    START WITH 1
    INCREMENT BY 1
    NO MINVALUE
    NO MAXVALUE
    CACHE 1
);


--
-- Name: public_annonce; Type: TABLE; Schema: public; Owner: postgres
--

CREATE TABLE public.public_annonce (
    id bigint NOT NULL,
    titre character varying(300) NOT NULL,
    contenu text NOT NULL,
    date_publication date NOT NULL,
    est_publiee boolean NOT NULL,
    date_creation timestamp with time zone NOT NULL,
    auteur_id bigint
);


ALTER TABLE public.public_annonce OWNER TO postgres;

--
-- Name: public_annonce_id_seq; Type: SEQUENCE; Schema: public; Owner: postgres
--

ALTER TABLE public.public_annonce ALTER COLUMN id ADD GENERATED BY DEFAULT AS IDENTITY (
    SEQUENCE NAME public.public_annonce_id_seq
    START WITH 1
    INCREMENT BY 1
    NO MINVALUE
    NO MAXVALUE
    CACHE 1
);


--
-- Name: public_contact; Type: TABLE; Schema: public; Owner: postgres
--

CREATE TABLE public.public_contact (
    id bigint NOT NULL,
    ville character varying(100) NOT NULL,
    pays character varying(100) NOT NULL,
    telephone character varying(20) NOT NULL,
    email character varying(254) NOT NULL,
    adresse text NOT NULL,
    horaires text NOT NULL
);


ALTER TABLE public.public_contact OWNER TO postgres;

--
-- Name: public_contact_id_seq; Type: SEQUENCE; Schema: public; Owner: postgres
--

ALTER TABLE public.public_contact ALTER COLUMN id ADD GENERATED BY DEFAULT AS IDENTITY (
    SEQUENCE NAME public.public_contact_id_seq
    START WITH 1
    INCREMENT BY 1
    NO MINVALUE
    NO MAXVALUE
    CACHE 1
);


--
-- Name: public_faq; Type: TABLE; Schema: public; Owner: postgres
--

CREATE TABLE public.public_faq (
    id bigint NOT NULL,
    question character varying(500) NOT NULL,
    reponse text NOT NULL,
    ordre integer NOT NULL,
    est_publiee boolean NOT NULL
);


ALTER TABLE public.public_faq OWNER TO postgres;

--
-- Name: public_faq_id_seq; Type: SEQUENCE; Schema: public; Owner: postgres
--

ALTER TABLE public.public_faq ALTER COLUMN id ADD GENERATED BY DEFAULT AS IDENTITY (
    SEQUENCE NAME public.public_faq_id_seq
    START WITH 1
    INCREMENT BY 1
    NO MINVALUE
    NO MAXVALUE
    CACHE 1
);


--
-- Name: saisie_tableaudebord; Type: TABLE; Schema: public; Owner: postgres
--

CREATE TABLE public.saisie_tableaudebord (
    id bigint NOT NULL,
    mois integer NOT NULL,
    annee integer NOT NULL,
    versement_banque numeric(14,2) NOT NULL,
    versement_especes numeric(14,2) NOT NULL,
    autre_versement numeric(14,2) NOT NULL,
    complement_epargne numeric(14,2) NOT NULL,
    mode_versement character varying(10) NOT NULL,
    inscription numeric(12,2) NOT NULL,
    mutuelle numeric(12,2) NOT NULL,
    contribution_foyer numeric(12,2) NOT NULL,
    don_foyer_volontaire numeric(12,2) NOT NULL,
    sanction numeric(12,2) NOT NULL,
    pret_fonds numeric(14,2) NOT NULL,
    remboursement_pret numeric(14,2) NOT NULL,
    mode_pret character varying(10) NOT NULL,
    numero_cheque_pret character varying(50) NOT NULL,
    retrait_partiel numeric(14,2) NOT NULL,
    bonus_malus numeric(14,2) NOT NULL,
    montant_engagement numeric(14,2) NOT NULL,
    penalite_especes_appli numeric(10,2) NOT NULL,
    penalite_echec_appli numeric(12,2) NOT NULL,
    contribution_foyer_auto numeric(12,2) NOT NULL,
    reste numeric(14,2) NOT NULL,
    libelle_depense character varying(200) NOT NULL,
    compte_depense character varying(100) NOT NULL,
    autres_depenses numeric(12,2) NOT NULL,
    est_valide boolean NOT NULL,
    date_saisie timestamp with time zone NOT NULL,
    date_modification timestamp with time zone NOT NULL,
    adherent_id character varying(20) NOT NULL,
    config_exercice_id bigint NOT NULL,
    penalite_especes_appliquee boolean NOT NULL
);


ALTER TABLE public.saisie_tableaudebord OWNER TO postgres;

--
-- Name: saisie_tableaudebord_id_seq; Type: SEQUENCE; Schema: public; Owner: postgres
--

ALTER TABLE public.saisie_tableaudebord ALTER COLUMN id ADD GENERATED BY DEFAULT AS IDENTITY (
    SEQUENCE NAME public.saisie_tableaudebord_id_seq
    START WITH 1
    INCREMENT BY 1
    NO MINVALUE
    NO MAXVALUE
    CACHE 1
);


--
-- Name: tontines_niveautontine; Type: TABLE; Schema: public; Owner: postgres
--

CREATE TABLE public.tontines_niveautontine (
    id bigint NOT NULL,
    code character varying(10) NOT NULL,
    taux_mensuel numeric(12,2) NOT NULL,
    versement_mensuel_par_part numeric(12,2) NOT NULL,
    diviseur_interet integer NOT NULL,
    config_exercice_id bigint NOT NULL
);


ALTER TABLE public.tontines_niveautontine OWNER TO postgres;

--
-- Name: tontines_niveautontine_id_seq; Type: SEQUENCE; Schema: public; Owner: postgres
--

ALTER TABLE public.tontines_niveautontine ALTER COLUMN id ADD GENERATED BY DEFAULT AS IDENTITY (
    SEQUENCE NAME public.tontines_niveautontine_id_seq
    START WITH 1
    INCREMENT BY 1
    NO MINVALUE
    NO MAXVALUE
    CACHE 1
);


--
-- Name: tontines_participationtontine; Type: TABLE; Schema: public; Owner: postgres
--

CREATE TABLE public.tontines_participationtontine (
    id bigint NOT NULL,
    nombre_parts integer NOT NULL,
    mode_versement character varying(10) NOT NULL,
    montant_verse numeric(14,2) NOT NULL,
    penalite_especes numeric(10,2) NOT NULL,
    penalite_echec numeric(12,2) NOT NULL,
    nb_echecs_cumules integer NOT NULL,
    en_liste_rouge boolean NOT NULL,
    complement_epargne numeric(12,2) NOT NULL,
    numero_cheque character varying(50) NOT NULL,
    a_obtenu_lot_principal boolean NOT NULL,
    montant_lot_principal numeric(14,2) NOT NULL,
    interet_lot_principal numeric(12,2) NOT NULL,
    vente_petit_lot numeric(12,2) NOT NULL,
    interet_petit_lot numeric(10,2) NOT NULL,
    remboursement_petit_lot numeric(12,2) NOT NULL,
    mode_remboursement_petit_lot character varying(10) NOT NULL,
    adherent_id character varying(20) NOT NULL,
    session_id bigint NOT NULL
);


ALTER TABLE public.tontines_participationtontine OWNER TO postgres;

--
-- Name: tontines_participationtontine_id_seq; Type: SEQUENCE; Schema: public; Owner: postgres
--

ALTER TABLE public.tontines_participationtontine ALTER COLUMN id ADD GENERATED BY DEFAULT AS IDENTITY (
    SEQUENCE NAME public.tontines_participationtontine_id_seq
    START WITH 1
    INCREMENT BY 1
    NO MINVALUE
    NO MAXVALUE
    CACHE 1
);


--
-- Name: tontines_sessiontontine; Type: TABLE; Schema: public; Owner: postgres
--

CREATE TABLE public.tontines_sessiontontine (
    id bigint NOT NULL,
    mois integer NOT NULL,
    annee integer NOT NULL,
    date_seance date NOT NULL,
    montant_interet_bureau numeric(12,2) NOT NULL,
    est_cloturee boolean NOT NULL,
    niveau_id bigint NOT NULL
);


ALTER TABLE public.tontines_sessiontontine OWNER TO postgres;

--
-- Name: tontines_sessiontontine_id_seq; Type: SEQUENCE; Schema: public; Owner: postgres
--

ALTER TABLE public.tontines_sessiontontine ALTER COLUMN id ADD GENERATED BY DEFAULT AS IDENTITY (
    SEQUENCE NAME public.tontines_sessiontontine_id_seq
    START WITH 1
    INCREMENT BY 1
    NO MINVALUE
    NO MAXVALUE
    CACHE 1
);


--
-- Name: users_utilisateur; Type: TABLE; Schema: public; Owner: postgres
--

CREATE TABLE public.users_utilisateur (
    id bigint NOT NULL,
    password character varying(128) NOT NULL,
    last_login timestamp with time zone,
    is_superuser boolean NOT NULL,
    username character varying(100) NOT NULL,
    nom_complet character varying(200) NOT NULL,
    role character varying(10) NOT NULL,
    est_actif boolean NOT NULL,
    is_staff boolean NOT NULL,
    date_creation timestamp with time zone NOT NULL,
    adherent_id character varying(20)
);


ALTER TABLE public.users_utilisateur OWNER TO postgres;

--
-- Name: users_utilisateur_groups; Type: TABLE; Schema: public; Owner: postgres
--

CREATE TABLE public.users_utilisateur_groups (
    id bigint NOT NULL,
    utilisateur_id bigint NOT NULL,
    group_id integer NOT NULL
);


ALTER TABLE public.users_utilisateur_groups OWNER TO postgres;

--
-- Name: users_utilisateur_groups_id_seq; Type: SEQUENCE; Schema: public; Owner: postgres
--

ALTER TABLE public.users_utilisateur_groups ALTER COLUMN id ADD GENERATED BY DEFAULT AS IDENTITY (
    SEQUENCE NAME public.users_utilisateur_groups_id_seq
    START WITH 1
    INCREMENT BY 1
    NO MINVALUE
    NO MAXVALUE
    CACHE 1
);


--
-- Name: users_utilisateur_id_seq; Type: SEQUENCE; Schema: public; Owner: postgres
--

ALTER TABLE public.users_utilisateur ALTER COLUMN id ADD GENERATED BY DEFAULT AS IDENTITY (
    SEQUENCE NAME public.users_utilisateur_id_seq
    START WITH 1
    INCREMENT BY 1
    NO MINVALUE
    NO MAXVALUE
    CACHE 1
);


--
-- Name: users_utilisateur_user_permissions; Type: TABLE; Schema: public; Owner: postgres
--

CREATE TABLE public.users_utilisateur_user_permissions (
    id bigint NOT NULL,
    utilisateur_id bigint NOT NULL,
    permission_id integer NOT NULL
);


ALTER TABLE public.users_utilisateur_user_permissions OWNER TO postgres;

--
-- Name: users_utilisateur_user_permissions_id_seq; Type: SEQUENCE; Schema: public; Owner: postgres
--

ALTER TABLE public.users_utilisateur_user_permissions ALTER COLUMN id ADD GENERATED BY DEFAULT AS IDENTITY (
    SEQUENCE NAME public.users_utilisateur_user_permissions_id_seq
    START WITH 1
    INCREMENT BY 1
    NO MINVALUE
    NO MAXVALUE
    CACHE 1
);


--
-- Data for Name: adherents_adherent; Type: TABLE DATA; Schema: public; Owner: postgres
--

COPY public.adherents_adherent (matricule, numero_ordre, nom_prenom, fonction, telephone1, telephone2, residence, date_adhesion, date_reception, statut, photo, poste_bureau, notes, date_creation, date_modification, capital_depart_exercice) FROM stdin;
AS201612	-1000	HODIEP JULES					\N	\N	INACTIF				2026-04-12 14:45:29.151134+01	2026-04-14 01:52:44.018936+01	80000.00
AS201623	-1700	NDOMBOU JEAN CLAUDE					\N	\N	INACTIF				2026-04-12 14:45:29.15401+01	2026-04-14 01:52:44.023774+01	480000.00
AS201625	-1900	NGONGANG JEAN THEODORE					\N	\N	INACTIF				2026-04-12 14:45:29.152695+01	2026-04-14 01:52:44.021366+01	227663.00
AS201652	-3300	NGANHOU JEAN					\N	\N	INACTIF				2026-04-12 14:45:29.155332+01	2026-04-14 01:52:44.026281+01	130000.00
AS201611	8	HENGUE PAUL OMER	SOCIOLOGUE	694468080		MESSASSI	\N	2024-09-01	ACTIF				2026-04-11 09:31:25.385909+01	2026-04-14 01:53:22.716291+01	900000.00
AS201613	9	HOTCHO BENJAMIN	COMPTABLE	699956355		DAMAS	\N	2024-12-01	ACTIF				2026-04-11 09:31:25.569211+01	2026-04-14 01:53:22.71779+01	900000.00
AS201617	10	KOUAMOU MOISE	INGENIEUR E-F	675836725		DAMAS	\N	2021-06-01	ACTIF				2026-04-11 09:31:25.756285+01	2026-04-14 01:53:22.719472+01	900000.00
AS201619	11	KOUATCHO MESSACK	INSPECTEUR DE TRAVAIL	677735778		SANTA BARBARA	\N	2023-03-01	ACTIF				2026-04-11 09:31:25.941998+01	2026-04-14 01:53:22.72113+01	900000.00
AS201620	12	LOWE JEAN	PROFESSEUR DE LYCEE				\N	2021-07-01	ACTIF				2026-04-11 09:31:26.127547+01	2026-04-14 01:53:22.722681+01	900000.00
AS201621	13	NANKAM APPOLINAIRE	ENSEIGNANT	693055118		DAMAS	\N	2021-03-01	ACTIF				2026-04-11 09:31:26.315251+01	2026-04-14 01:53:22.724166+01	900000.00
AS201639	20	NANGUEN MARTIN	SECRETAIRE D'ADMINISTRATION	677648306		RUE MANGUIERS	\N	\N	ACTIF				2026-04-11 09:31:27.625932+01	2026-04-14 01:53:22.734515+01	900000.00
AS201648	25	ASELBY	ASSOCIATION DES ELITES BANGOU DE YAOUNDE				\N	\N	ACTIF				2026-04-11 09:31:24.278007+01	2026-04-14 01:53:22.74207+01	0.00
LR201648	-5100	FOTSO THOMAS					\N	\N	INACTIF				2026-04-12 14:45:32.5827+01	2026-04-14 01:53:25.215798+01	0.00
LR201601	-4500	NKEHE DAVID					\N	\N	INACTIF				2026-04-12 14:45:32.587797+01	2026-04-14 01:53:25.21973+01	0.00
LR201602	-4600	TYAM ERNEST					\N	\N	INACTIF				2026-04-12 14:45:32.591747+01	2026-04-14 01:53:25.221997+01	0.00
LR201604	-4700	SIMO FONGANG ERIC					\N	\N	INACTIF				2026-04-12 14:45:32.595382+01	2026-04-14 01:53:25.224114+01	0.00
LR201654	-5300	TCHOUANTE FRANCOIS					\N	\N	INACTIF				2026-04-12 14:45:32.598499+01	2026-04-14 01:53:25.225655+01	0.00
LR201605	-4800	CHINGUE FABRICE					\N	\N	INACTIF				2026-04-12 14:45:32.601574+01	2026-04-14 01:53:25.22703+01	0.00
LR201608	-4900	NJEPDIO MBOUKAM DELUXE					\N	\N	INACTIF				2026-04-12 14:45:32.604635+01	2026-04-14 01:53:25.228397+01	0.00
LR201651	-5200	YEPMOU JEAN JACQUES					\N	\N	INACTIF				2026-04-12 14:45:32.607768+01	2026-04-14 01:53:25.229754+01	0.00
LR201609	-5000	TCHOUTOU NANA CLAUDE					\N	\N	INACTIF				2026-04-12 14:45:32.610864+01	2026-04-14 01:53:25.231082+01	0.00
AS201601	1	BAKOP ACHILLE	FONCTIONNAIRE DE POLICE	655592631		NKOLBISSON	\N	2023-02-01	ACTIF				2026-04-11 09:31:24.279106+01	2026-04-14 01:53:22.703949+01	900000.00
AS201602	2	BOUTCHOUANG WILLIAM	OPERATEUR ECONOMIQUE	699984782		EMANA	\N	2023-04-01	ACTIF				2026-04-11 09:31:24.463347+01	2026-04-14 01:53:22.706524+01	900000.00
AS201604	3	DJOMO JEAN PAUL	ENTREPRENEUR DE BATIMENT	677986676		RUE MANGUIERS	\N	2023-08-01	ACTIF				2026-04-11 09:31:24.64535+01	2026-04-14 01:53:22.708441+01	900000.00
AS201605	4	DJOUKWE NANGUEN GUY BLAISE	PROFESSEUR DES LYCEES TECHNIQUE	675250451		RUE MANGUIERS	\N	2023-09-01	ACTIF				2026-04-11 09:31:24.832797+01	2026-04-14 01:53:22.710106+01	900000.00
AS201622	14	NDJOMO ETIENNE	COMPTABLE	677553702		MONTEE JOUVENCE	\N	\N	ACTIF				2026-04-11 09:31:26.500485+01	2026-04-14 01:53:22.725642+01	900000.00
AS201624	15	NGONDIEP CLAUDE	DAS(DIRECTEUR ADMINISTRATEUR SOCIETE)	675249207		CITE VERTE	\N	2023-05-01	ACTIF				2026-04-11 09:31:26.684147+01	2026-04-14 01:53:22.727121+01	900000.00
AS201626	16	NGUIEMEGNI MATHIEU BLAISE	CADRE CADASTRE	677068360		MONATELE	\N	2023-06-01	ACTIF				2026-04-11 09:31:26.87187+01	2026-04-14 01:53:22.728611+01	900000.00
AS201628	17	NKAMGANG JUSTIN DEJOLIE	DELEGUE COMMERCIAL	676659191		MENDONG	\N	2023-06-01	ACTIF				2026-04-11 09:31:27.055636+01	2026-04-14 01:53:22.730069+01	900000.00
AS201633	18	PATEGO NJOSSU GUSTAVE	INGENIEUR T-P	699995086		EBOGO 1(SOA)	\N	2023-05-01	ACTIF				2026-04-11 09:31:27.244125+01	2026-04-14 01:53:22.731551+01	900000.00
AS201641	21	TCHOUAMOU MATHIEU	OFFICIER SUPERIEUR	699778906		MENDONG	\N	\N	ACTIF				2026-04-11 09:31:27.816774+01	2026-04-14 01:53:22.735994+01	900000.00
AS201643	22	TCHOUTOU NANA CLAUDE	OPERATEUR ECONOMIQUE	677775940		NKOL FOULOU	\N	\N	ACTIF				2026-04-11 09:31:28.000899+01	2026-04-14 01:53:22.737561+01	900000.00
AS201646	23	YEPMOU JEAN JACQUES	ADMINISTRATEUR CIVIL	699663416		MENDONG (NKOLZIE)	\N	\N	ACTIF				2026-04-11 09:31:28.184487+01	2026-04-14 01:53:22.739118+01	900000.00
AS201647	24	YOUMBI EMMANUEL	PROFESSEUR DES UNIVERSITES	677547311		MENDONG (GUINNESS)	\N	\N	ACTIF				2026-04-11 09:31:28.377189+01	2026-04-14 01:53:22.740605+01	900000.00
AS201649	26	MBOGNING TUGMA GUY	TECHNICIEN D'ELEVAGE	694452000		NSIMEYONG	\N	\N	ACTIF				2026-04-11 09:31:28.567434+01	2026-04-14 01:53:22.742898+01	900000.00
ASELBY	4400						\N	\N	INACTIF				2026-04-13 16:58:46.098464+01	2026-04-14 01:53:22.70047+01	0.00
AS201608	5	DJUOMBESSY ANTOINE	ANALYSTE CONCEPTEUR SI	677501239		MESSASSI	\N	2024-05-01	ACTIF				2026-04-11 09:31:25.014508+01	2026-04-14 01:53:22.71184+01	900000.00
AS201609	6	DONHOU DAVID	MAGISTRAT	699908065		TONGOLO	\N	2024-07-01	ACTIF				2026-04-11 09:31:25.197402+01	2026-04-14 01:53:22.713336+01	900000.00
AS201610	7	FOTSO THOMAS	CADRE BANQUE	677910278		OYOMABANG	\N	\N	ACTIF				2026-04-13 16:58:46.110714+01	2026-04-14 01:53:22.714812+01	0.00
AS201638	19	SIMO PIERRE	TECHNICIEN DE SANTE RETRAITE	677546060		OYOMABANG	\N	\N	ACTIF				2026-04-11 09:31:27.432314+01	2026-04-14 01:53:22.733002+01	0.00
AS201651	27	DOMOU FABIEN		677911165			\N	\N	ACTIF				2026-04-11 09:31:28.758086+01	2026-04-14 01:53:22.744381+01	900000.00
AS201653	28	SIME BRICE					\N	\N	ACTIF				2026-04-11 09:31:28.944052+01	2026-04-14 01:53:22.745854+01	900000.00
AS201654	29	DJOMOU TCHAPDA					\N	2023-04-01	ACTIF				2026-04-11 09:31:29.13163+01	2026-04-14 01:53:22.747309+01	900000.00
AS201656	30	NOUBE ETIENNE					\N	\N	ACTIF				2026-04-11 09:31:29.324777+01	2026-04-14 01:53:22.748795+01	900000.00
AS201657	31	SEUMO POLYCARPE		696585118			\N	\N	ACTIF				2026-04-11 09:31:29.516733+01	2026-04-14 01:53:22.750234+01	900000.00
AS201658	32	YANTCHOU GERVAIS		696585018			\N	\N	ACTIF				2026-04-11 09:31:29.70659+01	2026-04-14 01:53:22.751717+01	900000.00
AS201629	33	SIMO FONGANG ERIC					\N	\N	ACTIF				2026-04-11 09:31:29.903087+01	2026-04-14 01:53:22.753204+01	0.00
AS201659	34	YIALA ALAIN OSCAR					\N	\N	ACTIF				2026-04-11 09:31:30.09319+01	2026-04-14 01:53:22.754699+01	900000.00
AS201660	35	TCHOUATEU AUGUSTIN					\N	\N	ACTIF				2026-04-11 09:31:30.284153+01	2026-04-14 01:53:22.756261+01	900000.00
AS201661	36	MASSEUNGOUE DAGOBERT					\N	\N	ACTIF				2026-04-11 09:31:30.477162+01	2026-04-14 01:53:22.757758+01	900000.00
AS201662	37	TIEYAM ERNEST	INGENIEUR ELECTRONICIEN	677508603		BASTOS	\N	\N	ACTIF				2026-04-11 09:31:30.668106+01	2026-04-14 01:53:22.759226+01	0.00
AS201663	38	FAMPOU PAUL					\N	\N	ACTIF				2026-04-11 09:31:30.861901+01	2026-04-14 01:53:22.760683+01	900000.00
\.


--
-- Data for Name: auth_group; Type: TABLE DATA; Schema: public; Owner: postgres
--

COPY public.auth_group (id, name) FROM stdin;
\.


--
-- Data for Name: auth_group_permissions; Type: TABLE DATA; Schema: public; Owner: postgres
--

COPY public.auth_group_permissions (id, group_id, permission_id) FROM stdin;
\.


--
-- Data for Name: auth_permission; Type: TABLE DATA; Schema: public; Owner: postgres
--

COPY public.auth_permission (id, name, content_type_id, codename) FROM stdin;
1	Can add log entry	1	add_logentry
2	Can change log entry	1	change_logentry
3	Can delete log entry	1	delete_logentry
4	Can view log entry	1	view_logentry
5	Can add permission	2	add_permission
6	Can change permission	2	change_permission
7	Can delete permission	2	delete_permission
8	Can view permission	2	view_permission
9	Can add group	3	add_group
10	Can change group	3	change_group
11	Can delete group	3	delete_group
12	Can view group	3	view_group
13	Can add content type	4	add_contenttype
14	Can change content type	4	change_contenttype
15	Can delete content type	4	delete_contenttype
16	Can view content type	4	view_contenttype
17	Can add session	5	add_session
18	Can change session	5	change_session
19	Can delete session	5	delete_session
20	Can view session	5	view_session
21	Can add Utilisateur	6	add_utilisateur
22	Can change Utilisateur	6	change_utilisateur
23	Can delete Utilisateur	6	delete_utilisateur
24	Can view Utilisateur	6	view_utilisateur
25	Can add Configuration exercice	7	add_configexercice
26	Can change Configuration exercice	7	change_configexercice
27	Can delete Configuration exercice	7	delete_configexercice
28	Can view Configuration exercice	7	view_configexercice
29	Can add Autre dépense	8	add_autredepense
30	Can change Autre dépense	8	change_autredepense
31	Can delete Autre dépense	8	delete_autredepense
32	Can view Autre dépense	8	view_autredepense
33	Can add Dépense collation	9	add_depensecollation
34	Can change Dépense collation	9	change_depensecollation
35	Can delete Dépense collation	9	delete_depensecollation
36	Can view Dépense collation	9	view_depensecollation
37	Can add Dépense fonds de roulement	10	add_depensefondsroulement
38	Can change Dépense fonds de roulement	10	change_depensefondsroulement
39	Can delete Dépense fonds de roulement	10	delete_depensefondsroulement
40	Can view Dépense fonds de roulement	10	view_depensefondsroulement
41	Can add Dépense foyer	11	add_depensefoyer
42	Can change Dépense foyer	11	change_depensefoyer
43	Can delete Dépense foyer	11	delete_depensefoyer
44	Can view Dépense foyer	11	view_depensefoyer
45	Can add Dépense frais exceptionnels	12	add_depensefraisexceptionnels
46	Can change Dépense frais exceptionnels	12	change_depensefraisexceptionnels
47	Can delete Dépense frais exceptionnels	12	delete_depensefraisexceptionnels
48	Can view Dépense frais exceptionnels	12	view_depensefraisexceptionnels
49	Can add Agio bancaire	13	add_agiobancaire
50	Can change Agio bancaire	13	change_agiobancaire
51	Can delete Agio bancaire	13	delete_agiobancaire
52	Can view Agio bancaire	13	view_agiobancaire
53	Can add Adhérent	14	add_adherent
54	Can change Adhérent	14	change_adherent
55	Can delete Adhérent	14	delete_adherent
56	Can view Adhérent	14	view_adherent
57	Can add Niveau tontine	15	add_niveautontine
58	Can change Niveau tontine	15	change_niveautontine
59	Can delete Niveau tontine	15	delete_niveautontine
60	Can view Niveau tontine	15	view_niveautontine
61	Can add Session tontine	16	add_sessiontontine
62	Can change Session tontine	16	change_sessiontontine
63	Can delete Session tontine	16	delete_sessiontontine
64	Can view Session tontine	16	view_sessiontontine
65	Can add Participation tontine	17	add_participationtontine
66	Can change Participation tontine	17	change_participationtontine
67	Can delete Participation tontine	17	delete_participationtontine
68	Can view Participation tontine	17	view_participationtontine
69	Can add Mouvement fonds	18	add_mouvementfonds
70	Can change Mouvement fonds	18	change_mouvementfonds
71	Can delete Mouvement fonds	18	delete_mouvementfonds
72	Can view Mouvement fonds	18	view_mouvementfonds
73	Can add reserve mensuelle	19	add_reservemensuelle
74	Can change reserve mensuelle	19	change_reservemensuelle
75	Can delete reserve mensuelle	19	delete_reservemensuelle
76	Can view reserve mensuelle	19	view_reservemensuelle
77	Can add Tableau de bord mensuel	20	add_tableaudebord
78	Can change Tableau de bord mensuel	20	change_tableaudebord
79	Can delete Tableau de bord mensuel	20	delete_tableaudebord
80	Can view Tableau de bord mensuel	20	view_tableaudebord
81	Can add Prêt	21	add_pret
82	Can change Prêt	21	change_pret
83	Can delete Prêt	21	delete_pret
84	Can view Prêt	21	view_pret
85	Can add Remboursement	22	add_remboursementpret
86	Can change Remboursement	22	change_remboursementpret
87	Can delete Remboursement	22	delete_remboursementpret
88	Can view Remboursement	22	view_remboursementpret
89	Can add Aide mutuelle	23	add_aidemutuelle
90	Can change Aide mutuelle	23	change_aidemutuelle
91	Can delete Aide mutuelle	23	delete_aidemutuelle
92	Can view Aide mutuelle	23	view_aidemutuelle
93	Can add Cotisation mutuelle	24	add_cotisationmutuelle
94	Can change Cotisation mutuelle	24	change_cotisationmutuelle
95	Can delete Cotisation mutuelle	24	delete_cotisationmutuelle
96	Can view Cotisation mutuelle	24	view_cotisationmutuelle
97	Can add Contribution foyer	25	add_contributionfoyer
98	Can change Contribution foyer	25	change_contributionfoyer
99	Can delete Contribution foyer	25	delete_contributionfoyer
100	Can view Contribution foyer	25	view_contributionfoyer
101	Can add Chèque	26	add_cheque
102	Can change Chèque	26	change_cheque
103	Can delete Chèque	26	delete_cheque
104	Can view Chèque	26	view_cheque
105	Can add Historique bancaire	27	add_historiquebancaire
106	Can change Historique bancaire	27	change_historiquebancaire
107	Can delete Historique bancaire	27	delete_historiquebancaire
108	Can view Historique bancaire	27	view_historiquebancaire
109	Can add synthese compte	28	add_synthesecompte
110	Can change synthese compte	28	change_synthesecompte
111	Can delete synthese compte	28	delete_synthesecompte
112	Can view synthese compte	28	view_synthesecompte
113	Can add Fiche de cassation	29	add_fichecassation
114	Can change Fiche de cassation	29	change_fichecassation
115	Can delete Fiche de cassation	29	delete_fichecassation
116	Can view Fiche de cassation	29	view_fichecassation
117	Can add Liste rouge	30	add_listerouge
118	Can change Liste rouge	30	change_listerouge
119	Can delete Liste rouge	30	delete_listerouge
120	Can view Liste rouge	30	view_listerouge
121	Can add remboursement dette	31	add_remboursementdette
122	Can change remboursement dette	31	change_remboursementdette
123	Can delete remboursement dette	31	delete_remboursementdette
124	Can view remboursement dette	31	view_remboursementdette
125	Can add Activité	32	add_activite
126	Can change Activité	32	change_activite
127	Can delete Activité	32	delete_activite
128	Can view Activité	32	view_activite
129	Can add Annonce	33	add_annonce
130	Can change Annonce	33	change_annonce
131	Can delete Annonce	33	delete_annonce
132	Can view Annonce	33	view_annonce
133	Can add Contact	34	add_contact
134	Can change Contact	34	change_contact
135	Can delete Contact	34	delete_contact
136	Can view Contact	34	view_contact
137	Can add FAQ	35	add_faq
138	Can change FAQ	35	change_faq
139	Can delete FAQ	35	delete_faq
140	Can view FAQ	35	view_faq
\.


--
-- Data for Name: banque_cheque; Type: TABLE DATA; Schema: public; Owner: postgres
--

COPY public.banque_cheque (id, mois, annee, numero, montant, affectation, adherent_id, config_exercice_id) FROM stdin;
1	1	2026	CHQ-202601-AS201601	60000.00	Versement mensuel 1/2026	AS201601	4
2	1	2026	CHQ-202601-AS201602	135000.00	Versement mensuel 1/2026	AS201602	4
3	1	2026	CHQ-202601-AS201604	140000.00	Versement mensuel 1/2026	AS201604	4
4	1	2026	CHQ-202601-AS201608	360000.00	Versement mensuel 1/2026	AS201608	4
5	1	2026	CHQ-202601-AS201609	60000.00	Versement mensuel 1/2026	AS201609	4
6	1	2026	CHQ-202601-AS201610	60000.00	Versement mensuel 1/2026	AS201610	4
7	1	2026	CHQ-202601-AS201611	135000.00	Versement mensuel 1/2026	AS201611	4
8	1	2026	CHQ-202601-AS201613	160000.00	Versement mensuel 1/2026	AS201613	4
9	1	2026	CHQ-202601-AS201617	160000.00	Versement mensuel 1/2026	AS201617	4
10	1	2026	CHQ-202601-AS201619	220000.00	Versement mensuel 1/2026	AS201619	4
11	1	2026	CHQ-202601-AS201621	135000.00	Versement mensuel 1/2026	AS201621	4
12	1	2026	CHQ-202601-AS201622	60000.00	Versement mensuel 1/2026	AS201622	4
13	1	2026	CHQ-202601-AS201624	240000.00	Versement mensuel 1/2026	AS201624	4
14	1	2026	CHQ-202601-AS201626	335000.00	Versement mensuel 1/2026	AS201626	4
15	1	2026	CHQ-202601-AS201633	135000.00	Versement mensuel 1/2026	AS201633	4
16	1	2026	CHQ-202601-AS201641	135000.00	Versement mensuel 1/2026	AS201641	4
17	1	2026	CHQ-202601-AS201643	60000.00	Versement mensuel 1/2026	AS201643	4
18	1	2026	CHQ-202601-AS201647	235000.00	Versement mensuel 1/2026	AS201647	4
19	1	2026	CHQ-202601-AS201648	250000.00	Versement mensuel 1/2026	AS201648	4
20	1	2026	CHQ-202601-AS201651	60000.00	Versement mensuel 1/2026	AS201651	4
21	1	2026	CHQ-202601-AS201653	260000.00	Versement mensuel 1/2026	AS201653	4
22	1	2026	CHQ-202601-AS201654	60000.00	Versement mensuel 1/2026	AS201654	4
23	1	2026	CHQ-202601-AS201656	60000.00	Versement mensuel 1/2026	AS201656	4
24	1	2026	CHQ-202601-AS201657	60000.00	Versement mensuel 1/2026	AS201657	4
25	1	2026	CHQ-202601-AS201658	135000.00	Versement mensuel 1/2026	AS201658	4
26	1	2026	CHQ-202601-AS201629	160000.00	Versement mensuel 1/2026	AS201629	4
27	1	2026	CHQ-202601-AS201660	160000.00	Versement mensuel 1/2026	AS201660	4
28	1	2026	CHQ-202601-AS201661	60000.00	Versement mensuel 1/2026	AS201661	4
29	1	2026	CHQ-202601-AS201662	60000.00	Versement mensuel 1/2026	AS201662	4
30	2	2026	CHQ-202602-AS201602	135000.00	Versement mensuel 2/2026	AS201602	4
31	2	2026	CHQ-202602-AS201605	160000.00	Versement mensuel 2/2026	AS201605	4
32	2	2026	CHQ-202602-AS201608	370000.00	Versement mensuel 2/2026	AS201608	4
33	2	2026	CHQ-202602-AS201610	60000.00	Versement mensuel 2/2026	AS201610	4
34	2	2026	CHQ-202602-AS201611	135000.00	Versement mensuel 2/2026	AS201611	4
35	2	2026	CHQ-202602-AS201613	160000.00	Versement mensuel 2/2026	AS201613	4
36	2	2026	CHQ-202602-AS201617	160000.00	Versement mensuel 2/2026	AS201617	4
37	2	2026	CHQ-202602-AS201620	60000.00	Versement mensuel 2/2026	AS201620	4
38	2	2026	CHQ-202602-AS201621	135000.00	Versement mensuel 2/2026	AS201621	4
39	2	2026	CHQ-202602-AS201622	270000.00	Versement mensuel 2/2026	AS201622	4
40	2	2026	CHQ-202602-AS201626	335000.00	Versement mensuel 2/2026	AS201626	4
41	2	2026	CHQ-202602-AS201628	60000.00	Versement mensuel 2/2026	AS201628	4
42	2	2026	CHQ-202602-AS201633	135000.00	Versement mensuel 2/2026	AS201633	4
43	2	2026	CHQ-202602-AS201639	60000.00	Versement mensuel 2/2026	AS201639	4
44	2	2026	CHQ-202602-AS201641	140000.00	Versement mensuel 2/2026	AS201641	4
45	2	2026	CHQ-202602-AS201643	60000.00	Versement mensuel 2/2026	AS201643	4
46	2	2026	CHQ-202602-AS201646	60000.00	Versement mensuel 2/2026	AS201646	4
47	2	2026	CHQ-202602-AS201647	235000.00	Versement mensuel 2/2026	AS201647	4
48	2	2026	CHQ-202602-AS201648	250000.00	Versement mensuel 2/2026	AS201648	4
49	2	2026	CHQ-202602-AS201649	571000.00	Versement mensuel 2/2026	AS201649	4
50	2	2026	CHQ-202602-AS201651	60000.00	Versement mensuel 2/2026	AS201651	4
51	2	2026	CHQ-202602-AS201653	260000.00	Versement mensuel 2/2026	AS201653	4
52	2	2026	CHQ-202602-AS201656	60000.00	Versement mensuel 2/2026	AS201656	4
53	2	2026	CHQ-202602-AS201657	60000.00	Versement mensuel 2/2026	AS201657	4
54	2	2026	CHQ-202602-AS201658	135000.00	Versement mensuel 2/2026	AS201658	4
55	2	2026	CHQ-202602-AS201629	60000.00	Versement mensuel 2/2026	AS201629	4
56	2	2026	CHQ-202602-AS201659	462000.00	Versement mensuel 2/2026	AS201659	4
57	2	2026	CHQ-202602-AS201660	160000.00	Versement mensuel 2/2026	AS201660	4
58	2	2026	CHQ-202602-AS201661	60000.00	Versement mensuel 2/2026	AS201661	4
59	2	2026	CHQ-202602-AS201663	60000.00	Versement mensuel 2/2026	AS201663	4
60	3	2026	CHQ-202603-AS201601	60000.00	Versement mensuel 3/2026	AS201601	4
61	3	2026	CHQ-202603-AS201602	135000.00	Versement mensuel 3/2026	AS201602	4
62	3	2026	CHQ-202603-AS201604	100000.00	Versement mensuel 3/2026	AS201604	4
63	3	2026	CHQ-202603-AS201605	308500.00	Versement mensuel 3/2026	AS201605	4
64	3	2026	CHQ-202603-AS201608	900000.00	Versement mensuel 3/2026	AS201608	4
65	3	2026	CHQ-202603-AS201611	135000.00	Versement mensuel 3/2026	AS201611	4
66	3	2026	CHQ-202603-AS201613	160000.00	Versement mensuel 3/2026	AS201613	4
67	3	2026	CHQ-202603-AS201620	60000.00	Versement mensuel 3/2026	AS201620	4
68	3	2026	CHQ-202603-AS201621	130000.00	Versement mensuel 3/2026	AS201621	4
69	3	2026	CHQ-202603-AS201622	270000.00	Versement mensuel 3/2026	AS201622	4
70	3	2026	CHQ-202603-AS201624	240000.00	Versement mensuel 3/2026	AS201624	4
71	3	2026	CHQ-202603-AS201626	440000.00	Versement mensuel 3/2026	AS201626	4
72	3	2026	CHQ-202603-AS201628	60000.00	Versement mensuel 3/2026	AS201628	4
73	3	2026	CHQ-202603-AS201633	135000.00	Versement mensuel 3/2026	AS201633	4
74	3	2026	CHQ-202603-AS201639	60000.00	Versement mensuel 3/2026	AS201639	4
75	3	2026	CHQ-202603-AS201641	140000.00	Versement mensuel 3/2026	AS201641	4
76	3	2026	CHQ-202603-AS201643	60000.00	Versement mensuel 3/2026	AS201643	4
77	3	2026	CHQ-202603-AS201646	60000.00	Versement mensuel 3/2026	AS201646	4
78	3	2026	CHQ-202603-AS201647	235000.00	Versement mensuel 3/2026	AS201647	4
79	3	2026	CHQ-202603-AS201648	250000.00	Versement mensuel 3/2026	AS201648	4
80	3	2026	CHQ-202603-AS201649	400000.00	Versement mensuel 3/2026	AS201649	4
81	3	2026	CHQ-202603-AS201651	60000.00	Versement mensuel 3/2026	AS201651	4
82	3	2026	CHQ-202603-AS201653	260000.00	Versement mensuel 3/2026	AS201653	4
83	3	2026	CHQ-202603-AS201654	60000.00	Versement mensuel 3/2026	AS201654	4
84	3	2026	CHQ-202603-AS201656	60000.00	Versement mensuel 3/2026	AS201656	4
85	3	2026	CHQ-202603-AS201658	237000.00	Versement mensuel 3/2026	AS201658	4
86	3	2026	CHQ-202603-AS201659	101500.00	Versement mensuel 3/2026	AS201659	4
87	3	2026	CHQ-202603-AS201660	160000.00	Versement mensuel 3/2026	AS201660	4
88	3	2026	CHQ-202603-AS201661	60000.00	Versement mensuel 3/2026	AS201661	4
89	3	2026	CHQ-202603-AS201663	60000.00	Versement mensuel 3/2026	AS201663	4
90	1	2025	CHQ-202501-AS201602	125000.00	Versement mensuel 1/2025	AS201602	3
91	1	2025	CHQ-202501-AS201604	250000.00	Versement mensuel 1/2025	AS201604	3
92	1	2025	CHQ-202501-AS201605	150000.00	Versement mensuel 1/2025	AS201605	3
93	1	2025	CHQ-202501-AS201608	260000.00	Versement mensuel 1/2025	AS201608	3
94	1	2025	CHQ-202501-AS201609	50000.00	Versement mensuel 1/2025	AS201609	3
95	1	2025	CHQ-202501-AS201611	125000.00	Versement mensuel 1/2025	AS201611	3
96	1	2025	CHQ-202501-AS201613	250000.00	Versement mensuel 1/2025	AS201613	3
97	1	2025	CHQ-202501-AS201617	150000.00	Versement mensuel 1/2025	AS201617	3
98	1	2025	CHQ-202501-AS201619	235000.00	Versement mensuel 1/2025	AS201619	3
99	1	2025	CHQ-202501-AS201621	125000.00	Versement mensuel 1/2025	AS201621	3
100	1	2025	CHQ-202501-AS201622	260000.00	Versement mensuel 1/2025	AS201622	3
101	1	2025	CHQ-202501-AS201624	240000.00	Versement mensuel 1/2025	AS201624	3
102	1	2025	CHQ-202501-AS201626	225000.00	Versement mensuel 1/2025	AS201626	3
103	1	2025	CHQ-202501-AS201628	50000.00	Versement mensuel 1/2025	AS201628	3
104	1	2025	CHQ-202501-AS201633	125000.00	Versement mensuel 1/2025	AS201633	3
105	1	2025	CHQ-202501-AS201638	150000.00	Versement mensuel 1/2025	AS201638	3
106	1	2025	CHQ-202501-AS201639	50000.00	Versement mensuel 1/2025	AS201639	3
107	1	2025	CHQ-202501-AS201641	125000.00	Versement mensuel 1/2025	AS201641	3
108	1	2025	CHQ-202501-AS201643	50000.00	Versement mensuel 1/2025	AS201643	3
109	1	2025	CHQ-202501-AS201647	225000.00	Versement mensuel 1/2025	AS201647	3
110	1	2025	CHQ-202501-AS201648	250000.00	Versement mensuel 1/2025	AS201648	3
111	1	2025	CHQ-202501-AS201649	325000.00	Versement mensuel 1/2025	AS201649	3
112	1	2025	CHQ-202501-AS201651	50000.00	Versement mensuel 1/2025	AS201651	3
113	1	2025	CHQ-202501-AS201653	250000.00	Versement mensuel 1/2025	AS201653	3
114	1	2025	CHQ-202501-AS201656	50000.00	Versement mensuel 1/2025	AS201656	3
115	1	2025	CHQ-202501-AS201657	50000.00	Versement mensuel 1/2025	AS201657	3
116	1	2025	CHQ-202501-AS201658	100000.00	Versement mensuel 1/2025	AS201658	3
117	1	2025	CHQ-202501-AS201629	50000.00	Versement mensuel 1/2025	AS201629	3
118	1	2025	CHQ-202501-AS201659	250000.00	Versement mensuel 1/2025	AS201659	3
119	1	2025	CHQ-202501-AS201660	150000.00	Versement mensuel 1/2025	AS201660	3
120	1	2025	CHQ-202501-AS201661	650000.00	Versement mensuel 1/2025	AS201661	3
121	2	2025	CHQ-202502-AS201602	125000.00	Versement mensuel 2/2025	AS201602	3
122	2	2025	CHQ-202502-AS201604	250000.00	Versement mensuel 2/2025	AS201604	3
123	2	2025	CHQ-202502-AS201605	150375.00	Versement mensuel 2/2025	AS201605	3
124	2	2025	CHQ-202502-AS201608	910000.00	Versement mensuel 2/2025	AS201608	3
125	2	2025	CHQ-202502-AS201609	50000.00	Versement mensuel 2/2025	AS201609	3
126	2	2025	CHQ-202502-AS201611	125000.00	Versement mensuel 2/2025	AS201611	3
127	2	2025	CHQ-202502-AS201613	260000.00	Versement mensuel 2/2025	AS201613	3
128	2	2025	CHQ-202502-AS201617	150000.00	Versement mensuel 2/2025	AS201617	3
129	2	2025	CHQ-202502-AS201619	310000.00	Versement mensuel 2/2025	AS201619	3
130	2	2025	CHQ-202502-AS201621	125000.00	Versement mensuel 2/2025	AS201621	3
131	2	2025	CHQ-202502-AS201622	260000.00	Versement mensuel 2/2025	AS201622	3
132	2	2025	CHQ-202502-AS201624	240000.00	Versement mensuel 2/2025	AS201624	3
133	2	2025	CHQ-202502-AS201626	225000.00	Versement mensuel 2/2025	AS201626	3
134	2	2025	CHQ-202502-AS201628	100000.00	Versement mensuel 2/2025	AS201628	3
135	2	2025	CHQ-202502-AS201633	125000.00	Versement mensuel 2/2025	AS201633	3
136	2	2025	CHQ-202502-AS201638	150000.00	Versement mensuel 2/2025	AS201638	3
137	2	2025	CHQ-202502-AS201639	50000.00	Versement mensuel 2/2025	AS201639	3
138	2	2025	CHQ-202502-AS201641	125000.00	Versement mensuel 2/2025	AS201641	3
139	2	2025	CHQ-202502-AS201643	50000.00	Versement mensuel 2/2025	AS201643	3
140	2	2025	CHQ-202502-AS201647	225000.00	Versement mensuel 2/2025	AS201647	3
141	2	2025	CHQ-202502-AS201648	250000.00	Versement mensuel 2/2025	AS201648	3
142	2	2025	CHQ-202502-AS201649	325000.00	Versement mensuel 2/2025	AS201649	3
143	2	2025	CHQ-202502-AS201651	50000.00	Versement mensuel 2/2025	AS201651	3
144	2	2025	CHQ-202502-AS201653	250000.00	Versement mensuel 2/2025	AS201653	3
145	2	2025	CHQ-202502-AS201654	50000.00	Versement mensuel 2/2025	AS201654	3
146	2	2025	CHQ-202502-AS201656	50000.00	Versement mensuel 2/2025	AS201656	3
147	2	2025	CHQ-202502-AS201657	50000.00	Versement mensuel 2/2025	AS201657	3
148	2	2025	CHQ-202502-AS201658	125000.00	Versement mensuel 2/2025	AS201658	3
149	2	2025	CHQ-202502-AS201629	50000.00	Versement mensuel 2/2025	AS201629	3
150	2	2025	CHQ-202502-AS201659	250000.00	Versement mensuel 2/2025	AS201659	3
151	2	2025	CHQ-202502-AS201660	150000.00	Versement mensuel 2/2025	AS201660	3
152	2	2025	CHQ-202502-AS201661	50000.00	Versement mensuel 2/2025	AS201661	3
153	3	2025	CHQ-202503-AS201602	228000.00	Versement mensuel 3/2025	AS201602	3
154	3	2025	CHQ-202503-AS201604	457500.00	Versement mensuel 3/2025	AS201604	3
155	3	2025	CHQ-202503-AS201605	150000.00	Versement mensuel 3/2025	AS201605	3
156	3	2025	CHQ-202503-AS201608	260000.00	Versement mensuel 3/2025	AS201608	3
157	3	2025	CHQ-202503-AS201609	50000.00	Versement mensuel 3/2025	AS201609	3
158	3	2025	CHQ-202503-AS201611	1275000.00	Versement mensuel 3/2025	AS201611	3
159	3	2025	CHQ-202503-AS201613	250000.00	Versement mensuel 3/2025	AS201613	3
160	3	2025	CHQ-202503-AS201617	150000.00	Versement mensuel 3/2025	AS201617	3
161	3	2025	CHQ-202503-AS201619	291000.00	Versement mensuel 3/2025	AS201619	3
162	3	2025	CHQ-202503-AS201621	125000.00	Versement mensuel 3/2025	AS201621	3
163	3	2025	CHQ-202503-AS201622	361000.00	Versement mensuel 3/2025	AS201622	3
164	3	2025	CHQ-202503-AS201624	240000.00	Versement mensuel 3/2025	AS201624	3
165	3	2025	CHQ-202503-AS201626	450000.00	Versement mensuel 3/2025	AS201626	3
166	3	2025	CHQ-202503-AS201628	122000.00	Versement mensuel 3/2025	AS201628	3
167	3	2025	CHQ-202503-AS201633	125000.00	Versement mensuel 3/2025	AS201633	3
168	3	2025	CHQ-202503-AS201638	150000.00	Versement mensuel 3/2025	AS201638	3
169	3	2025	CHQ-202503-AS201639	50000.00	Versement mensuel 3/2025	AS201639	3
170	3	2025	CHQ-202503-AS201641	125000.00	Versement mensuel 3/2025	AS201641	3
171	3	2025	CHQ-202503-AS201643	50000.00	Versement mensuel 3/2025	AS201643	3
172	3	2025	CHQ-202503-AS201646	50000.00	Versement mensuel 3/2025	AS201646	3
173	3	2025	CHQ-202503-AS201647	725000.00	Versement mensuel 3/2025	AS201647	3
174	3	2025	CHQ-202503-AS201648	250000.00	Versement mensuel 3/2025	AS201648	3
175	3	2025	CHQ-202503-AS201649	376000.00	Versement mensuel 3/2025	AS201649	3
176	3	2025	CHQ-202503-AS201651	50000.00	Versement mensuel 3/2025	AS201651	3
177	3	2025	CHQ-202503-AS201654	100500.00	Versement mensuel 3/2025	AS201654	3
178	3	2025	CHQ-202503-AS201656	50000.00	Versement mensuel 3/2025	AS201656	3
179	3	2025	CHQ-202503-AS201657	91000.00	Versement mensuel 3/2025	AS201657	3
180	3	2025	CHQ-202503-AS201658	130000.00	Versement mensuel 3/2025	AS201658	3
181	3	2025	CHQ-202503-AS201629	50000.00	Versement mensuel 3/2025	AS201629	3
182	3	2025	CHQ-202503-AS201660	150000.00	Versement mensuel 3/2025	AS201660	3
183	3	2025	CHQ-202503-AS201661	50000.00	Versement mensuel 3/2025	AS201661	3
184	3	2025	CHQ-202503-AS201663	376000.00	Versement mensuel 3/2025	AS201663	3
185	4	2025	CHQ-202504-AS201602	125000.00	Versement mensuel 4/2025	AS201602	3
186	4	2025	CHQ-202504-AS201605	50000.00	Versement mensuel 4/2025	AS201605	3
187	4	2025	CHQ-202504-AS201608	260000.00	Versement mensuel 4/2025	AS201608	3
188	4	2025	CHQ-202504-AS201609	50000.00	Versement mensuel 4/2025	AS201609	3
189	4	2025	CHQ-202504-AS201611	125000.00	Versement mensuel 4/2025	AS201611	3
190	4	2025	CHQ-202504-AS201613	220000.00	Versement mensuel 4/2025	AS201613	3
191	4	2025	CHQ-202504-AS201617	150000.00	Versement mensuel 4/2025	AS201617	3
192	4	2025	CHQ-202504-AS201619	150000.00	Versement mensuel 4/2025	AS201619	3
193	4	2025	CHQ-202504-AS201621	125000.00	Versement mensuel 4/2025	AS201621	3
194	4	2025	CHQ-202504-AS201622	260000.00	Versement mensuel 4/2025	AS201622	3
195	4	2025	CHQ-202504-AS201624	240000.00	Versement mensuel 4/2025	AS201624	3
196	4	2025	CHQ-202504-AS201626	300000.00	Versement mensuel 4/2025	AS201626	3
197	4	2025	CHQ-202504-AS201628	50000.00	Versement mensuel 4/2025	AS201628	3
198	4	2025	CHQ-202504-AS201633	125000.00	Versement mensuel 4/2025	AS201633	3
199	4	2025	CHQ-202504-AS201638	100000.00	Versement mensuel 4/2025	AS201638	3
200	4	2025	CHQ-202504-AS201639	50000.00	Versement mensuel 4/2025	AS201639	3
201	4	2025	CHQ-202504-AS201641	125000.00	Versement mensuel 4/2025	AS201641	3
202	4	2025	CHQ-202504-AS201643	50000.00	Versement mensuel 4/2025	AS201643	3
203	4	2025	CHQ-202504-AS201647	225000.00	Versement mensuel 4/2025	AS201647	3
204	4	2025	CHQ-202504-AS201648	250000.00	Versement mensuel 4/2025	AS201648	3
205	4	2025	CHQ-202504-AS201649	325000.00	Versement mensuel 4/2025	AS201649	3
206	4	2025	CHQ-202504-AS201651	50000.00	Versement mensuel 4/2025	AS201651	3
207	4	2025	CHQ-202504-AS201653	250000.00	Versement mensuel 4/2025	AS201653	3
208	4	2025	CHQ-202504-AS201654	50000.00	Versement mensuel 4/2025	AS201654	3
209	4	2025	CHQ-202504-AS201656	50000.00	Versement mensuel 4/2025	AS201656	3
210	4	2025	CHQ-202504-AS201657	50000.00	Versement mensuel 4/2025	AS201657	3
211	4	2025	CHQ-202504-AS201658	125000.00	Versement mensuel 4/2025	AS201658	3
212	4	2025	CHQ-202504-AS201660	150000.00	Versement mensuel 4/2025	AS201660	3
213	4	2025	CHQ-202504-AS201661	50000.00	Versement mensuel 4/2025	AS201661	3
214	4	2025	CHQ-202504-AS201663	150000.00	Versement mensuel 4/2025	AS201663	3
215	5	2025	CHQ-202505-AS201601	100000.00	Versement mensuel 5/2025	AS201601	3
216	5	2025	CHQ-202505-AS201602	125000.00	Versement mensuel 5/2025	AS201602	3
217	5	2025	CHQ-202505-AS201604	250000.00	Versement mensuel 5/2025	AS201604	3
218	5	2025	CHQ-202505-AS201605	150000.00	Versement mensuel 5/2025	AS201605	3
219	5	2025	CHQ-202505-AS201608	260000.00	Versement mensuel 5/2025	AS201608	3
220	5	2025	CHQ-202505-AS201609	50000.00	Versement mensuel 5/2025	AS201609	3
221	5	2025	CHQ-202505-AS201611	125000.00	Versement mensuel 5/2025	AS201611	3
222	5	2025	CHQ-202505-AS201613	250000.00	Versement mensuel 5/2025	AS201613	3
223	5	2025	CHQ-202505-AS201617	150000.00	Versement mensuel 5/2025	AS201617	3
224	5	2025	CHQ-202505-AS201619	298500.00	Versement mensuel 5/2025	AS201619	3
225	5	2025	CHQ-202505-AS201621	125000.00	Versement mensuel 5/2025	AS201621	3
226	5	2025	CHQ-202505-AS201622	260000.00	Versement mensuel 5/2025	AS201622	3
227	5	2025	CHQ-202505-AS201624	240000.00	Versement mensuel 5/2025	AS201624	3
228	5	2025	CHQ-202505-AS201626	250000.00	Versement mensuel 5/2025	AS201626	3
229	5	2025	CHQ-202505-AS201628	345000.00	Versement mensuel 5/2025	AS201628	3
230	5	2025	CHQ-202505-AS201633	125000.00	Versement mensuel 5/2025	AS201633	3
231	5	2025	CHQ-202505-AS201638	150000.00	Versement mensuel 5/2025	AS201638	3
232	5	2025	CHQ-202505-AS201641	125000.00	Versement mensuel 5/2025	AS201641	3
233	5	2025	CHQ-202505-AS201643	50000.00	Versement mensuel 5/2025	AS201643	3
234	5	2025	CHQ-202505-AS201646	50000.00	Versement mensuel 5/2025	AS201646	3
235	5	2025	CHQ-202505-AS201647	225000.00	Versement mensuel 5/2025	AS201647	3
236	5	2025	CHQ-202505-AS201648	250000.00	Versement mensuel 5/2025	AS201648	3
237	5	2025	CHQ-202505-AS201649	325000.00	Versement mensuel 5/2025	AS201649	3
238	5	2025	CHQ-202505-AS201651	50000.00	Versement mensuel 5/2025	AS201651	3
239	5	2025	CHQ-202505-AS201653	250000.00	Versement mensuel 5/2025	AS201653	3
240	5	2025	CHQ-202505-AS201654	81000.00	Versement mensuel 5/2025	AS201654	3
241	5	2025	CHQ-202505-AS201656	50000.00	Versement mensuel 5/2025	AS201656	3
242	5	2025	CHQ-202505-AS201657	50000.00	Versement mensuel 5/2025	AS201657	3
243	5	2025	CHQ-202505-AS201658	125000.00	Versement mensuel 5/2025	AS201658	3
244	5	2025	CHQ-202505-AS201659	250000.00	Versement mensuel 5/2025	AS201659	3
245	5	2025	CHQ-202505-AS201660	150000.00	Versement mensuel 5/2025	AS201660	3
246	5	2025	CHQ-202505-AS201661	50000.00	Versement mensuel 5/2025	AS201661	3
247	5	2025	CHQ-202505-AS201663	150000.00	Versement mensuel 5/2025	AS201663	3
248	6	2025	CHQ-202506-AS201602	125000.00	Versement mensuel 6/2025	AS201602	3
249	6	2025	CHQ-202506-AS201605	251000.00	Versement mensuel 6/2025	AS201605	3
250	6	2025	CHQ-202506-AS201608	315000.00	Versement mensuel 6/2025	AS201608	3
251	6	2025	CHQ-202506-AS201609	50000.00	Versement mensuel 6/2025	AS201609	3
252	6	2025	CHQ-202506-AS201611	125000.00	Versement mensuel 6/2025	AS201611	3
253	6	2025	CHQ-202506-AS201613	301000.00	Versement mensuel 6/2025	AS201613	3
254	6	2025	CHQ-202506-AS201617	150000.00	Versement mensuel 6/2025	AS201617	3
255	6	2025	CHQ-202506-AS201619	235000.00	Versement mensuel 6/2025	AS201619	3
256	6	2025	CHQ-202506-AS201621	125000.00	Versement mensuel 6/2025	AS201621	3
257	6	2025	CHQ-202506-AS201622	260000.00	Versement mensuel 6/2025	AS201622	3
258	6	2025	CHQ-202506-AS201624	240000.00	Versement mensuel 6/2025	AS201624	3
259	6	2025	CHQ-202506-AS201626	450000.00	Versement mensuel 6/2025	AS201626	3
260	6	2025	CHQ-202506-AS201633	125000.00	Versement mensuel 6/2025	AS201633	3
261	6	2025	CHQ-202506-AS201638	181000.00	Versement mensuel 6/2025	AS201638	3
262	6	2025	CHQ-202506-AS201639	50000.00	Versement mensuel 6/2025	AS201639	3
263	6	2025	CHQ-202506-AS201641	125000.00	Versement mensuel 6/2025	AS201641	3
264	6	2025	CHQ-202506-AS201643	50000.00	Versement mensuel 6/2025	AS201643	3
265	6	2025	CHQ-202506-AS201647	225000.00	Versement mensuel 6/2025	AS201647	3
266	6	2025	CHQ-202506-AS201648	250000.00	Versement mensuel 6/2025	AS201648	3
267	6	2025	CHQ-202506-AS201649	628000.00	Versement mensuel 6/2025	AS201649	3
268	6	2025	CHQ-202506-AS201651	50000.00	Versement mensuel 6/2025	AS201651	3
269	6	2025	CHQ-202506-AS201653	250000.00	Versement mensuel 6/2025	AS201653	3
270	6	2025	CHQ-202506-AS201654	81000.00	Versement mensuel 6/2025	AS201654	3
271	6	2025	CHQ-202506-AS201656	50000.00	Versement mensuel 6/2025	AS201656	3
272	6	2025	CHQ-202506-AS201657	50000.00	Versement mensuel 6/2025	AS201657	3
273	6	2025	CHQ-202506-AS201658	227000.00	Versement mensuel 6/2025	AS201658	3
274	6	2025	CHQ-202506-AS201660	150000.00	Versement mensuel 6/2025	AS201660	3
275	6	2025	CHQ-202506-AS201661	50000.00	Versement mensuel 6/2025	AS201661	3
276	6	2025	CHQ-202506-AS201663	150000.00	Versement mensuel 6/2025	AS201663	3
277	7	2025	CHQ-202507-AS201602	125000.00	Versement mensuel 7/2025	AS201602	3
278	7	2025	CHQ-202507-AS201605	290000.00	Versement mensuel 7/2025	AS201605	3
279	7	2025	CHQ-202507-AS201608	466500.00	Versement mensuel 7/2025	AS201608	3
280	7	2025	CHQ-202507-AS201609	50000.00	Versement mensuel 7/2025	AS201609	3
281	7	2025	CHQ-202507-AS201611	125000.00	Versement mensuel 7/2025	AS201611	3
282	7	2025	CHQ-202507-AS201613	342000.00	Versement mensuel 7/2025	AS201613	3
283	7	2025	CHQ-202507-AS201617	180000.00	Versement mensuel 7/2025	AS201617	3
284	7	2025	CHQ-202507-AS201619	376000.00	Versement mensuel 7/2025	AS201619	3
285	7	2025	CHQ-202507-AS201621	125000.00	Versement mensuel 7/2025	AS201621	3
286	7	2025	CHQ-202507-AS201622	481500.00	Versement mensuel 7/2025	AS201622	3
287	7	2025	CHQ-202507-AS201624	240000.00	Versement mensuel 7/2025	AS201624	3
288	7	2025	CHQ-202507-AS201626	343000.00	Versement mensuel 7/2025	AS201626	3
289	7	2025	CHQ-202507-AS201628	50000.00	Versement mensuel 7/2025	AS201628	3
290	7	2025	CHQ-202507-AS201633	125000.00	Versement mensuel 7/2025	AS201633	3
291	7	2025	CHQ-202507-AS201638	175000.00	Versement mensuel 7/2025	AS201638	3
292	7	2025	CHQ-202507-AS201639	50000.00	Versement mensuel 7/2025	AS201639	3
293	7	2025	CHQ-202507-AS201641	227000.00	Versement mensuel 7/2025	AS201641	3
294	7	2025	CHQ-202507-AS201643	50000.00	Versement mensuel 7/2025	AS201643	3
295	7	2025	CHQ-202507-AS201646	50000.00	Versement mensuel 7/2025	AS201646	3
296	7	2025	CHQ-202507-AS201647	225000.00	Versement mensuel 7/2025	AS201647	3
297	7	2025	CHQ-202507-AS201648	250000.00	Versement mensuel 7/2025	AS201648	3
298	7	2025	CHQ-202507-AS201649	530000.00	Versement mensuel 7/2025	AS201649	3
299	7	2025	CHQ-202507-AS201651	50000.00	Versement mensuel 7/2025	AS201651	3
300	7	2025	CHQ-202507-AS201653	250000.00	Versement mensuel 7/2025	AS201653	3
301	7	2025	CHQ-202507-AS201654	50000.00	Versement mensuel 7/2025	AS201654	3
302	7	2025	CHQ-202507-AS201656	50000.00	Versement mensuel 7/2025	AS201656	3
303	7	2025	CHQ-202507-AS201657	50000.00	Versement mensuel 7/2025	AS201657	3
304	7	2025	CHQ-202507-AS201658	125000.00	Versement mensuel 7/2025	AS201658	3
305	7	2025	CHQ-202507-AS201659	250000.00	Versement mensuel 7/2025	AS201659	3
306	7	2025	CHQ-202507-AS201660	150000.00	Versement mensuel 7/2025	AS201660	3
307	7	2025	CHQ-202507-AS201661	75000.00	Versement mensuel 7/2025	AS201661	3
308	7	2025	CHQ-202507-AS201663	150000.00	Versement mensuel 7/2025	AS201663	3
309	8	2025	CHQ-202508-AS201602	125000.00	Versement mensuel 8/2025	AS201602	3
310	8	2025	CHQ-202508-AS201605	400000.00	Versement mensuel 8/2025	AS201605	3
311	8	2025	CHQ-202508-AS201608	529500.00	Versement mensuel 8/2025	AS201608	3
312	8	2025	CHQ-202508-AS201609	50000.00	Versement mensuel 8/2025	AS201609	3
313	8	2025	CHQ-202508-AS201611	125000.00	Versement mensuel 8/2025	AS201611	3
314	8	2025	CHQ-202508-AS201613	250000.00	Versement mensuel 8/2025	AS201613	3
315	8	2025	CHQ-202508-AS201617	150000.00	Versement mensuel 8/2025	AS201617	3
316	8	2025	CHQ-202508-AS201619	370000.00	Versement mensuel 8/2025	AS201619	3
317	8	2025	CHQ-202508-AS201621	125000.00	Versement mensuel 8/2025	AS201621	3
318	8	2025	CHQ-202508-AS201622	466000.00	Versement mensuel 8/2025	AS201622	3
319	8	2025	CHQ-202508-AS201624	365000.00	Versement mensuel 8/2025	AS201624	3
320	8	2025	CHQ-202508-AS201626	320000.00	Versement mensuel 8/2025	AS201626	3
321	8	2025	CHQ-202508-AS201628	50000.00	Versement mensuel 8/2025	AS201628	3
322	8	2025	CHQ-202508-AS201633	125000.00	Versement mensuel 8/2025	AS201633	3
323	8	2025	CHQ-202508-AS201638	185000.00	Versement mensuel 8/2025	AS201638	3
324	8	2025	CHQ-202508-AS201639	50000.00	Versement mensuel 8/2025	AS201639	3
325	8	2025	CHQ-202508-AS201641	227000.00	Versement mensuel 8/2025	AS201641	3
326	8	2025	CHQ-202508-AS201643	50000.00	Versement mensuel 8/2025	AS201643	3
327	8	2025	CHQ-202508-AS201646	50000.00	Versement mensuel 8/2025	AS201646	3
328	8	2025	CHQ-202508-AS201647	225000.00	Versement mensuel 8/2025	AS201647	3
329	8	2025	CHQ-202508-AS201648	250000.00	Versement mensuel 8/2025	AS201648	3
330	8	2025	CHQ-202508-AS201649	634500.00	Versement mensuel 8/2025	AS201649	3
331	8	2025	CHQ-202508-AS201651	50000.00	Versement mensuel 8/2025	AS201651	3
332	8	2025	CHQ-202508-AS201653	250000.00	Versement mensuel 8/2025	AS201653	3
333	8	2025	CHQ-202508-AS201654	77000.00	Versement mensuel 8/2025	AS201654	3
334	8	2025	CHQ-202508-AS201656	50000.00	Versement mensuel 8/2025	AS201656	3
335	8	2025	CHQ-202508-AS201657	50000.00	Versement mensuel 8/2025	AS201657	3
336	8	2025	CHQ-202508-AS201658	125000.00	Versement mensuel 8/2025	AS201658	3
337	8	2025	CHQ-202508-AS201660	150000.00	Versement mensuel 8/2025	AS201660	3
338	8	2025	CHQ-202508-AS201661	50000.00	Versement mensuel 8/2025	AS201661	3
339	8	2025	CHQ-202508-AS201662	50000.00	Versement mensuel 8/2025	AS201662	3
340	8	2025	CHQ-202508-AS201663	251000.00	Versement mensuel 8/2025	AS201663	3
341	9	2025	CHQ-202509-AS201602	125000.00	Versement mensuel 9/2025	AS201602	3
342	9	2025	CHQ-202509-AS201605	150000.00	Versement mensuel 9/2025	AS201605	3
343	9	2025	CHQ-202509-AS201608	361000.00	Versement mensuel 9/2025	AS201608	3
344	9	2025	CHQ-202509-AS201609	50000.00	Versement mensuel 9/2025	AS201609	3
345	9	2025	CHQ-202509-AS201611	125000.00	Versement mensuel 9/2025	AS201611	3
346	9	2025	CHQ-202509-AS201613	484000.00	Versement mensuel 9/2025	AS201613	3
347	9	2025	CHQ-202509-AS201617	150000.00	Versement mensuel 9/2025	AS201617	3
348	9	2025	CHQ-202509-AS201619	641000.00	Versement mensuel 9/2025	AS201619	3
349	9	2025	CHQ-202509-AS201621	125000.00	Versement mensuel 9/2025	AS201621	3
350	9	2025	CHQ-202509-AS201622	462000.00	Versement mensuel 9/2025	AS201622	3
351	9	2025	CHQ-202509-AS201624	52500.00	Versement mensuel 9/2025	AS201624	3
352	9	2025	CHQ-202509-AS201626	350000.00	Versement mensuel 9/2025	AS201626	3
353	9	2025	CHQ-202509-AS201628	50000.00	Versement mensuel 9/2025	AS201628	3
354	9	2025	CHQ-202509-AS201633	125000.00	Versement mensuel 9/2025	AS201633	3
355	9	2025	CHQ-202509-AS201639	50000.00	Versement mensuel 9/2025	AS201639	3
356	9	2025	CHQ-202509-AS201641	327000.00	Versement mensuel 9/2025	AS201641	3
357	9	2025	CHQ-202509-AS201643	50000.00	Versement mensuel 9/2025	AS201643	3
358	9	2025	CHQ-202509-AS201646	50000.00	Versement mensuel 9/2025	AS201646	3
359	9	2025	CHQ-202509-AS201647	225000.00	Versement mensuel 9/2025	AS201647	3
360	9	2025	CHQ-202509-AS201648	250000.00	Versement mensuel 9/2025	AS201648	3
361	9	2025	CHQ-202509-AS201649	471000.00	Versement mensuel 9/2025	AS201649	3
362	9	2025	CHQ-202509-AS201651	50000.00	Versement mensuel 9/2025	AS201651	3
363	9	2025	CHQ-202509-AS201653	250000.00	Versement mensuel 9/2025	AS201653	3
364	9	2025	CHQ-202509-AS201654	50000.00	Versement mensuel 9/2025	AS201654	3
365	9	2025	CHQ-202509-AS201656	50000.00	Versement mensuel 9/2025	AS201656	3
366	9	2025	CHQ-202509-AS201657	50000.00	Versement mensuel 9/2025	AS201657	3
367	9	2025	CHQ-202509-AS201658	232000.00	Versement mensuel 9/2025	AS201658	3
368	9	2025	CHQ-202509-AS201629	50000.00	Versement mensuel 9/2025	AS201629	3
369	9	2025	CHQ-202509-AS201659	250000.00	Versement mensuel 9/2025	AS201659	3
370	9	2025	CHQ-202509-AS201660	150000.00	Versement mensuel 9/2025	AS201660	3
371	9	2025	CHQ-202509-AS201661	50000.00	Versement mensuel 9/2025	AS201661	3
372	9	2025	CHQ-202509-AS201662	50000.00	Versement mensuel 9/2025	AS201662	3
373	9	2025	CHQ-202509-AS201663	150000.00	Versement mensuel 9/2025	AS201663	3
374	10	2025	CHQ-202510-AS201602	125000.00	Versement mensuel 10/2025	AS201602	3
375	10	2025	CHQ-202510-AS201605	150000.00	Versement mensuel 10/2025	AS201605	3
376	10	2025	CHQ-202510-AS201608	1125000.00	Versement mensuel 10/2025	AS201608	3
377	10	2025	CHQ-202510-AS201609	50000.00	Versement mensuel 10/2025	AS201609	3
378	10	2025	CHQ-202510-AS201611	125000.00	Versement mensuel 10/2025	AS201611	3
379	10	2025	CHQ-202510-AS201613	351500.00	Versement mensuel 10/2025	AS201613	3
380	10	2025	CHQ-202510-AS201617	100000.00	Versement mensuel 10/2025	AS201617	3
381	10	2025	CHQ-202510-AS201621	125000.00	Versement mensuel 10/2025	AS201621	3
382	10	2025	CHQ-202510-AS201622	275000.00	Versement mensuel 10/2025	AS201622	3
383	10	2025	CHQ-202510-AS201624	240000.00	Versement mensuel 10/2025	AS201624	3
384	10	2025	CHQ-202510-AS201626	460000.00	Versement mensuel 10/2025	AS201626	3
385	10	2025	CHQ-202510-AS201628	50000.00	Versement mensuel 10/2025	AS201628	3
386	10	2025	CHQ-202510-AS201633	125000.00	Versement mensuel 10/2025	AS201633	3
387	10	2025	CHQ-202510-AS201639	50000.00	Versement mensuel 10/2025	AS201639	3
388	10	2025	CHQ-202510-AS201641	125000.00	Versement mensuel 10/2025	AS201641	3
389	10	2025	CHQ-202510-AS201643	50000.00	Versement mensuel 10/2025	AS201643	3
390	10	2025	CHQ-202510-AS201646	50000.00	Versement mensuel 10/2025	AS201646	3
391	10	2025	CHQ-202510-AS201647	225000.00	Versement mensuel 10/2025	AS201647	3
392	10	2025	CHQ-202510-AS201648	250000.00	Versement mensuel 10/2025	AS201648	3
393	10	2025	CHQ-202510-AS201649	428500.00	Versement mensuel 10/2025	AS201649	3
394	10	2025	CHQ-202510-AS201651	50000.00	Versement mensuel 10/2025	AS201651	3
395	10	2025	CHQ-202510-AS201653	250000.00	Versement mensuel 10/2025	AS201653	3
396	10	2025	CHQ-202510-AS201654	50000.00	Versement mensuel 10/2025	AS201654	3
397	10	2025	CHQ-202510-AS201656	50000.00	Versement mensuel 10/2025	AS201656	3
398	10	2025	CHQ-202510-AS201657	50000.00	Versement mensuel 10/2025	AS201657	3
399	10	2025	CHQ-202510-AS201658	125000.00	Versement mensuel 10/2025	AS201658	3
400	10	2025	CHQ-202510-AS201629	50000.00	Versement mensuel 10/2025	AS201629	3
401	10	2025	CHQ-202510-AS201660	150000.00	Versement mensuel 10/2025	AS201660	3
402	10	2025	CHQ-202510-AS201661	50000.00	Versement mensuel 10/2025	AS201661	3
403	10	2025	CHQ-202510-AS201663	150000.00	Versement mensuel 10/2025	AS201663	3
404	11	2025	CHQ-202511-AS201602	378000.00	Versement mensuel 11/2025	AS201602	3
405	11	2025	CHQ-202511-AS201604	100000.00	Versement mensuel 11/2025	AS201604	3
406	11	2025	CHQ-202511-AS201605	150000.00	Versement mensuel 11/2025	AS201605	3
407	11	2025	CHQ-202511-AS201608	600000.00	Versement mensuel 11/2025	AS201608	3
408	11	2025	CHQ-202511-AS201609	50000.00	Versement mensuel 11/2025	AS201609	3
409	11	2025	CHQ-202511-AS201611	125000.00	Versement mensuel 11/2025	AS201611	3
410	11	2025	CHQ-202511-AS201613	395500.00	Versement mensuel 11/2025	AS201613	3
411	11	2025	CHQ-202511-AS201619	335000.00	Versement mensuel 11/2025	AS201619	3
412	11	2025	CHQ-202511-AS201621	125000.00	Versement mensuel 11/2025	AS201621	3
413	11	2025	CHQ-202511-AS201622	362500.00	Versement mensuel 11/2025	AS201622	3
414	11	2025	CHQ-202511-AS201624	240000.00	Versement mensuel 11/2025	AS201624	3
415	11	2025	CHQ-202511-AS201626	410500.00	Versement mensuel 11/2025	AS201626	3
416	11	2025	CHQ-202511-AS201628	100500.00	Versement mensuel 11/2025	AS201628	3
417	11	2025	CHQ-202511-AS201633	125000.00	Versement mensuel 11/2025	AS201633	3
418	11	2025	CHQ-202511-AS201639	50000.00	Versement mensuel 11/2025	AS201639	3
419	11	2025	CHQ-202511-AS201641	277000.00	Versement mensuel 11/2025	AS201641	3
420	11	2025	CHQ-202511-AS201643	50000.00	Versement mensuel 11/2025	AS201643	3
421	11	2025	CHQ-202511-AS201646	50000.00	Versement mensuel 11/2025	AS201646	3
422	11	2025	CHQ-202511-AS201647	225000.00	Versement mensuel 11/2025	AS201647	3
423	11	2025	CHQ-202511-AS201648	250000.00	Versement mensuel 11/2025	AS201648	3
424	11	2025	CHQ-202511-AS201649	784400.00	Versement mensuel 11/2025	AS201649	3
425	11	2025	CHQ-202511-AS201651	50000.00	Versement mensuel 11/2025	AS201651	3
426	11	2025	CHQ-202511-AS201653	508000.00	Versement mensuel 11/2025	AS201653	3
427	11	2025	CHQ-202511-AS201654	101000.00	Versement mensuel 11/2025	AS201654	3
428	11	2025	CHQ-202511-AS201656	50000.00	Versement mensuel 11/2025	AS201656	3
429	11	2025	CHQ-202511-AS201657	50000.00	Versement mensuel 11/2025	AS201657	3
430	11	2025	CHQ-202511-AS201658	125000.00	Versement mensuel 11/2025	AS201658	3
431	11	2025	CHQ-202511-AS201660	150000.00	Versement mensuel 11/2025	AS201660	3
432	11	2025	CHQ-202511-AS201661	50000.00	Versement mensuel 11/2025	AS201661	3
433	11	2025	CHQ-202511-AS201663	150000.00	Versement mensuel 11/2025	AS201663	3
434	12	2025	CHQ-202512-AS201602	125000.00	Versement mensuel 12/2025	AS201602	3
435	12	2025	CHQ-202512-AS201608	260000.00	Versement mensuel 12/2025	AS201608	3
436	12	2025	CHQ-202512-AS201611	125000.00	Versement mensuel 12/2025	AS201611	3
437	12	2025	CHQ-202512-AS201613	250000.00	Versement mensuel 12/2025	AS201613	3
438	12	2025	CHQ-202512-AS201617	250000.00	Versement mensuel 12/2025	AS201617	3
439	12	2025	CHQ-202512-AS201619	208000.00	Versement mensuel 12/2025	AS201619	3
440	12	2025	CHQ-202512-AS201621	125000.00	Versement mensuel 12/2025	AS201621	3
441	12	2025	CHQ-202512-AS201622	760000.00	Versement mensuel 12/2025	AS201622	3
442	12	2025	CHQ-202512-AS201624	1550000.00	Versement mensuel 12/2025	AS201624	3
443	12	2025	CHQ-202512-AS201626	450000.00	Versement mensuel 12/2025	AS201626	3
444	12	2025	CHQ-202512-AS201628	51500.00	Versement mensuel 12/2025	AS201628	3
445	12	2025	CHQ-202512-AS201633	125000.00	Versement mensuel 12/2025	AS201633	3
446	12	2025	CHQ-202512-AS201641	125000.00	Versement mensuel 12/2025	AS201641	3
447	12	2025	CHQ-202512-AS201643	50000.00	Versement mensuel 12/2025	AS201643	3
448	12	2025	CHQ-202512-AS201647	225000.00	Versement mensuel 12/2025	AS201647	3
449	12	2025	CHQ-202512-AS201648	250000.00	Versement mensuel 12/2025	AS201648	3
450	12	2025	CHQ-202512-AS201651	50000.00	Versement mensuel 12/2025	AS201651	3
451	12	2025	CHQ-202512-AS201653	250000.00	Versement mensuel 12/2025	AS201653	3
452	12	2025	CHQ-202512-AS201654	70000.00	Versement mensuel 12/2025	AS201654	3
453	12	2025	CHQ-202512-AS201656	300000.00	Versement mensuel 12/2025	AS201656	3
454	12	2025	CHQ-202512-AS201657	110000.00	Versement mensuel 12/2025	AS201657	3
455	12	2025	CHQ-202512-AS201658	232500.00	Versement mensuel 12/2025	AS201658	3
456	12	2025	CHQ-202512-AS201629	50000.00	Versement mensuel 12/2025	AS201629	3
457	12	2025	CHQ-202512-AS201660	1150000.00	Versement mensuel 12/2025	AS201660	3
458	12	2025	CHQ-202512-AS201661	50000.00	Versement mensuel 12/2025	AS201661	3
459	12	2025	CHQ-202512-AS201662	50000.00	Versement mensuel 12/2025	AS201662	3
460	12	2025	CHQ-202512-AS201663	150000.00	Versement mensuel 12/2025	AS201663	3
\.


--
-- Data for Name: banque_historiquebancaire; Type: TABLE DATA; Schema: public; Owner: postgres
--

COPY public.banque_historiquebancaire (id, mois, annee, versement_tontine, versement_especes, versement_banque, autre_versement, montant_engagement, agio, adherent_id, config_exercice_id) FROM stdin;
\.


--
-- Data for Name: dettes_listerouge; Type: TABLE DATA; Schema: public; Owner: postgres
--

COPY public.dettes_listerouge (id, date_entree, motif, montant_dette, montant_garantie, est_solde, date_solde, adherent_id, config_exercice_id) FROM stdin;
51	2026-04-14	FONDS LIQUIDE	1132500.00	560421.00	f	\N	LR201648	4
52	2026-04-14	FONDS LIQUIDE	2518500.00	2518500.00	t	\N	LR201601	4
53	2026-04-14	FONDS LIQUIDE	1667000.00	1667000.00	t	\N	LR201602	4
54	2026-04-14	FONDS LIQUIDE	1553000.00	1706468.00	t	\N	LR201604	4
55	2026-04-14	FONDS LIQUIDE	319855.00	76050.00	f	\N	LR201654	4
56	2026-04-14	FONDS LIQUIDE	763899.37	335000.00	f	\N	LR201605	4
57	2026-04-14	FONDS LIQUIDE	996118.00	500000.00	f	\N	LR201608	4
58	2026-04-14	FONDS LIQUIDE	1011250.00	227500.00	f	\N	LR201651	4
59	2026-04-14	FONDS LIQUIDE	51453.70	127454.00	t	\N	LR201609	4
\.


--
-- Data for Name: dettes_remboursementdette; Type: TABLE DATA; Schema: public; Owner: postgres
--

COPY public.dettes_remboursementdette (id, date, montant, observations, liste_rouge_id) FROM stdin;
\.


--
-- Data for Name: django_admin_log; Type: TABLE DATA; Schema: public; Owner: postgres
--

COPY public.django_admin_log (id, action_time, object_id, object_repr, action_flag, change_message, content_type_id, user_id) FROM stdin;
\.


--
-- Data for Name: django_content_type; Type: TABLE DATA; Schema: public; Owner: postgres
--

COPY public.django_content_type (id, app_label, model) FROM stdin;
1	admin	logentry
2	auth	permission
3	auth	group
4	contenttypes	contenttype
5	sessions	session
6	users	utilisateur
7	parametrage	configexercice
8	parametrage	autredepense
9	parametrage	depensecollation
10	parametrage	depensefondsroulement
11	parametrage	depensefoyer
12	parametrage	depensefraisexceptionnels
13	parametrage	agiobancaire
14	adherents	adherent
15	tontines	niveautontine
16	tontines	sessiontontine
17	tontines	participationtontine
18	fonds	mouvementfonds
19	fonds	reservemensuelle
20	saisie	tableaudebord
21	prets	pret
22	prets	remboursementpret
23	mutuelle	aidemutuelle
24	mutuelle	cotisationmutuelle
25	foyer	contributionfoyer
26	banque	cheque
27	banque	historiquebancaire
28	exercice	synthesecompte
29	exercice	fichecassation
30	dettes	listerouge
31	dettes	remboursementdette
32	public	activite
33	public	annonce
34	public	contact
35	public	faq
\.


--
-- Data for Name: django_migrations; Type: TABLE DATA; Schema: public; Owner: postgres
--

COPY public.django_migrations (id, app, name, applied) FROM stdin;
1	adherents	0001_initial	2026-04-08 08:12:21.795699+01
2	contenttypes	0001_initial	2026-04-08 08:12:21.803338+01
3	contenttypes	0002_remove_content_type_name	2026-04-08 08:12:21.809306+01
4	auth	0001_initial	2026-04-08 08:12:21.841534+01
5	auth	0002_alter_permission_name_max_length	2026-04-08 08:12:21.845669+01
6	auth	0003_alter_user_email_max_length	2026-04-08 08:12:21.849913+01
7	auth	0004_alter_user_username_opts	2026-04-08 08:12:21.854595+01
8	auth	0005_alter_user_last_login_null	2026-04-08 08:12:21.858591+01
9	auth	0006_require_contenttypes_0002	2026-04-08 08:12:21.859962+01
10	auth	0007_alter_validators_add_error_messages	2026-04-08 08:12:21.863729+01
11	auth	0008_alter_user_username_max_length	2026-04-08 08:12:21.868647+01
12	auth	0009_alter_user_last_name_max_length	2026-04-08 08:12:21.87273+01
13	auth	0010_alter_group_name_max_length	2026-04-08 08:12:21.880393+01
14	auth	0011_update_proxy_permissions	2026-04-08 08:12:21.88688+01
15	auth	0012_alter_user_first_name_max_length	2026-04-08 08:12:21.893949+01
16	users	0001_initial	2026-04-08 08:12:21.948271+01
17	admin	0001_initial	2026-04-08 08:12:21.969999+01
18	admin	0002_logentry_remove_auto_add	2026-04-08 08:12:21.976786+01
19	admin	0003_logentry_add_action_flag_choices	2026-04-08 08:12:21.982435+01
20	parametrage	0001_initial	2026-04-08 08:12:22.048351+01
21	banque	0001_initial	2026-04-08 08:12:22.08374+01
22	dettes	0001_initial	2026-04-08 08:12:22.122512+01
23	exercice	0001_initial	2026-04-08 08:12:22.166528+01
24	fonds	0001_initial	2026-04-08 08:12:22.2066+01
25	foyer	0001_initial	2026-04-08 08:12:22.231736+01
26	mutuelle	0001_initial	2026-04-08 08:12:22.288586+01
27	prets	0001_initial	2026-04-08 08:12:22.333807+01
28	public	0001_initial	2026-04-08 08:12:22.355567+01
29	public	0002_initial	2026-04-08 08:12:22.374933+01
30	saisie	0001_initial	2026-04-08 08:12:22.4109+01
31	sessions	0001_initial	2026-04-08 08:12:22.421458+01
32	tontines	0001_initial	2026-04-08 08:12:22.495578+01
33	adherents	0002_adherent_capital_depart_exercice	2026-04-12 14:44:17.786782+01
34	exercice	0002_synthesecompte_autres_disponibilites_and_more	2026-04-12 14:44:18.018932+01
35	saisie	0002_tableaudebord_penalite_especes_appliquee	2026-04-12 14:44:18.032383+01
\.


--
-- Data for Name: django_session; Type: TABLE DATA; Schema: public; Owner: postgres
--

COPY public.django_session (session_key, session_data, expire_date) FROM stdin;
fnzl7v6d94jj8ypk7b2maemlwd4gztcd	.eJxVjMsOwiAQRf-FtSE8ZKAu3fcbyMBMpWogKe3K-O_apAvd3nPOfYmI21ri1nmJM4mL0OL0uyXMD647oDvWW5O51XWZk9wVedAux0b8vB7u30HBXr61Dc7nFBCnYSDr0bIC8BwMZOXPjpGyTgjeOAgTZHQWAhNoUCYQGxLvD-VMN-U:1wBv99:yIWPRP0mIsGhGiFUd8t5E3xhLXXP78xEP6lyk0AhMOI	2026-04-12 22:46:43.064408+01
7gtd34uuo2m341mcrjrlcunrdqb8sedg	.eJxVjEEOwiAQRe_C2hDIFKa4dO8ZyDCDUjWQlHbVeHdt0oVu_3vvbyrSupS49jzHSdRZeXX63RLxM9cdyIPqvWludZmnpHdFH7Tra5P8uhzu30GhXr61HQFE_Gg8DwMQGRIWw0SE1lEaxHMGhIDI3gQTXELn8AbZWeZAoN4f7Gk3-g:1wCSOh:mt99E7limGwU_QPB9xKjRkQtnYCgJrgdTQrdgsOUJ-4	2026-04-14 10:16:59.503391+01
\.


--
-- Data for Name: exercice_fichecassation; Type: TABLE DATA; Schema: public; Owner: postgres
--

COPY public.exercice_fichecassation (id, fonds_caisse, repartition_interets, epargne_cumulee, repartition_penalites, repartition_collation, sanctions, complement_mutuelle, complement_fonds, dette_pret, dons_foyer, montant_percu, montant_percu_especes, montant_percu_cheque, reconduction, nouveau_fonds, est_validee, date_calcul, adherent_id, config_exercice_id) FROM stdin;
483	0.00	82902.00	80000.00	0.00	0.00	0.00	0.00	0.00	0.00	0.00	0.00	0.00	0.00	1023134.00	1186036.00	t	2026-04-14 01:52:48.410274+01	AS201648	3
484	800000.00	68535.00	223000.00	0.00	0.00	0.00	30000.00	100000.00	1000000.00	100000.00	80000.00	80000.00	0.00	18598.00	900000.00	t	2026-04-14 01:52:48.412086+01	AS201601	3
485	800000.00	77823.00	228000.00	0.00	0.00	0.00	30000.00	100000.00	500000.00	0.00	250000.00	250000.00	0.00	132669.00	900000.00	t	2026-04-14 01:52:48.41383+01	AS201602	3
486	800000.00	67612.00	228000.00	0.00	0.00	5000.00	30000.00	100000.00	1000000.00	0.00	0.00	0.00	0.00	6643.00	900000.00	t	2026-04-14 01:52:48.415495+01	AS201604	3
487	800000.00	67876.00	235500.00	0.00	0.00	0.00	30000.00	100000.00	1000000.00	100000.00	70000.00	70000.00	0.00	7246.00	900000.00	t	2026-04-14 01:52:48.417186+01	AS201654	3
488	800000.00	68550.00	478375.00	0.00	0.00	0.00	30000.00	100000.00	1000000.00	41000.00	400000.00	400000.00	0.00	6032.00	900000.00	t	2026-04-14 01:52:48.418898+01	AS201605	3
489	800000.00	85054.00	1208500.00	0.00	0.00	0.00	30000.00	100000.00	1000000.00	100000.00	400000.00	0.00	400000.00	14486.00	900000.00	t	2026-04-14 01:52:48.420587+01	AS201608	3
490	800000.00	67590.00	228000.00	0.00	0.00	0.00	30000.00	100000.00	0.00	0.00	170000.00	170000.00	0.00	6365.00	900000.00	t	2026-04-14 01:52:48.422315+01	AS201651	3
491	800000.00	123976.00	225000.00	0.00	0.00	0.00	30000.00	100000.00	0.00	0.00	0.00	0.00	0.00	702391.00	900000.00	t	2026-04-14 01:52:48.423922+01	AS201609	3
492	0.00	3119.00	1027000.00	0.00	0.00	0.00	30000.00	900000.00	0.00	0.00	60000.00	60000.00	0.00	0.00	900000.00	t	2026-04-14 01:52:48.425602+01	AS201663	3
493	800000.00	67538.00	249000.00	0.00	0.00	0.00	30000.00	100000.00	0.00	0.00	0.00	0.00	0.00	7143.00	900000.00	t	2026-04-14 01:52:48.427267+01	AS201611	3
494	800000.00	71266.00	512500.00	0.00	0.00	0.00	30000.00	100000.00	400000.00	300000.00	150000.00	150000.00	0.00	6301.00	900000.00	t	2026-04-14 01:52:48.428862+01	AS201613	3
495	800000.00	67588.00	225000.00	0.00	0.00	0.00	30000.00	100000.00	500000.00	0.00	25000.00	25000.00	0.00	6353.00	900000.00	t	2026-04-14 01:52:48.430511+01	AS201617	3
496	800000.00	68999.00	333500.00	0.00	0.00	0.00	30000.00	100000.00	1000000.00	0.00	0.00	0.00	0.00	9944.00	900000.00	t	2026-04-14 01:52:48.432157+01	AS201619	3
497	0.00	7128.00	500000.00	0.00	0.00	0.00	50000.00	900000.00	0.00	0.00	0.00	0.00	0.00	676217.00	900000.00	t	2026-04-14 01:52:48.433835+01	AS201620	3
498	0.00	27363.00	828000.00	0.00	0.00	0.00	30000.00	100000.00	0.00	50000.00	50000.00	50000.00	0.00	198625.00	900000.00	t	2026-04-14 01:52:48.435408+01	AS201661	3
499	800000.00	67774.00	232900.00	0.00	0.00	0.00	30000.00	100000.00	1000000.00	50000.00	100000.00	100000.00	0.00	8501.00	900000.00	t	2026-04-14 01:52:48.437007+01	AS201649	3
500	800000.00	67707.00	228000.00	0.00	0.00	0.00	30000.00	100000.00	0.00	0.00	100000.00	100000.00	0.00	7819.00	900000.00	t	2026-04-14 01:52:48.438612+01	AS201639	3
501	800000.00	94250.00	686500.00	0.00	0.00	0.00	30000.00	100000.00	900000.00	0.00	0.00	0.00	0.00	249258.00	900000.00	t	2026-04-14 01:52:48.44017+01	AS201621	3
502	800000.00	89015.00	348000.00	0.00	0.00	0.00	30000.00	100000.00	500000.00	100000.00	300000.00	300000.00	0.00	256158.00	900000.00	t	2026-04-14 01:52:48.441868+01	AS201622	3
503	800000.00	97473.00	407000.00	0.00	0.00	0.00	30000.00	100000.00	1000000.00	100000.00	25000.00	25000.00	0.00	353356.00	900000.00	t	2026-04-14 01:52:48.443506+01	AS201624	3
504	800000.00	67616.00	215000.00	0.00	0.00	0.00	30000.00	100000.00	1000000.00	250000.00	90000.00	90000.00	0.00	9175.00	900000.00	t	2026-04-14 01:52:48.445164+01	AS201626	3
505	800000.00	68118.00	235000.00	0.00	0.00	0.00	30000.00	100000.00	1000000.00	50000.00	130000.00	130000.00	0.00	10531.00	900000.00	t	2026-04-14 01:52:48.446842+01	AS201628	3
506	800000.00	65684.00	228000.00	0.00	0.00	0.00	30000.00	100000.00	0.00	25000.00	70000.00	70000.00	0.00	-17159.00	900000.00	t	2026-04-14 01:52:48.448465+01	AS201656	3
507	800000.00	77878.00	228000.00	0.00	0.00	0.00	30000.00	100000.00	0.00	300000.00	0.00	0.00	0.00	133342.00	900000.00	t	2026-04-14 01:52:48.450116+01	AS201633	3
508	800000.00	66266.00	229000.00	0.00	0.00	0.00	30000.00	100000.00	900000.00	25000.00	30000.00	30000.00	0.00	-9977.00	900000.00	t	2026-04-14 01:52:48.45188+01	AS201657	3
509	800000.00	73483.00	228000.00	0.00	0.00	0.00	30000.00	100000.00	1000000.00	250000.00	0.00	0.00	0.00	79106.00	900000.00	t	2026-04-14 01:52:48.453532+01	AS201653	3
510	0.00	0.00	520500.00	0.00	0.00	0.00	30000.00	0.00	0.00	0.00	0.00	0.00	0.00	153468.00	0.00	t	2026-04-14 01:52:48.455268+01	AS201629	3
511	800000.00	70753.00	215000.00	0.00	0.00	0.00	0.00	0.00	500000.00	0.00	0.00	0.00	0.00	46691.00	0.00	t	2026-04-14 01:52:48.456902+01	AS201638	3
512	800000.00	67564.00	228000.00	0.00	0.00	0.00	30000.00	100000.00	1000000.00	25000.00	140000.00	140000.00	0.00	6050.00	900000.00	t	2026-04-14 01:52:48.45856+01	AS201641	3
513	800000.00	66799.00	228000.00	0.00	0.00	0.00	30000.00	100000.00	1000000.00	0.00	160000.00	160000.00	0.00	-3392.00	900000.00	t	2026-04-14 01:52:48.460214+01	AS201660	3
514	0.00	0.00	442500.00	0.00	0.00	0.00	30000.00	900000.00	0.00	0.00	0.00	0.00	0.00	487750.00	900000.00	t	2026-04-14 01:52:48.461913+01	AS201643	3
515	0.00	0.00	507500.00	0.00	0.00	0.00	0.00	0.00	0.00	0.00	0.00	0.00	0.00	0.00	0.00	t	2026-04-14 01:52:48.463561+01	AS201662	3
516	800000.00	64571.00	238000.00	0.00	0.00	0.00	30000.00	100000.00	500000.00	50000.00	50000.00	50000.00	0.00	-32497.00	900000.00	t	2026-04-14 01:52:48.465244+01	AS201658	3
517	800000.00	126907.00	219000.00	0.00	0.00	0.00	30000.00	100000.00	0.00	0.00	0.00	0.00	0.00	739643.00	900000.00	t	2026-04-14 01:52:48.466904+01	AS201646	3
518	800000.00	67093.00	228000.00	0.00	0.00	0.00	30000.00	100000.00	0.00	100000.00	70000.00	70000.00	0.00	241.00	900000.00	t	2026-04-14 01:52:48.468592+01	AS201659	3
519	800000.00	172130.00	228000.00	0.00	0.00	0.00	30000.00	100000.00	0.00	0.00	0.00	0.00	0.00	1296586.00	900000.00	t	2026-04-14 01:52:48.470262+01	AS201647	3
520	80000.00	0.00	0.00	0.00	0.00	0.00	0.00	0.00	0.00	0.00	0.00	0.00	0.00	0.00	80000.00	t	2026-04-14 01:52:48.548616+01	AS201612	3
521	227663.00	0.00	0.00	0.00	0.00	0.00	0.00	0.00	0.00	0.00	0.00	0.00	0.00	0.00	227663.00	t	2026-04-14 01:52:48.551042+01	AS201625	3
522	480000.00	0.00	0.00	0.00	0.00	0.00	0.00	0.00	0.00	0.00	0.00	0.00	0.00	0.00	480000.00	t	2026-04-14 01:52:48.553344+01	AS201623	3
523	130000.00	0.00	0.00	0.00	0.00	0.00	0.00	0.00	0.00	0.00	0.00	0.00	0.00	0.00	130000.00	t	2026-04-14 01:52:48.555223+01	AS201652	3
524	0.00	50743.90	0.00	0.00	0.00	0.00	0.00	0.00	0.00	0.00	0.00	0.00	0.00	1186036.00	0.00	t	2026-04-14 01:53:25.000096+01	AS201648	4
525	900000.00	42933.70	57000.00	0.00	0.00	0.00	0.00	0.00	0.00	0.00	0.00	0.00	0.00	100133.00	900000.00	t	2026-04-14 01:53:25.004522+01	AS201601	4
526	900000.00	36873.66	57000.00	0.00	0.00	0.00	0.00	0.00	0.00	0.00	0.00	0.00	0.00	-41508.00	900000.00	t	2026-04-14 01:53:25.008471+01	AS201602	4
527	900000.00	45712.87	82000.00	0.00	0.00	0.00	0.00	0.00	0.00	0.00	0.00	0.00	0.00	167255.00	900000.00	t	2026-04-14 01:53:25.012179+01	AS201604	4
528	900000.00	39104.02	55000.00	0.00	0.00	0.00	0.00	0.00	0.00	0.00	0.00	0.00	0.00	10622.00	900000.00	t	2026-04-14 01:53:25.015284+01	AS201654	4
529	900000.00	37877.60	57000.00	0.00	0.00	0.00	0.00	0.00	0.00	0.00	0.00	0.00	0.00	-18043.00	900000.00	t	2026-04-14 01:53:25.019572+01	AS201605	4
530	900000.00	67685.21	461000.00	0.00	0.00	0.00	0.00	0.00	0.00	0.00	0.00	0.00	0.00	678040.00	900000.00	t	2026-04-14 01:53:25.024068+01	AS201608	4
531	900000.00	38733.20	57000.00	0.00	0.00	0.00	0.00	0.00	0.00	0.00	0.00	0.00	0.00	1955.00	900000.00	t	2026-04-14 01:53:25.027828+01	AS201651	4
532	900000.00	78069.75	54000.00	0.00	0.00	0.00	0.00	0.00	0.00	0.00	0.00	0.00	0.00	921367.00	900000.00	t	2026-04-14 01:53:25.031531+01	AS201609	4
533	900000.00	40366.03	57000.00	0.00	0.00	0.00	0.00	0.00	0.00	0.00	0.00	0.00	0.00	40119.00	900000.00	t	2026-04-14 01:53:25.035+01	AS201663	4
534	900000.00	46936.10	57000.00	0.00	0.00	0.00	0.00	0.00	0.00	0.00	0.00	0.00	0.00	193681.00	900000.00	t	2026-04-14 01:53:25.038749+01	AS201611	4
535	900000.00	39080.27	57000.00	0.00	0.00	0.00	0.00	0.00	0.00	0.00	0.00	0.00	0.00	10067.00	900000.00	t	2026-04-14 01:53:25.042848+01	AS201613	4
536	900000.00	36529.21	54000.00	0.00	0.00	0.00	0.00	0.00	0.00	0.00	0.00	0.00	0.00	-49559.00	900000.00	t	2026-04-14 01:53:25.046484+01	AS201617	4
537	900000.00	38515.13	129000.00	0.00	0.00	0.00	0.00	0.00	0.00	0.00	0.00	0.00	0.00	-7557.00	900000.00	t	2026-04-14 01:53:25.050067+01	AS201619	4
538	900000.00	48633.10	57000.00	0.00	0.00	0.00	0.00	0.00	0.00	0.00	0.00	0.00	0.00	233345.00	900000.00	t	2026-04-14 01:53:25.053701+01	AS201620	4
539	900000.00	39675.87	57000.00	0.00	0.00	0.00	0.00	0.00	0.00	0.00	0.00	0.00	0.00	23988.00	900000.00	t	2026-04-14 01:53:25.057462+01	AS201661	4
540	900000.00	40035.87	105500.00	0.00	0.00	0.00	0.00	0.00	0.00	0.00	0.00	0.00	0.00	29175.00	900000.00	t	2026-04-14 01:53:25.061192+01	AS201649	4
541	900000.00	41795.33	57000.00	0.00	0.00	0.00	0.00	0.00	0.00	0.00	0.00	0.00	0.00	73526.00	900000.00	t	2026-04-14 01:53:25.064642+01	AS201639	4
542	900000.00	38649.91	52000.00	0.00	0.00	0.00	0.00	0.00	0.00	0.00	0.00	0.00	0.00	8.00	900000.00	t	2026-04-14 01:53:25.068321+01	AS201621	4
543	900000.00	45706.39	87000.00	0.00	0.00	0.00	0.00	0.00	0.00	0.00	0.00	0.00	0.00	163173.00	900000.00	t	2026-04-14 01:53:25.072135+01	AS201622	4
544	900000.00	64466.01	67000.00	0.00	0.00	0.00	0.00	0.00	0.00	0.00	0.00	0.00	0.00	602829.00	900000.00	t	2026-04-14 01:53:25.075973+01	AS201624	4
545	900000.00	0.00	60500.00	0.00	0.00	0.00	0.00	0.00	0.00	0.00	0.00	0.00	0.00	-178209.00	900000.00	t	2026-04-14 01:53:25.079507+01	AS201626	4
546	900000.00	38805.68	57000.00	0.00	0.00	0.00	0.00	0.00	0.00	0.00	0.00	0.00	0.00	3649.00	900000.00	t	2026-04-14 01:53:25.08285+01	AS201628	4
547	900000.00	40854.04	57000.00	0.00	0.00	0.00	0.00	0.00	0.00	0.00	0.00	0.00	0.00	51525.00	900000.00	t	2026-04-14 01:53:25.085367+01	AS201656	4
548	900000.00	39044.03	57000.00	0.00	0.00	0.00	0.00	0.00	0.00	0.00	0.00	0.00	0.00	9220.00	900000.00	t	2026-04-14 01:53:25.087576+01	AS201633	4
549	900000.00	38661.92	54000.00	0.00	0.00	0.00	0.00	0.00	0.00	0.00	0.00	0.00	0.00	289.00	900000.00	t	2026-04-14 01:53:25.089849+01	AS201657	4
550	900000.00	38674.76	57000.00	0.00	0.00	0.00	0.00	0.00	0.00	0.00	0.00	0.00	0.00	589.00	900000.00	t	2026-04-14 01:53:25.092048+01	AS201653	4
551	0.00	0.00	54000.00	0.00	0.00	0.00	0.00	0.00	0.00	0.00	0.00	0.00	0.00	643968.00	0.00	t	2026-04-14 01:53:25.094346+01	AS201629	4
552	900000.00	36680.12	72000.00	0.00	0.00	0.00	0.00	0.00	0.00	0.00	0.00	0.00	0.00	6614.00	900000.00	t	2026-04-14 01:53:25.096509+01	AS201641	4
553	900000.00	38722.91	57000.00	0.00	0.00	0.00	0.00	0.00	0.00	0.00	0.00	0.00	0.00	1407.00	900000.00	t	2026-04-14 01:53:25.098804+01	AS201660	4
554	900000.00	38663.18	57000.00	0.00	0.00	0.00	0.00	0.00	0.00	0.00	0.00	0.00	0.00	250.00	900000.00	t	2026-04-14 01:53:25.100996+01	AS201643	4
555	0.00	0.00	54000.00	0.00	0.00	0.00	0.00	0.00	0.00	0.00	0.00	0.00	0.00	0.00	0.00	t	2026-04-14 01:53:25.103278+01	AS201662	4
556	900000.00	37989.41	57000.00	0.00	0.00	0.00	0.00	0.00	0.00	0.00	0.00	0.00	0.00	40074.00	900000.00	t	2026-04-14 01:53:25.105533+01	AS201658	4
557	900000.00	77219.69	57000.00	0.00	0.00	0.00	0.00	0.00	0.00	0.00	0.00	0.00	0.00	955550.00	900000.00	t	2026-04-14 01:53:25.108371+01	AS201646	4
558	900000.00	40849.44	47000.00	0.00	0.00	0.00	0.00	0.00	0.00	0.00	0.00	0.00	0.00	-4666.00	900000.00	t	2026-04-14 01:53:25.110754+01	AS201659	4
559	900000.00	101711.23	57000.00	0.00	0.00	0.00	0.00	0.00	0.00	0.00	0.00	0.00	0.00	1566716.00	900000.00	t	2026-04-14 01:53:25.113325+01	AS201647	4
560	80000.00	0.00	0.00	0.00	0.00	0.00	0.00	0.00	0.00	0.00	0.00	0.00	0.00	0.00	80000.00	t	2026-04-14 01:53:25.115606+01	AS201612	4
561	227663.00	0.00	0.00	0.00	0.00	0.00	0.00	0.00	0.00	0.00	0.00	0.00	0.00	0.00	227663.00	t	2026-04-14 01:53:25.11785+01	AS201625	4
562	480000.00	0.00	0.00	0.00	0.00	0.00	0.00	0.00	0.00	0.00	0.00	0.00	0.00	0.00	480000.00	t	2026-04-14 01:53:25.119989+01	AS201623	4
563	130000.00	0.00	0.00	0.00	0.00	0.00	0.00	0.00	0.00	0.00	0.00	0.00	0.00	0.00	130000.00	t	2026-04-14 01:53:25.122263+01	AS201652	4
\.


--
-- Data for Name: exercice_synthesecompte; Type: TABLE DATA; Schema: public; Owner: postgres
--

COPY public.exercice_synthesecompte (id, report_fonds_caisse, entrees_fonds_caisse, sorties_fonds_caisse, report_fonds_roulement, entrees_fonds_roulement, sorties_fonds_roulement, report_frais_exceptionnels, entrees_frais_excep, sorties_frais_excep, report_mutuelle, entrees_mutuelle, sorties_mutuelle, report_inscription, entrees_inscription, report_penalites, entrees_penalites, sorties_penalites, report_collation, entrees_collation, sorties_collation, report_foyer, entrees_foyer, sorties_foyer, date_calcul, config_exercice_id, autres_disponibilites, compte_afriland, compte_cca, compte_mc2, dette_mr_kouatcho, dette_prefinancement_lagwe, dettes_tontines, entrees_sanctions, entrees_terrain, report_aides_lagwe, report_depot_tchouamo, report_interet_bancaire, report_interet_epargne, report_sanctions, report_terrain, reste_a_recuperer_conseil, sorties_aides_lagwe, sorties_depot_tchouamo, sorties_interet_bancaire, sorties_interet_epargne, sorties_sanctions, sorties_terrain) FROM stdin;
5	30596797.00	5700000.00	17200000.00	2293228.00	416000.00	266000.00	462960.00	416000.00	200000.00	1654762.00	1160000.00	1060000.00	830000.00	25000.00	940025.00	104000.00	0.00	1962525.00	1664000.00	1270000.00	371000.00	475000.00	6871000.00	2026-04-14 01:52:48.557025+01	3		5265069.00	0.00	640005.00	0.00	0.00	0.00	5000.00	0.00	30000.00	2000000.00	135828.00	1398000.00	10750.00	-15300000.00	0.00	30000.00	2000000.00	32207.00	1398000.00	0.00	430000.00
6	30596797.00	0.00	18700000.00	2293228.00	105000.00	73000.00	462960.00	105000.00	200000.00	1654762.00	0.00	0.00	830000.00	25000.00	940025.00	24000.00	0.00	1962525.00	420000.00	350000.00	371000.00	1350000.00	6871000.00	2026-04-14 01:53:25.180617+01	4		5265069.00	4337431.00	640005.00	0.00	744700.00	656618.00	0.00	0.00	30000.00	2000000.00	135828.00	1398000.00	10750.00	-15300000.00	154000.00	30000.00	0.00	32207.00	1398000.00	0.00	430000.00
\.


--
-- Data for Name: fonds_mouvementfonds; Type: TABLE DATA; Schema: public; Owner: postgres
--

COPY public.fonds_mouvementfonds (id, mois, annee, reconduction, retrait_partiel, capital_compose_precedent, reste, epargne_nette, fonds_roulement, frais_exceptionnels, "collation", fonds_definitif, base_calcul_interet, interet_attribue, capital_compose, sanction, date_calcul, adherent_id, config_exercice_id) FROM stdin;
4663	1	2026	0.00	0.00	900000.00	25000.00	19000.00	1000.00	1000.00	4000.00	1056788.49	919000.00	2494.05	1059282.54	0.00	2026-04-14 01:53:23.252527+01	AS201601	4
4664	1	2026	0.00	0.00	900000.00	25000.00	19000.00	1000.00	1000.00	4000.00	909814.64	919000.00	2494.05	912308.69	0.00	2026-04-14 01:53:23.254178+01	AS201602	4
4665	1	2026	0.00	0.00	900000.00	30000.00	24000.00	1000.00	1000.00	4000.00	1131437.67	924000.00	2507.62	1133945.29	0.00	2026-04-14 01:53:23.255576+01	AS201604	4
4666	1	2026	0.00	0.00	900000.00	25000.00	19000.00	1000.00	1000.00	4000.00	934163.11	919000.00	2494.05	936657.16	0.00	2026-04-14 01:53:23.256947+01	AS201605	4
4667	1	2026	0.00	0.00	900000.00	25000.00	19000.00	1000.00	1000.00	4000.00	1656453.97	919000.00	2494.05	1658948.02	0.00	2026-04-14 01:53:23.25836+01	AS201608	4
4668	1	2026	0.00	0.00	900000.00	25000.00	19000.00	1000.00	1000.00	4000.00	1908942.35	919000.00	2494.05	1911436.40	0.00	2026-04-14 01:53:23.259729+01	AS201609	4
4669	1	2026	0.00	0.00	0.00	25000.00	19000.00	1000.00	1000.00	4000.00	19000.00	0.00	0.00	19000.00	0.00	2026-04-14 01:53:23.26108+01	AS201610	4
4670	1	2026	0.00	0.00	900000.00	25000.00	19000.00	1000.00	1000.00	4000.00	1153858.62	919000.00	2494.05	1156352.67	0.00	2026-04-14 01:53:23.262448+01	AS201611	4
4671	1	2026	0.00	0.00	900000.00	25000.00	19000.00	1000.00	1000.00	4000.00	963331.46	919000.00	2494.05	965825.51	0.00	2026-04-14 01:53:23.263757+01	AS201613	4
4672	1	2026	0.00	0.00	900000.00	25000.00	19000.00	1000.00	1000.00	4000.00	901460.51	919000.00	2494.05	903954.56	0.00	2026-04-14 01:53:23.265096+01	AS201617	4
4673	1	2026	0.00	0.00	900000.00	50000.00	44000.00	1000.00	1000.00	4000.00	970043.91	944000.00	2561.90	972605.81	0.00	2026-04-14 01:53:23.266454+01	AS201619	4
4674	1	2026	0.00	0.00	900000.00	25000.00	19000.00	1000.00	1000.00	4000.00	1195015.99	919000.00	2494.05	1197510.04	0.00	2026-04-14 01:53:23.267824+01	AS201620	4
4675	1	2026	0.00	0.00	900000.00	25000.00	19000.00	1000.00	1000.00	4000.00	952893.74	919000.00	2494.05	955387.79	0.00	2026-04-14 01:53:23.269301+01	AS201621	4
4676	1	2026	0.00	0.00	900000.00	35000.00	29000.00	1000.00	1000.00	4000.00	1132201.98	929000.00	2521.19	1134723.17	0.00	2026-04-14 01:53:23.27067+01	AS201622	4
4677	1	2026	0.00	0.00	900000.00	30000.00	24000.00	1000.00	1000.00	4000.00	1583411.24	924000.00	2507.62	1585918.86	0.00	2026-04-14 01:53:23.272003+01	AS201624	4
4678	1	2026	0.00	0.00	900000.00	25000.00	19000.00	1000.00	1000.00	4000.00	740791.00	0.00	0.00	740791.00	0.00	2026-04-14 01:53:23.273382+01	AS201626	4
4679	1	2026	0.00	0.00	900000.00	25000.00	19000.00	1000.00	1000.00	4000.00	956671.82	919000.00	2494.05	959165.87	0.00	2026-04-14 01:53:23.274774+01	AS201628	4
4680	1	2026	0.00	0.00	900000.00	25000.00	19000.00	1000.00	1000.00	4000.00	962452.57	919000.00	2494.05	964946.62	0.00	2026-04-14 01:53:23.276095+01	AS201633	4
4681	1	2026	0.00	0.00	900000.00	25000.00	19000.00	1000.00	1000.00	4000.00	1029179.72	919000.00	2494.05	1031673.77	0.00	2026-04-14 01:53:23.277462+01	AS201639	4
4682	1	2026	0.00	0.00	900000.00	30000.00	24000.00	1000.00	1000.00	4000.00	930614.00	924000.00	2507.62	933121.62	0.00	2026-04-14 01:53:23.278845+01	AS201641	4
4683	1	2026	0.00	0.00	900000.00	25000.00	19000.00	1000.00	1000.00	4000.00	953188.41	919000.00	2494.05	955682.46	0.00	2026-04-14 01:53:23.280218+01	AS201643	4
4684	1	2026	0.00	0.00	900000.00	25000.00	19000.00	1000.00	1000.00	4000.00	1909944.24	919000.00	2494.05	1912438.29	0.00	2026-04-14 01:53:23.281575+01	AS201646	4
4685	1	2026	0.00	0.00	900000.00	25000.00	19000.00	1000.00	1000.00	4000.00	2519425.76	919000.00	2494.05	2521919.81	0.00	2026-04-14 01:53:23.282957+01	AS201647	4
4686	1	2026	0.00	0.00	0.00	0.00	0.00	0.00	0.00	0.00	1230690.83	0.00	0.00	1230690.83	0.00	2026-04-14 01:53:23.28432+01	AS201648	4
4687	1	2026	0.00	0.00	900000.00	45000.00	39000.00	1000.00	1000.00	4000.00	1003158.89	939000.00	2548.33	1005707.22	0.00	2026-04-14 01:53:23.285618+01	AS201649	4
4688	1	2026	0.00	0.00	900000.00	25000.00	19000.00	1000.00	1000.00	4000.00	954914.04	919000.00	2494.05	957408.09	0.00	2026-04-14 01:53:23.286992+01	AS201651	4
4689	1	2026	0.00	0.00	900000.00	25000.00	19000.00	1000.00	1000.00	4000.00	953496.61	919000.00	2494.05	955990.66	0.00	2026-04-14 01:53:23.288336+01	AS201653	4
4690	1	2026	0.00	0.00	900000.00	25000.00	19000.00	1000.00	1000.00	4000.00	963907.36	919000.00	2494.05	966401.41	0.00	2026-04-14 01:53:23.289684+01	AS201654	4
4691	1	2026	0.00	0.00	900000.00	25000.00	19000.00	1000.00	1000.00	4000.00	1006350.38	919000.00	2494.05	1008844.43	0.00	2026-04-14 01:53:23.29102+01	AS201656	4
4692	1	2026	0.00	0.00	900000.00	25000.00	19000.00	1000.00	1000.00	4000.00	953185.31	919000.00	2494.05	955679.36	0.00	2026-04-14 01:53:23.292409+01	AS201657	4
4693	1	2026	0.00	0.00	900000.00	25000.00	19000.00	1000.00	1000.00	4000.00	959074.00	919000.00	2494.05	961568.05	0.00	2026-04-14 01:53:23.293722+01	AS201658	4
4694	1	2026	0.00	0.00	0.00	25000.00	19000.00	1000.00	1000.00	4000.00	662968.00	0.00	0.00	662968.00	0.00	2026-04-14 01:53:23.295107+01	AS201629	4
4695	1	2026	0.00	0.00	900000.00	25000.00	19000.00	1000.00	1000.00	4000.00	984196.36	919000.00	2494.05	986690.41	0.00	2026-04-14 01:53:23.296473+01	AS201659	4
4696	1	2026	0.00	0.00	900000.00	25000.00	19000.00	1000.00	1000.00	4000.00	954541.45	919000.00	2494.05	957035.50	0.00	2026-04-14 01:53:23.297779+01	AS201660	4
4697	1	2026	0.00	0.00	900000.00	25000.00	19000.00	1000.00	1000.00	4000.00	977776.59	919000.00	2494.05	980270.64	0.00	2026-04-14 01:53:23.299138+01	AS201661	4
4698	1	2026	0.00	0.00	0.00	25000.00	19000.00	1000.00	1000.00	4000.00	52894.85	0.00	0.00	52894.85	0.00	2026-04-14 01:53:23.300519+01	AS201662	4
4699	1	2026	0.00	0.00	900000.00	25000.00	19000.00	1000.00	1000.00	4000.00	994514.93	919000.00	2494.05	997008.98	0.00	2026-04-14 01:53:23.301876+01	AS201663	4
4219	1	2025	0.00	0.00	960671.63	0.00	0.00	0.00	0.00	0.00	1072319.18	960671.63	13026.04	1085345.22	0.00	2026-04-14 01:52:44.630899+01	AS201648	3
4220	1	2025	0.00	0.00	931750.35	25000.00	19000.00	1000.00	1000.00	4000.00	876950.51	0.00	0.00	876950.51	0.00	2026-04-14 01:52:44.635439+01	AS201601	3
4221	1	2025	0.00	0.00	986365.09	25000.00	19000.00	1000.00	1000.00	4000.00	996505.25	1005365.09	13632.05	1010137.30	0.00	2026-04-14 01:52:44.641247+01	AS201602	3
4222	1	2025	0.00	0.00	1039640.35	25000.00	19000.00	1000.00	1000.00	4000.00	864420.80	0.00	0.00	864420.80	0.00	2026-04-14 01:52:44.645702+01	AS201604	3
4223	1	2025	0.00	0.00	1015104.10	25000.00	19000.00	1000.00	1000.00	4000.00	863780.42	0.00	0.00	863780.42	0.00	2026-04-14 01:52:44.649912+01	AS201605	3
4224	1	2025	0.00	0.00	1073546.87	35000.00	29000.00	1000.00	1000.00	4000.00	882640.83	0.00	0.00	882640.83	0.00	2026-04-14 01:52:44.653719+01	AS201608	3
4225	1	2025	0.00	0.00	1550751.52	25000.00	19000.00	1000.00	1000.00	4000.00	1593615.53	1569751.52	21284.75	1614900.28	0.00	2026-04-14 01:52:44.656759+01	AS201609	3
4226	1	2025	0.00	0.00	1052134.64	25000.00	19000.00	1000.00	1000.00	4000.00	864944.83	0.00	0.00	864944.83	0.00	2026-04-14 01:52:44.660575+01	AS201611	3
4227	1	2025	0.00	0.00	1385386.74	75000.00	69000.00	1000.00	1000.00	4000.00	914062.36	1454386.74	19720.48	933782.84	0.00	2026-04-14 01:52:44.664357+01	AS201613	3
4228	1	2025	0.00	0.00	995411.12	25000.00	19000.00	1000.00	1000.00	4000.00	864116.86	0.00	0.00	864116.86	0.00	2026-04-14 01:52:44.667315+01	AS201617	3
4229	1	2025	0.00	0.00	1108993.39	35000.00	29000.00	1000.00	1000.00	4000.00	877880.49	0.00	0.00	877880.49	0.00	2026-04-14 01:52:44.671057+01	AS201619	3
4230	1	2025	0.00	0.00	676217.00	0.00	0.00	0.00	0.00	0.00	0.00	0.00	0.00	0.00	0.00	2026-04-14 01:52:44.674854+01	AS201620	3
4231	1	2025	0.00	0.00	1098192.17	25000.00	19000.00	1000.00	1000.00	4000.00	1118699.04	1117192.17	15148.35	1133847.39	0.00	2026-04-14 01:52:44.678617+01	AS201621	3
4232	1	2025	0.00	0.00	1374940.22	35000.00	29000.00	1000.00	1000.00	4000.00	1135930.75	1403940.22	19036.46	1154967.21	0.00	2026-04-14 01:52:44.682796+01	AS201622	3
4233	1	2025	0.00	0.00	1218869.13	40000.00	34000.00	1000.00	1000.00	4000.00	1242801.35	1252869.13	16988.04	1259789.39	0.00	2026-04-14 01:52:44.69165+01	AS201624	3
4234	1	2025	0.00	0.00	1003962.98	25000.00	19000.00	1000.00	1000.00	4000.00	867074.52	0.00	0.00	867074.52	0.00	2026-04-14 01:52:44.697781+01	AS201626	3
4235	1	2025	0.00	0.00	1011527.38	25000.00	19000.00	1000.00	1000.00	4000.00	868495.70	0.00	0.00	868495.70	0.00	2026-04-14 01:52:44.704058+01	AS201628	3
4236	1	2025	0.00	0.00	1063855.32	25000.00	19000.00	1000.00	1000.00	4000.00	997210.61	1082855.32	14682.77	1011893.38	0.00	2026-04-14 01:52:44.70732+01	AS201633	3
4237	1	2025	0.00	0.00	990136.39	25000.00	-23000.00	8000.00	8000.00	32000.00	906394.03	967136.39	13113.70	919507.73	0.00	2026-04-14 01:52:44.709572+01	AS201638	3
4238	1	2025	0.00	0.00	990638.92	25000.00	19000.00	1000.00	1000.00	4000.00	865653.33	0.00	0.00	865653.33	0.00	2026-04-14 01:52:44.711819+01	AS201639	3
4239	1	2025	0.00	0.00	2000231.75	25000.00	19000.00	1000.00	1000.00	4000.00	863799.29	0.00	0.00	863799.29	0.00	2026-04-14 01:52:44.714909+01	AS201641	3
4240	1	2025	0.00	0.00	631750.00	0.00	0.00	0.00	0.00	0.00	0.00	0.00	0.00	0.00	0.00	2026-04-14 01:52:44.71791+01	AS201643	3
4241	1	2025	0.00	0.00	2076636.96	25000.00	19000.00	1000.00	1000.00	4000.00	1632658.35	2095636.96	28415.39	1661073.74	0.00	2026-04-14 01:52:44.720908+01	AS201646	3
4242	1	2025	0.00	0.00	2244068.06	25000.00	19000.00	1000.00	1000.00	4000.00	2216375.30	2263068.06	30685.64	2247060.94	0.00	2026-04-14 01:52:44.723954+01	AS201647	3
4243	1	2025	0.00	0.00	1022229.03	25000.00	19000.00	1000.00	1000.00	4000.00	866368.12	0.00	0.00	866368.12	0.00	2026-04-14 01:52:44.726968+01	AS201649	3
4244	1	2025	0.00	0.00	989437.03	25000.00	19000.00	1000.00	1000.00	4000.00	864129.43	0.00	0.00	864129.43	0.00	2026-04-14 01:52:44.729963+01	AS201651	3
4245	1	2025	0.00	0.00	1105514.81	25000.00	19000.00	1000.00	1000.00	4000.00	940367.32	1124514.81	15247.64	955614.96	0.00	2026-04-14 01:52:44.733031+01	AS201653	3
4246	1	2025	0.00	0.00	983083.71	25000.00	19000.00	1000.00	1000.00	4000.00	865052.78	0.00	0.00	865052.78	0.00	2026-04-14 01:52:44.736818+01	AS201654	3
4247	1	2025	0.00	0.00	910739.15	25000.00	19000.00	1000.00	1000.00	4000.00	839474.56	0.00	0.00	839474.56	0.00	2026-04-14 01:52:44.739859+01	AS201656	3
4248	1	2025	0.00	0.00	948373.22	25000.00	19000.00	1000.00	1000.00	4000.00	847001.82	0.00	0.00	847001.82	0.00	2026-04-14 01:52:44.742926+01	AS201657	3
4249	1	2025	0.00	0.00	1098707.37	25000.00	19000.00	1000.00	1000.00	4000.00	823399.22	0.00	0.00	823399.22	0.00	2026-04-14 01:52:44.745958+01	AS201658	3
4250	1	2025	0.00	0.00	0.00	0.00	0.00	0.00	0.00	0.00	0.00	0.00	0.00	0.00	0.00	2026-04-14 01:52:44.748117+01	AS201629	3
4251	1	2025	0.00	0.00	932571.02	25000.00	19000.00	1000.00	1000.00	4000.00	857711.03	0.00	0.00	857711.03	0.00	2026-04-14 01:52:44.750366+01	AS201659	3
4252	1	2025	0.00	0.00	976718.66	25000.00	19000.00	1000.00	1000.00	4000.00	853903.38	0.00	0.00	853903.38	0.00	2026-04-14 01:52:44.753348+01	AS201660	3
4253	1	2025	0.00	0.00	525500.00	625000.00	619000.00	1000.00	1000.00	4000.00	1016250.00	1144500.00	15518.63	1031768.63	0.00	2026-04-14 01:52:44.755582+01	AS201661	3
4254	1	2025	0.00	0.00	0.00	0.00	0.00	0.00	0.00	0.00	0.00	0.00	0.00	0.00	0.00	2026-04-14 01:52:44.758555+01	AS201662	3
4255	1	2025	0.00	0.00	0.00	0.00	0.00	0.00	0.00	0.00	0.00	0.00	0.00	0.00	0.00	2026-04-14 01:52:44.760722+01	AS201663	3
4700	2	2026	0.00	0.00	1059282.54	25000.00	19000.00	1000.00	1000.00	4000.00	1078254.73	1078282.54	2812.04	1081066.77	0.00	2026-04-14 01:53:23.612982+01	AS201601	4
4701	2	2026	0.00	0.00	912308.69	25000.00	19000.00	1000.00	1000.00	4000.00	930937.88	931308.69	2428.75	933366.63	0.00	2026-04-14 01:53:23.615197+01	AS201602	4
4702	2	2026	0.00	50000.00	1133945.29	30000.00	24000.00	1000.00	1000.00	4000.00	1108078.12	1107945.29	2889.40	1110967.52	0.00	2026-04-14 01:53:23.617402+01	AS201604	4
4703	2	2026	0.00	0.00	936657.16	25000.00	19000.00	1000.00	1000.00	4000.00	955343.17	955657.16	2492.24	957835.41	0.00	2026-04-14 01:53:23.619603+01	AS201605	4
4704	2	2026	0.00	0.00	1658948.02	35000.00	29000.00	1000.00	1000.00	4000.00	1689319.65	1687948.02	4401.98	1693721.63	0.00	2026-04-14 01:53:23.623853+01	AS201608	4
4705	2	2026	0.00	0.00	1911436.40	25000.00	19000.00	1000.00	1000.00	4000.00	1932397.27	1930436.40	5034.36	1937431.63	0.00	2026-04-14 01:53:23.628084+01	AS201609	4
4706	2	2026	0.00	0.00	19000.00	25000.00	19000.00	1000.00	1000.00	4000.00	38000.00	0.00	0.00	38000.00	0.00	2026-04-14 01:53:23.632263+01	AS201610	4
4707	2	2026	0.00	0.00	1156352.67	25000.00	19000.00	1000.00	1000.00	4000.00	1175551.39	1175352.67	3065.19	1178616.58	0.00	2026-04-14 01:53:23.636152+01	AS201611	4
4708	2	2026	0.00	0.00	965825.51	25000.00	19000.00	1000.00	1000.00	4000.00	984579.59	984825.51	2568.31	987147.90	0.00	2026-04-14 01:53:23.640192+01	AS201613	4
4709	2	2026	0.00	0.00	903954.56	25000.00	19000.00	1000.00	1000.00	4000.00	922564.26	922954.56	2406.96	924971.22	0.00	2026-04-14 01:53:23.643577+01	AS201617	4
4710	2	2026	0.00	0.00	972605.81	50000.00	44000.00	1000.00	1000.00	4000.00	1016307.71	1016605.81	2651.19	1018958.90	0.00	2026-04-14 01:53:23.646839+01	AS201619	4
4711	2	2026	0.00	0.00	1197510.04	25000.00	19000.00	1000.00	1000.00	4000.00	1216804.81	1216510.04	3172.52	1219977.33	0.00	2026-04-14 01:53:23.649877+01	AS201620	4
4712	2	2026	0.00	0.00	955387.79	25000.00	19000.00	1000.00	1000.00	4000.00	974117.52	974387.79	2541.09	976658.61	0.00	2026-04-14 01:53:23.652922+01	AS201621	4
4713	2	2026	0.00	0.00	1134723.17	35000.00	29000.00	1000.00	1000.00	4000.00	1163844.21	1163723.17	3034.86	1166879.07	0.00	2026-04-14 01:53:23.656427+01	AS201622	4
4714	2	2026	0.00	0.00	1585918.86	25000.00	19000.00	1000.00	1000.00	4000.00	1606106.46	1604918.86	4185.45	1610291.91	0.00	2026-04-14 01:53:23.659605+01	AS201624	4
4715	2	2026	0.00	0.00	740791.00	25000.00	19000.00	1000.00	1000.00	4000.00	759791.00	0.00	0.00	759791.00	0.00	2026-04-14 01:53:23.662539+01	AS201626	4
4716	2	2026	0.00	0.00	959165.87	25000.00	19000.00	1000.00	1000.00	4000.00	977904.41	978165.87	2550.94	980455.35	0.00	2026-04-14 01:53:23.665761+01	AS201628	4
4717	2	2026	0.00	0.00	964946.62	25000.00	19000.00	1000.00	1000.00	4000.00	983698.65	983946.62	2566.02	986264.67	0.00	2026-04-14 01:53:23.66912+01	AS201633	4
4718	2	2026	0.00	0.00	1031673.77	25000.00	19000.00	1000.00	1000.00	4000.00	1050581.53	1050673.77	2740.04	1053321.57	0.00	2026-04-14 01:53:23.672578+01	AS201639	4
4719	2	2026	0.00	0.00	933121.62	30000.00	24000.00	1000.00	1000.00	4000.00	954670.00	957121.62	2496.06	957166.06	0.00	2026-04-14 01:53:23.676842+01	AS201641	4
4720	2	2026	0.00	0.00	955682.46	25000.00	19000.00	1000.00	1000.00	4000.00	974415.57	974682.46	2541.86	976957.43	0.00	2026-04-14 01:53:23.68113+01	AS201643	4
4721	2	2026	0.00	0.00	1912438.29	25000.00	19000.00	1000.00	1000.00	4000.00	1931265.04	1931438.29	5036.97	1936302.01	0.00	2026-04-14 01:53:23.685843+01	AS201646	4
4722	2	2026	0.00	0.00	2521919.81	25000.00	19000.00	1000.00	1000.00	4000.00	2540638.22	2540919.81	6626.44	2547264.66	0.00	2026-04-14 01:53:23.689521+01	AS201647	4
4723	2	2026	0.00	0.00	1230690.83	0.00	0.00	0.00	0.00	0.00	1233562.90	1230690.83	3209.50	1236772.40	0.00	2026-04-14 01:53:23.694151+01	AS201648	4
4724	2	2026	0.00	0.00	1005707.22	40000.00	34000.00	1000.00	1000.00	4000.00	1039499.97	1039707.22	2711.44	1042211.41	0.00	2026-04-14 01:53:23.698015+01	AS201649	4
4725	2	2026	0.00	0.00	957408.09	25000.00	19000.00	1000.00	1000.00	4000.00	976142.53	976408.09	2546.36	978688.89	0.00	2026-04-14 01:53:23.701856+01	AS201651	4
4726	2	2026	0.00	0.00	955990.66	25000.00	19000.00	1000.00	1000.00	4000.00	974721.79	974990.66	2542.66	977264.45	0.00	2026-04-14 01:53:23.705629+01	AS201653	4
4727	2	2026	0.00	0.00	966401.41	25000.00	19000.00	1000.00	1000.00	4000.00	985156.84	985401.41	2569.81	987726.65	0.00	2026-04-14 01:53:23.709768+01	AS201654	4
4728	2	2026	0.00	0.00	1008844.43	25000.00	19000.00	1000.00	1000.00	4000.00	1027698.91	1027844.43	2680.50	1030379.41	0.00	2026-04-14 01:53:23.713602+01	AS201656	4
4729	2	2026	0.00	0.00	955679.36	25000.00	19000.00	1000.00	1000.00	4000.00	974409.77	974679.36	2541.85	976951.62	0.00	2026-04-14 01:53:23.717649+01	AS201657	4
4730	2	2026	0.00	0.00	961568.05	25000.00	19000.00	1000.00	1000.00	4000.00	978118.34	980568.05	2557.21	980675.55	0.00	2026-04-14 01:53:23.721438+01	AS201658	4
4731	2	2026	0.00	0.00	662968.00	25000.00	19000.00	1000.00	1000.00	4000.00	681968.00	0.00	0.00	681968.00	0.00	2026-04-14 01:53:23.725436+01	AS201629	4
4732	2	2026	0.00	0.00	986690.41	15000.00	9000.00	1000.00	1000.00	4000.00	997734.06	995690.41	2596.65	1000330.71	0.00	2026-04-14 01:53:23.729626+01	AS201659	4
4733	2	2026	0.00	0.00	957035.50	25000.00	19000.00	1000.00	1000.00	4000.00	975781.22	976035.50	2545.39	978326.61	0.00	2026-04-14 01:53:23.73375+01	AS201660	4
4734	2	2026	0.00	0.00	980270.64	25000.00	19000.00	1000.00	1000.00	4000.00	999058.44	999270.64	2605.98	1001664.42	0.00	2026-04-14 01:53:23.737104+01	AS201661	4
4256	2	2025	0.00	0.00	1085345.22	0.00	0.00	0.00	0.00	0.00	1080204.87	1085345.22	1571.81	1081776.68	0.00	2026-04-14 01:52:44.822161+01	AS201648	3
4257	2	2025	0.00	0.00	876950.51	25000.00	19000.00	1000.00	1000.00	4000.00	902399.48	895950.51	1297.52	903697.00	0.00	2026-04-14 01:52:44.827937+01	AS201601	3
4258	2	2025	0.00	0.00	1010137.30	25000.00	19000.00	1000.00	1000.00	4000.00	1022833.41	1029137.30	1490.41	1024323.82	0.00	2026-04-14 01:52:44.834812+01	AS201602	3
4259	2	2025	0.00	0.00	864420.80	25000.00	19000.00	1000.00	1000.00	4000.00	889777.63	0.00	0.00	889777.63	0.00	2026-04-14 01:52:44.841317+01	AS201604	3
4260	2	2025	0.00	0.00	863780.42	25375.00	19375.00	1000.00	1000.00	4000.00	889507.54	0.00	0.00	889507.54	0.00	2026-04-14 01:52:44.848145+01	AS201605	3
4261	2	2025	0.00	0.00	882640.83	685000.00	679000.00	1000.00	1000.00	4000.00	1568131.65	1561640.83	2261.59	1570393.24	0.00	2026-04-14 01:52:44.853345+01	AS201608	3
4262	2	2025	0.00	0.00	1614900.28	25000.00	19000.00	1000.00	1000.00	4000.00	1624334.76	1633900.28	2366.23	1626700.99	0.00	2026-04-14 01:52:44.857474+01	AS201609	3
4263	2	2025	0.00	0.00	864944.83	25000.00	19000.00	1000.00	1000.00	4000.00	890305.52	0.00	0.00	890305.52	0.00	2026-04-14 01:52:44.86206+01	AS201611	3
4264	2	2025	0.00	0.00	933782.84	60000.00	54000.00	1000.00	1000.00	4000.00	974784.24	987782.84	1430.52	976214.76	0.00	2026-04-14 01:52:44.866592+01	AS201613	3
4265	2	2025	0.00	0.00	864116.86	25000.00	19000.00	1000.00	1000.00	4000.00	889471.45	0.00	0.00	889471.45	0.00	2026-04-14 01:52:44.870246+01	AS201617	3
4266	2	2025	0.00	0.00	877880.49	35000.00	29000.00	1000.00	1000.00	4000.00	913336.30	906880.49	1313.35	914649.65	0.00	2026-04-14 01:52:44.878557+01	AS201619	3
4267	2	2025	0.00	0.00	0.00	0.00	0.00	0.00	0.00	0.00	0.00	0.00	0.00	0.00	0.00	2026-04-14 01:52:44.887606+01	AS201620	3
4268	2	2025	0.00	600000.00	1133847.39	917500.00	911500.00	1000.00	1000.00	4000.00	1438425.80	1445347.39	2093.17	1440518.97	0.00	2026-04-14 01:52:44.894479+01	AS201621	3
4269	2	2025	0.00	0.00	1154967.21	35000.00	29000.00	1000.00	1000.00	4000.00	1173284.22	1183967.21	1714.63	1174998.85	0.00	2026-04-14 01:52:44.899093+01	AS201622	3
4270	2	2025	0.00	0.00	1259789.39	40000.00	34000.00	1000.00	1000.00	4000.00	1285940.74	1293789.39	1873.68	1287814.42	0.00	2026-04-14 01:52:44.903631+01	AS201624	3
4271	2	2025	0.00	0.00	867074.52	25000.00	19000.00	1000.00	1000.00	4000.00	892450.86	0.00	0.00	892450.86	0.00	2026-04-14 01:52:44.909837+01	AS201626	3
4272	2	2025	0.00	0.00	868495.70	33000.00	27000.00	1000.00	1000.00	4000.00	901882.50	895495.70	1296.87	903179.37	0.00	2026-04-14 01:52:44.919159+01	AS201628	3
4273	2	2025	0.00	0.00	1011893.38	25000.00	19000.00	1000.00	1000.00	4000.00	1023543.95	1030893.38	1492.95	1025036.90	0.00	2026-04-14 01:52:44.926374+01	AS201633	3
4274	2	2025	0.00	0.00	919507.73	25000.00	-23000.00	8000.00	8000.00	32000.00	932059.52	896507.73	1298.33	933357.85	0.00	2026-04-14 01:52:44.93129+01	AS201638	3
4275	2	2025	0.00	0.00	865653.33	25000.00	19000.00	1000.00	1000.00	4000.00	891019.22	0.00	0.00	891019.22	0.00	2026-04-14 01:52:44.936081+01	AS201639	3
4276	2	2025	0.00	0.00	863799.29	25000.00	19000.00	1000.00	1000.00	4000.00	889151.55	0.00	0.00	889151.55	0.00	2026-04-14 01:52:44.942434+01	AS201641	3
4277	2	2025	0.00	0.00	0.00	0.00	0.00	0.00	0.00	0.00	0.00	0.00	0.00	0.00	0.00	2026-04-14 01:52:44.948057+01	AS201643	3
4278	2	2025	0.00	0.00	1661073.74	22000.00	16000.00	1000.00	1000.00	4000.00	1660664.69	1677073.74	2428.76	1663093.45	0.00	2026-04-14 01:52:44.952264+01	AS201646	3
4279	2	2025	0.00	100000.00	2247060.94	25000.00	19000.00	1000.00	1000.00	4000.00	2151674.21	2166060.94	3136.92	2154811.13	0.00	2026-04-14 01:52:44.957195+01	AS201647	3
4280	2	2025	0.00	0.00	866368.12	25000.00	19000.00	1000.00	1000.00	4000.00	891739.27	0.00	0.00	891739.27	0.00	2026-04-14 01:52:44.965014+01	AS201649	3
4281	2	2025	0.00	0.00	864129.43	25000.00	19000.00	1000.00	1000.00	4000.00	889484.12	0.00	0.00	889484.12	0.00	2026-04-14 01:52:44.971956+01	AS201651	3
4282	2	2025	0.00	0.00	955614.96	25000.00	19000.00	1000.00	1000.00	4000.00	966282.64	974614.96	1411.45	967694.09	0.00	2026-04-14 01:52:44.979137+01	AS201653	3
4283	2	2025	0.00	0.00	865052.78	25000.00	19000.00	1000.00	1000.00	4000.00	890414.26	0.00	0.00	890414.26	0.00	2026-04-14 01:52:44.987459+01	AS201654	3
4284	2	2025	0.00	0.00	839474.56	25000.00	19000.00	1000.00	1000.00	4000.00	864647.94	0.00	0.00	864647.94	0.00	2026-04-14 01:52:44.993795+01	AS201656	3
4285	2	2025	0.00	0.00	847001.82	25000.00	19000.00	1000.00	1000.00	4000.00	872230.55	0.00	0.00	872230.55	0.00	2026-04-14 01:52:45.000885+01	AS201657	3
4286	2	2025	0.00	0.00	823399.22	25000.00	19000.00	1000.00	1000.00	4000.00	848454.38	0.00	0.00	848454.38	0.00	2026-04-14 01:52:45.008317+01	AS201658	3
4287	2	2025	0.00	0.00	0.00	0.00	0.00	0.00	0.00	0.00	0.00	0.00	0.00	0.00	0.00	2026-04-14 01:52:45.013482+01	AS201629	3
4288	2	2025	0.00	0.00	857711.03	25000.00	19000.00	1000.00	1000.00	4000.00	883018.52	0.00	0.00	883018.52	0.00	2026-04-14 01:52:45.018751+01	AS201659	3
4289	2	2025	0.00	0.00	853903.38	25000.00	19000.00	1000.00	1000.00	4000.00	879182.87	0.00	0.00	879182.87	0.00	2026-04-14 01:52:45.026098+01	AS201660	3
4290	2	2025	0.00	0.00	1031768.63	25000.00	19000.00	1000.00	1000.00	4000.00	1042723.36	1050768.63	1521.73	1044245.09	0.00	2026-04-14 01:52:45.031167+01	AS201661	3
4291	2	2025	0.00	0.00	0.00	0.00	0.00	0.00	0.00	0.00	0.00	0.00	0.00	0.00	0.00	2026-04-14 01:52:45.037479+01	AS201662	3
4292	2	2025	0.00	0.00	0.00	50000.00	44000.00	1000.00	1000.00	4000.00	0.00	0.00	0.00	0.00	0.00	2026-04-14 01:52:45.042675+01	AS201663	3
4735	2	2026	0.00	0.00	52894.85	25000.00	19000.00	1000.00	1000.00	4000.00	71894.85	0.00	0.00	71894.85	0.00	2026-04-14 01:53:23.740012+01	AS201662	4
4736	2	2026	0.00	0.00	997008.98	25000.00	19000.00	1000.00	1000.00	4000.00	1015835.84	1016008.98	2649.64	1018485.48	0.00	2026-04-14 01:53:23.743376+01	AS201663	4
4737	3	2026	0.00	0.00	1081066.77	25000.00	19000.00	1000.00	1000.00	4000.00	1100066.70	1078254.73	0.00	1100066.70	0.00	2026-04-14 01:53:24.048059+01	AS201601	4
4738	3	2026	0.00	0.00	933366.63	25000.00	19000.00	1000.00	1000.00	4000.00	952365.66	930937.88	0.00	952365.66	0.00	2026-04-14 01:53:24.051978+01	AS201602	4
4739	3	2026	0.00	0.00	1110967.52	40000.00	34000.00	1000.00	1000.00	4000.00	1144967.87	1168078.12	0.00	1144967.87	0.00	2026-04-14 01:53:24.055744+01	AS201604	4
4740	3	2026	0.00	0.00	957835.41	25000.00	19000.00	1000.00	1000.00	4000.00	976834.60	955343.17	0.00	976834.60	0.00	2026-04-14 01:53:24.059437+01	AS201605	4
4741	3	2026	0.00	0.00	1693721.63	419000.00	413000.00	1000.00	1000.00	4000.00	2106725.21	2073319.65	0.00	2106725.21	0.00	2026-04-14 01:53:24.063253+01	AS201608	4
4742	3	2026	0.00	0.00	1937431.63	22000.00	16000.00	1000.00	1000.00	4000.00	1953436.75	1929397.27	0.00	1953436.75	0.00	2026-04-14 01:53:24.06691+01	AS201609	4
4743	3	2026	0.00	0.00	38000.00	0.00	0.00	0.00	0.00	0.00	38000.00	0.00	0.00	0.00	0.00	2026-04-14 01:53:24.070174+01	AS201610	4
4744	3	2026	0.00	0.00	1178616.58	25000.00	19000.00	1000.00	1000.00	4000.00	1197617.10	1175551.39	0.00	1197617.10	0.00	2026-04-14 01:53:24.073725+01	AS201611	4
4745	3	2026	0.00	0.00	987147.90	25000.00	19000.00	1000.00	1000.00	4000.00	1006147.27	984579.59	0.00	1006147.27	0.00	2026-04-14 01:53:24.077216+01	AS201613	4
4746	3	2026	0.00	0.00	924971.22	22000.00	16000.00	1000.00	1000.00	4000.00	940970.21	919564.26	0.00	940970.21	0.00	2026-04-14 01:53:24.081003+01	AS201617	4
4747	3	2026	0.00	0.00	1018958.90	47000.00	41000.00	1000.00	1000.00	4000.00	1059958.13	1013307.71	0.00	1059958.13	0.00	2026-04-14 01:53:24.085071+01	AS201619	4
4748	3	2026	0.00	0.00	1219977.33	25000.00	19000.00	1000.00	1000.00	4000.00	1238978.10	1216804.81	0.00	0.00	0.00	2026-04-14 01:53:24.088472+01	AS201620	4
4749	3	2026	0.00	0.00	976658.61	20000.00	14000.00	1000.00	1000.00	4000.00	990657.91	969117.52	0.00	990657.91	0.00	2026-04-14 01:53:24.091483+01	AS201621	4
4750	3	2026	0.00	0.00	1166879.07	35000.00	29000.00	1000.00	1000.00	4000.00	1195879.39	1163844.21	0.00	1195879.39	0.00	2026-04-14 01:53:24.094538+01	AS201622	4
4751	3	2026	0.00	0.00	1610291.91	30000.00	24000.00	1000.00	1000.00	4000.00	1634295.01	1611106.46	0.00	1634295.01	0.00	2026-04-14 01:53:24.09754+01	AS201624	4
4752	3	2026	0.00	0.00	759791.00	28500.00	22500.00	1000.00	1000.00	4000.00	782291.00	0.00	0.00	782291.00	0.00	2026-04-14 01:53:24.100611+01	AS201626	4
4753	3	2026	0.00	0.00	980455.35	25000.00	19000.00	1000.00	1000.00	4000.00	999454.68	977904.41	0.00	999454.68	0.00	2026-04-14 01:53:24.10367+01	AS201628	4
4754	3	2026	0.00	0.00	986264.67	25000.00	19000.00	1000.00	1000.00	4000.00	1005264.03	983698.65	0.00	1005264.03	0.00	2026-04-14 01:53:24.106833+01	AS201633	4
4755	3	2026	0.00	0.00	1053321.57	25000.00	19000.00	1000.00	1000.00	4000.00	1072321.33	1050581.53	0.00	1072321.33	0.00	2026-04-14 01:53:24.110132+01	AS201639	4
4756	3	2026	0.00	0.00	957166.06	30000.00	24000.00	1000.00	1000.00	4000.00	981159.67	954670.00	0.00	981159.67	0.00	2026-04-14 01:53:24.113331+01	AS201641	4
4757	3	2026	0.00	0.00	976957.43	25000.00	19000.00	1000.00	1000.00	4000.00	995956.74	974415.57	0.00	995956.74	0.00	2026-04-14 01:53:24.116316+01	AS201643	4
4758	3	2026	0.00	0.00	1936302.01	25000.00	19000.00	1000.00	1000.00	4000.00	1955301.57	1931265.04	0.00	1955301.57	0.00	2026-04-14 01:53:24.119573+01	AS201646	4
4759	3	2026	0.00	0.00	2547264.66	25000.00	19000.00	1000.00	1000.00	4000.00	2566263.93	2540638.22	0.00	2566263.93	0.00	2026-04-14 01:53:24.122557+01	AS201647	4
4760	3	2026	0.00	0.00	1236772.40	0.00	0.00	0.00	0.00	0.00	1236779.90	1233562.90	0.00	1236779.90	0.00	2026-04-14 01:53:24.125807+01	AS201648	4
4761	3	2026	0.00	0.00	1042211.41	38500.00	32500.00	1000.00	1000.00	4000.00	1074710.87	1037999.97	0.00	1074710.87	0.00	2026-04-14 01:53:24.128884+01	AS201649	4
4762	3	2026	0.00	0.00	978688.89	25000.00	19000.00	1000.00	1000.00	4000.00	997688.20	976142.53	0.00	997688.20	0.00	2026-04-14 01:53:24.132067+01	AS201651	4
4763	3	2026	0.00	0.00	977264.45	25000.00	19000.00	1000.00	1000.00	4000.00	996263.76	974721.79	0.00	996263.76	0.00	2026-04-14 01:53:24.135153+01	AS201653	4
4764	3	2026	0.00	0.00	987726.65	23000.00	17000.00	1000.00	1000.00	4000.00	1004726.02	983156.84	0.00	1004726.02	0.00	2026-04-14 01:53:24.137809+01	AS201654	4
4765	3	2026	0.00	0.00	1030379.41	25000.00	19000.00	1000.00	1000.00	4000.00	1049379.04	1027698.91	0.00	1049379.04	0.00	2026-04-14 01:53:24.14041+01	AS201656	4
4766	3	2026	0.00	0.00	976951.62	22000.00	16000.00	1000.00	1000.00	4000.00	992950.92	971409.77	0.00	992950.92	0.00	2026-04-14 01:53:24.142868+01	AS201657	4
4767	3	2026	0.00	0.00	980675.55	25000.00	19000.00	1000.00	1000.00	4000.00	999669.17	978118.34	0.00	999669.17	0.00	2026-04-14 01:53:24.145379+01	AS201658	4
4768	3	2026	0.00	0.00	681968.00	22000.00	16000.00	1000.00	1000.00	4000.00	697968.00	0.00	0.00	697968.00	0.00	2026-04-14 01:53:24.147398+01	AS201629	4
4769	3	2026	0.00	0.00	1000330.71	25000.00	19000.00	1000.00	1000.00	4000.00	1019336.04	1007734.06	0.00	1019336.04	0.00	2026-04-14 01:53:24.149397+01	AS201659	4
4770	3	2026	0.00	0.00	978326.61	25000.00	19000.00	1000.00	1000.00	4000.00	997325.95	975781.22	0.00	997325.95	0.00	2026-04-14 01:53:24.15141+01	AS201660	4
4771	3	2026	0.00	0.00	1001664.42	25000.00	19000.00	1000.00	1000.00	4000.00	1020663.87	999058.44	0.00	1020663.87	0.00	2026-04-14 01:53:24.153504+01	AS201661	4
4772	3	2026	0.00	0.00	71894.85	22000.00	16000.00	1000.00	1000.00	4000.00	87894.85	0.00	0.00	87894.85	0.00	2026-04-14 01:53:24.155532+01	AS201662	4
4773	3	2026	0.00	0.00	1018485.48	25000.00	19000.00	1000.00	1000.00	4000.00	1037485.03	1015835.84	0.00	1037485.03	0.00	2026-04-14 01:53:24.157622+01	AS201663	4
4293	3	2025	0.00	0.00	1081776.68	0.00	0.00	0.00	0.00	0.00	1081160.42	1081776.68	18240.10	1099400.52	0.00	2026-04-14 01:52:45.125558+01	AS201648	3
4294	3	2025	0.00	0.00	903697.00	25000.00	19000.00	1000.00	1000.00	4000.00	922197.75	922697.00	15557.82	937755.57	0.00	2026-04-14 01:52:45.131541+01	AS201601	3
4295	3	2025	0.00	0.00	1024323.82	25000.00	19000.00	1000.00	1000.00	4000.00	1042738.22	1043323.82	17591.74	1060329.96	0.00	2026-04-14 01:52:45.138783+01	AS201602	3
4296	3	2025	0.00	0.00	889777.63	25000.00	19000.00	1000.00	1000.00	4000.00	909564.73	908777.63	15323.12	924887.85	0.00	2026-04-14 01:52:45.146565+01	AS201604	3
4297	3	2025	0.00	0.00	889507.54	25000.00	19000.00	1000.00	1000.00	4000.00	909294.41	908507.54	15318.57	924612.98	0.00	2026-04-14 01:52:45.154412+01	AS201605	3
4298	3	2025	0.00	0.00	1570393.24	35000.00	29000.00	1000.00	1000.00	4000.00	1598518.83	1599393.24	26967.77	1625486.60	0.00	2026-04-14 01:52:45.163637+01	AS201608	3
4299	3	2025	0.00	0.00	1626700.99	25000.00	19000.00	1000.00	1000.00	4000.00	1644771.65	1645700.99	27748.57	1672520.22	0.00	2026-04-14 01:52:45.171187+01	AS201609	3
4300	3	2025	0.00	0.00	890305.52	25000.00	19000.00	1000.00	1000.00	4000.00	910093.09	909305.52	15332.02	925425.11	0.00	2026-04-14 01:52:45.182798+01	AS201611	3
4301	3	2025	0.00	0.00	976214.76	50000.00	44000.00	1000.00	1000.00	4000.00	1019646.54	1020214.76	17202.09	1036848.63	0.00	2026-04-14 01:52:45.192128+01	AS201613	3
4302	3	2025	0.00	0.00	889471.45	25000.00	19000.00	1000.00	1000.00	4000.00	909258.28	908471.45	15317.96	924576.24	0.00	2026-04-14 01:52:45.200545+01	AS201617	3
4303	3	2025	0.00	0.00	914649.65	36500.00	30500.00	1000.00	1000.00	4000.00	944644.24	945149.65	15936.40	960580.64	0.00	2026-04-14 01:52:45.210051+01	AS201619	3
4304	3	2025	0.00	0.00	0.00	0.00	0.00	0.00	0.00	0.00	0.00	0.00	0.00	0.00	0.00	2026-04-14 01:52:45.217349+01	AS201620	3
4305	3	2025	0.00	600000.00	1440518.97	25000.00	19000.00	1000.00	1000.00	4000.00	858698.24	0.00	0.00	858698.24	0.00	2026-04-14 01:52:45.221791+01	AS201621	3
4306	3	2025	0.00	0.00	1174998.85	35000.00	29000.00	1000.00	1000.00	4000.00	1203322.12	1203998.85	20300.92	1223623.04	0.00	2026-04-14 01:52:45.228673+01	AS201622	3
4307	3	2025	0.00	0.00	1287814.42	40000.00	34000.00	1000.00	1000.00	4000.00	1321078.29	1321814.42	22287.44	1343365.73	0.00	2026-04-14 01:52:45.23854+01	AS201624	3
4308	3	2025	0.00	0.00	892450.86	18500.00	12500.00	1000.00	1000.00	4000.00	905740.33	904950.86	15258.60	920998.93	0.00	2026-04-14 01:52:45.248969+01	AS201626	3
4309	3	2025	0.00	0.00	903179.37	25000.00	19000.00	1000.00	1000.00	4000.00	921680.31	922179.37	15549.09	937229.40	0.00	2026-04-14 01:52:45.258999+01	AS201628	3
4310	3	2025	0.00	0.00	1025036.90	25000.00	19000.00	1000.00	1000.00	4000.00	1043449.39	1044036.90	17603.76	1061053.15	0.00	2026-04-14 01:52:45.270152+01	AS201633	3
4311	3	2025	0.00	0.00	933357.85	25000.00	-23000.00	8000.00	8000.00	32000.00	951884.03	910357.85	15349.77	967233.80	0.00	2026-04-14 01:52:45.278555+01	AS201638	3
4312	3	2025	0.00	0.00	891019.22	25000.00	19000.00	1000.00	1000.00	4000.00	910807.43	910019.22	15344.06	926151.49	0.00	2026-04-14 01:52:45.285632+01	AS201639	3
4313	3	2025	0.00	0.00	889151.55	25000.00	19000.00	1000.00	1000.00	4000.00	908938.10	908151.55	15312.57	924250.67	0.00	2026-04-14 01:52:45.294573+01	AS201641	3
4314	3	2025	0.00	0.00	0.00	25000.00	19000.00	1000.00	1000.00	4000.00	0.00	0.00	0.00	0.00	0.00	2026-04-14 01:52:45.302065+01	AS201643	3
4315	3	2025	0.00	0.00	1663093.45	25000.00	19000.00	1000.00	1000.00	4000.00	1681133.72	1682093.45	28362.20	1709495.92	0.00	2026-04-14 01:52:45.309493+01	AS201646	3
4316	3	2025	0.00	0.00	2154811.13	25000.00	19000.00	1000.00	1000.00	4000.00	2172577.60	2173811.13	36653.17	2209230.77	0.00	2026-04-14 01:52:45.316127+01	AS201647	3
4317	3	2025	0.00	0.00	891739.27	25000.00	19000.00	1000.00	1000.00	4000.00	911528.10	910739.27	15356.20	926884.30	0.00	2026-04-14 01:52:45.321958+01	AS201649	3
4318	3	2025	0.00	0.00	889484.12	25000.00	19000.00	1000.00	1000.00	4000.00	909270.96	908484.12	15318.17	924589.13	0.00	2026-04-14 01:52:45.333232+01	AS201651	3
4319	3	2025	0.00	0.00	967694.09	25000.00	19000.00	1000.00	1000.00	4000.00	986137.42	986694.09	16636.89	1002774.31	0.00	2026-04-14 01:52:45.341678+01	AS201653	3
4320	3	2025	0.00	0.00	890414.26	34500.00	28500.00	1000.00	1000.00	4000.00	919701.93	918914.26	15494.04	935195.97	0.00	2026-04-14 01:52:45.352313+01	AS201654	3
4321	3	2025	0.00	0.00	864647.94	25000.00	19000.00	1000.00	1000.00	4000.00	884412.81	0.00	0.00	884412.81	0.00	2026-04-14 01:52:45.36106+01	AS201656	3
4322	3	2025	0.00	0.00	872230.55	25000.00	19000.00	1000.00	1000.00	4000.00	892002.14	0.00	0.00	892002.14	0.00	2026-04-14 01:52:45.368204+01	AS201657	3
4323	3	2025	0.00	0.00	848454.38	30000.00	24000.00	1000.00	1000.00	4000.00	873204.93	0.00	0.00	873204.93	0.00	2026-04-14 01:52:45.375628+01	AS201658	3
4324	3	2025	0.00	0.00	0.00	25000.00	19000.00	1000.00	1000.00	4000.00	0.00	0.00	0.00	0.00	0.00	2026-04-14 01:52:45.381349+01	AS201629	3
4325	3	2025	0.00	0.00	883018.52	25000.00	19000.00	1000.00	1000.00	4000.00	902799.64	902018.52	15209.16	918008.80	0.00	2026-04-14 01:52:45.386292+01	AS201659	3
4326	3	2025	0.00	0.00	879182.87	25000.00	19000.00	1000.00	1000.00	4000.00	898960.60	0.00	0.00	898960.60	0.00	2026-04-14 01:52:45.391264+01	AS201660	3
4327	3	2025	0.00	0.00	1044245.09	25000.00	19000.00	1000.00	1000.00	4000.00	1062645.76	1063245.09	17927.64	1080573.40	0.00	2026-04-14 01:52:45.394143+01	AS201661	3
4328	3	2025	0.00	0.00	0.00	22000.00	16000.00	1000.00	1000.00	4000.00	0.00	0.00	0.00	0.00	0.00	2026-04-14 01:52:45.397834+01	AS201662	3
4329	3	2025	0.00	0.00	0.00	25000.00	19000.00	1000.00	1000.00	4000.00	0.00	0.00	0.00	0.00	0.00	2026-04-14 01:52:45.400678+01	AS201663	3
4330	4	2025	0.00	0.00	1099400.52	0.00	0.00	0.00	0.00	0.00	1097006.61	1099400.52	289.36	1097295.97	0.00	2026-04-14 01:52:45.453978+01	AS201648	3
4331	4	2025	0.00	0.00	937755.57	0.00	0.00	0.00	0.00	0.00	935714.08	937755.57	246.81	935960.89	0.00	2026-04-14 01:52:45.459745+01	AS201601	3
4332	4	2025	0.00	0.00	1060329.96	25000.00	19000.00	1000.00	1000.00	4000.00	1077021.27	1079329.96	284.08	1077305.35	0.00	2026-04-14 01:52:45.467395+01	AS201602	3
4333	4	2025	0.00	0.00	924887.85	25000.00	19000.00	1000.00	1000.00	4000.00	941895.90	943887.85	248.43	942144.33	5000.00	2026-04-14 01:52:45.474934+01	AS201604	3
4334	4	2025	0.00	0.00	924612.98	25000.00	19000.00	1000.00	1000.00	4000.00	941621.62	943612.98	248.36	941869.98	0.00	2026-04-14 01:52:45.483704+01	AS201605	3
4335	4	2025	0.00	0.00	1625486.60	35000.00	29000.00	1000.00	1000.00	4000.00	1650947.76	1654486.60	435.46	1651383.22	0.00	2026-04-14 01:52:45.492147+01	AS201608	3
4336	4	2025	0.00	0.00	1672520.22	25000.00	19000.00	1000.00	1000.00	4000.00	1687878.50	1691520.22	445.21	1688323.71	0.00	2026-04-14 01:52:45.498757+01	AS201609	3
4337	4	2025	0.00	0.00	925425.11	20000.00	14000.00	1000.00	1000.00	4000.00	937432.00	939425.11	247.25	937679.25	0.00	2026-04-14 01:52:45.507389+01	AS201611	3
4338	4	2025	0.00	0.00	1036848.63	20000.00	14000.00	1000.00	1000.00	4000.00	1048591.15	1050848.63	276.58	1048867.73	0.00	2026-04-14 01:52:45.516183+01	AS201613	3
4339	4	2025	0.00	0.00	924576.24	25000.00	19000.00	1000.00	1000.00	4000.00	941584.96	943576.24	248.35	941833.31	0.00	2026-04-14 01:52:45.523852+01	AS201617	3
4340	4	2025	0.00	0.00	960580.64	33000.00	27000.00	1000.00	1000.00	4000.00	985489.56	987580.64	259.93	985749.49	0.00	2026-04-14 01:52:45.5336+01	AS201619	3
4341	4	2025	0.00	0.00	0.00	0.00	0.00	0.00	0.00	0.00	0.00	0.00	0.00	0.00	0.00	2026-04-14 01:52:45.542141+01	AS201620	3
4342	4	2025	0.00	0.00	858698.24	25000.00	19000.00	1000.00	1000.00	4000.00	890283.88	0.00	0.00	890283.88	0.00	2026-04-14 01:52:45.551339+01	AS201621	3
4343	4	2025	0.00	0.00	1223623.04	35000.00	29000.00	1000.00	1000.00	4000.00	1249958.79	1252623.04	329.69	1250288.48	0.00	2026-04-14 01:52:45.557531+01	AS201622	3
4344	4	2025	0.00	0.00	1343365.73	40000.00	34000.00	1000.00	1000.00	4000.00	1374440.87	1377365.73	362.52	1374803.39	0.00	2026-04-14 01:52:45.563274+01	AS201624	3
4345	4	2025	0.00	0.00	920998.93	25500.00	19500.00	1000.00	1000.00	4000.00	938515.45	940498.93	247.54	938762.99	0.00	2026-04-14 01:52:45.566978+01	AS201626	3
4346	4	2025	0.00	0.00	937229.40	25000.00	19000.00	1000.00	1000.00	4000.00	954189.06	956229.40	251.68	954440.74	0.00	2026-04-14 01:52:45.571431+01	AS201628	3
4351	4	2025	0.00	0.00	0.00	22000.00	16000.00	1000.00	1000.00	4000.00	0.00	0.00	0.00	0.00	0.00	2026-04-14 01:52:45.587927+01	AS201643	3
4347	4	2025	0.00	0.00	1061053.15	25000.00	19000.00	1000.00	1000.00	4000.00	1077742.86	1080053.15	284.27	1078027.13	0.00	2026-04-14 01:52:45.575056+01	AS201633	3
4348	4	2025	0.00	0.00	967233.80	25000.00	-23000.00	8000.00	8000.00	32000.00	984835.46	944233.80	248.52	985083.98	0.00	2026-04-14 01:52:45.577989+01	AS201638	3
4349	4	2025	0.00	0.00	926151.49	25000.00	19000.00	1000.00	1000.00	4000.00	943156.81	945151.49	248.76	943405.57	0.00	2026-04-14 01:52:45.580787+01	AS201639	3
4350	4	2025	0.00	0.00	924250.67	25000.00	19000.00	1000.00	1000.00	4000.00	941260.09	943250.67	248.26	941508.35	0.00	2026-04-14 01:52:45.584394+01	AS201641	3
4352	4	2025	0.00	0.00	1709495.92	25000.00	19000.00	1000.00	1000.00	4000.00	1724773.51	1728495.92	454.94	1725228.45	0.00	2026-04-14 01:52:45.59608+01	AS201646	3
4353	4	2025	0.00	0.00	2209230.77	25000.00	19000.00	1000.00	1000.00	4000.00	2223420.31	2228230.77	586.47	2224006.78	0.00	2026-04-14 01:52:45.603834+01	AS201647	3
4354	4	2025	0.00	0.00	926884.30	25000.00	19000.00	1000.00	1000.00	4000.00	943888.05	945884.30	248.95	944137.00	0.00	2026-04-14 01:52:45.611785+01	AS201649	3
4355	4	2025	0.00	0.00	924589.13	25000.00	19000.00	1000.00	1000.00	4000.00	941597.83	943589.13	248.35	941846.18	0.00	2026-04-14 01:52:45.620565+01	AS201651	3
4356	4	2025	0.00	0.00	1002774.31	25000.00	19000.00	1000.00	1000.00	4000.00	1019590.90	1021774.31	268.93	1019859.83	0.00	2026-04-14 01:52:45.629475+01	AS201653	3
4357	4	2025	0.00	0.00	935195.97	25000.00	19000.00	1000.00	1000.00	4000.00	952181.68	954195.97	251.14	952432.82	0.00	2026-04-14 01:52:45.638955+01	AS201654	3
4358	4	2025	0.00	0.00	884412.81	25000.00	19000.00	1000.00	1000.00	4000.00	916375.34	903412.81	237.78	916613.12	0.00	2026-04-14 01:52:45.646169+01	AS201656	3
4359	4	2025	0.00	0.00	892002.14	25000.00	19000.00	1000.00	1000.00	4000.00	924075.90	911002.14	239.77	924315.67	0.00	2026-04-14 01:52:45.652555+01	AS201657	3
4360	4	2025	0.00	0.00	873204.93	25000.00	19000.00	1000.00	1000.00	4000.00	905003.19	892204.93	234.83	905238.02	0.00	2026-04-14 01:52:45.659784+01	AS201658	3
4361	4	2025	0.00	0.00	0.00	22000.00	16000.00	1000.00	1000.00	4000.00	0.00	0.00	0.00	0.00	0.00	2026-04-14 01:52:45.66334+01	AS201629	3
4362	4	2025	0.00	0.00	918008.80	25000.00	19000.00	1000.00	1000.00	4000.00	935031.66	937008.80	246.62	935278.28	0.00	2026-04-14 01:52:45.666141+01	AS201659	3
4363	4	2025	0.00	0.00	898960.60	25000.00	19000.00	1000.00	1000.00	4000.00	931136.35	917960.60	241.60	931377.95	0.00	2026-04-14 01:52:45.66974+01	AS201660	3
4364	4	2025	0.00	0.00	1080573.40	25000.00	19000.00	1000.00	1000.00	4000.00	1097220.59	1099573.40	289.41	1097510.00	0.00	2026-04-14 01:52:45.672475+01	AS201661	3
4365	4	2025	0.00	0.00	0.00	22000.00	16000.00	1000.00	1000.00	4000.00	0.00	0.00	0.00	0.00	0.00	2026-04-14 01:52:45.676013+01	AS201662	3
4366	4	2025	0.00	0.00	0.00	25000.00	19000.00	1000.00	1000.00	4000.00	0.00	0.00	0.00	0.00	0.00	2026-04-14 01:52:45.678822+01	AS201663	3
4367	5	2025	0.00	0.00	1097295.97	0.00	0.00	0.00	0.00	0.00	1097287.79	1097287.79	0.00	1097287.79	0.00	2026-04-14 01:52:45.733135+01	AS201648	3
4368	5	2025	0.00	0.00	935960.89	45000.00	39000.00	1000.00	1000.00	4000.00	968953.91	968953.91	0.00	968953.91	0.00	2026-04-14 01:52:45.7364+01	AS201601	3
4369	5	2025	0.00	0.00	1077305.35	25000.00	19000.00	1000.00	1000.00	4000.00	1096297.32	1096297.32	0.00	1096297.32	0.00	2026-04-14 01:52:45.739979+01	AS201602	3
4370	5	2025	0.00	0.00	942144.33	25000.00	19000.00	1000.00	1000.00	4000.00	961137.32	961137.32	0.00	961137.32	0.00	2026-04-14 01:52:45.743511+01	AS201604	3
4371	5	2025	0.00	0.00	941869.98	25000.00	19000.00	1000.00	1000.00	4000.00	960862.97	960862.97	0.00	960862.97	0.00	2026-04-14 01:52:45.747823+01	AS201605	3
4372	5	2025	0.00	0.00	1651383.22	35000.00	29000.00	1000.00	1000.00	4000.00	1680370.92	1680370.92	0.00	1680370.92	0.00	2026-04-14 01:52:45.752098+01	AS201608	3
4373	5	2025	0.00	0.00	1688323.71	25000.00	19000.00	1000.00	1000.00	4000.00	1707311.12	1707311.12	0.00	1707311.12	0.00	2026-04-14 01:52:45.755656+01	AS201609	3
4374	5	2025	0.00	0.00	937679.25	25000.00	19000.00	1000.00	1000.00	4000.00	956672.28	956672.28	0.00	956672.28	0.00	2026-04-14 01:52:45.759928+01	AS201611	3
4375	5	2025	0.00	0.00	1048867.73	50000.00	44000.00	1000.00	1000.00	4000.00	1092859.91	1092859.91	0.00	1092859.91	0.00	2026-04-14 01:52:45.764172+01	AS201613	3
4376	5	2025	0.00	0.00	941833.31	25000.00	19000.00	1000.00	1000.00	4000.00	960826.30	960826.30	0.00	960826.30	0.00	2026-04-14 01:52:45.767882+01	AS201617	3
4377	5	2025	0.00	0.00	985749.49	25000.00	19000.00	1000.00	1000.00	4000.00	1004742.15	1004742.15	0.00	1004742.15	0.00	2026-04-14 01:52:45.772293+01	AS201619	3
4378	5	2025	0.00	0.00	0.00	0.00	0.00	0.00	0.00	0.00	0.00	0.00	0.00	0.00	0.00	2026-04-14 01:52:45.776545+01	AS201620	3
4379	5	2025	0.00	0.00	890283.88	25000.00	19000.00	1000.00	1000.00	4000.00	909512.07	909512.07	0.00	909512.07	0.00	2026-04-14 01:52:45.780977+01	AS201621	3
4380	5	2025	0.00	0.00	1250288.48	35000.00	29000.00	1000.00	1000.00	4000.00	1279279.16	1279279.16	0.00	1279279.16	0.00	2026-04-14 01:52:45.784509+01	AS201622	3
4381	5	2025	0.00	0.00	1374803.39	40000.00	34000.00	1000.00	1000.00	4000.00	1408793.15	1408793.15	0.00	1408793.15	0.00	2026-04-14 01:52:45.788792+01	AS201624	3
4382	5	2025	0.00	0.00	938762.99	25000.00	19000.00	1000.00	1000.00	4000.00	957756.00	957756.00	0.00	957756.00	0.00	2026-04-14 01:52:45.792346+01	AS201626	3
4383	5	2025	0.00	0.00	954440.74	25000.00	19000.00	1000.00	1000.00	4000.00	973433.63	973433.63	0.00	973433.63	0.00	2026-04-14 01:52:45.798428+01	AS201628	3
4384	5	2025	0.00	0.00	1078027.13	25000.00	19000.00	1000.00	1000.00	4000.00	1097019.09	1097019.09	0.00	1097019.09	0.00	2026-04-14 01:52:45.802044+01	AS201633	3
4385	5	2025	0.00	0.00	985083.98	25000.00	-23000.00	8000.00	8000.00	32000.00	1004087.88	1004087.88	0.00	1004087.88	0.00	2026-04-14 01:52:45.804899+01	AS201638	3
4386	5	2025	0.00	0.00	943405.57	25000.00	19000.00	1000.00	1000.00	4000.00	962398.55	962398.55	0.00	962398.55	0.00	2026-04-14 01:52:45.807862+01	AS201639	3
4387	5	2025	0.00	0.00	941508.35	25000.00	19000.00	1000.00	1000.00	4000.00	960501.34	960501.34	0.00	960501.34	0.00	2026-04-14 01:52:45.811402+01	AS201641	3
4388	5	2025	0.00	0.00	0.00	25000.00	19000.00	1000.00	1000.00	4000.00	0.00	0.00	0.00	0.00	0.00	2026-04-14 01:52:45.814936+01	AS201643	3
4389	5	2025	0.00	0.00	1725228.45	25000.00	19000.00	1000.00	1000.00	4000.00	1744215.59	1744215.59	0.00	1744215.59	0.00	2026-04-14 01:52:45.818556+01	AS201646	3
4390	5	2025	0.00	0.00	2224006.78	25000.00	19000.00	1000.00	1000.00	4000.00	2242990.20	2242990.20	0.00	2242990.20	0.00	2026-04-14 01:52:45.822163+01	AS201647	3
4391	5	2025	0.00	0.00	944137.00	25000.00	19000.00	1000.00	1000.00	4000.00	963129.98	963129.98	0.00	963129.98	0.00	2026-04-14 01:52:45.825777+01	AS201649	3
4392	5	2025	0.00	0.00	941846.18	25000.00	19000.00	1000.00	1000.00	4000.00	960839.17	960839.17	0.00	960839.17	0.00	2026-04-14 01:52:45.829319+01	AS201651	3
4393	5	2025	0.00	0.00	1019859.83	25000.00	19000.00	1000.00	1000.00	4000.00	1038852.23	1038852.23	0.00	1038852.23	0.00	2026-04-14 01:52:45.832977+01	AS201653	3
4394	5	2025	0.00	0.00	952432.82	25000.00	19000.00	1000.00	1000.00	4000.00	971425.73	971425.73	0.00	971425.73	0.00	2026-04-14 01:52:45.838612+01	AS201654	3
4395	5	2025	0.00	0.00	916613.12	25000.00	19000.00	1000.00	1000.00	4000.00	935610.22	935610.22	0.00	935610.22	0.00	2026-04-14 01:52:45.843862+01	AS201656	3
4396	5	2025	0.00	0.00	924315.67	25000.00	19000.00	1000.00	1000.00	4000.00	943312.75	943312.75	0.00	943312.75	0.00	2026-04-14 01:52:45.851117+01	AS201657	3
4397	5	2025	0.00	0.00	905238.02	25000.00	19000.00	1000.00	1000.00	4000.00	924235.15	924235.15	0.00	924235.15	0.00	2026-04-14 01:52:45.859046+01	AS201658	3
4398	5	2025	0.00	0.00	0.00	25000.00	19000.00	1000.00	1000.00	4000.00	0.00	0.00	0.00	0.00	0.00	2026-04-14 01:52:45.863441+01	AS201629	3
4399	5	2025	0.00	0.00	935278.28	25000.00	19000.00	1000.00	1000.00	4000.00	954271.32	954271.32	0.00	954271.32	0.00	2026-04-14 01:52:45.867003+01	AS201659	3
4400	5	2025	0.00	0.00	931377.95	25000.00	19000.00	1000.00	1000.00	4000.00	950375.01	950375.01	0.00	950375.01	0.00	2026-04-14 01:52:45.87116+01	AS201660	3
4401	5	2025	0.00	0.00	1097510.00	25000.00	19000.00	1000.00	1000.00	4000.00	1116501.82	1116501.82	0.00	1116501.82	0.00	2026-04-14 01:52:45.874043+01	AS201661	3
4402	5	2025	0.00	0.00	0.00	22000.00	16000.00	1000.00	1000.00	4000.00	0.00	0.00	0.00	0.00	0.00	2026-04-14 01:52:45.87765+01	AS201662	3
4403	5	2025	0.00	0.00	0.00	25000.00	19000.00	1000.00	1000.00	4000.00	0.00	0.00	0.00	0.00	0.00	2026-04-14 01:52:45.880493+01	AS201663	3
4404	6	2025	0.00	0.00	1097287.79	0.00	0.00	0.00	0.00	0.00	1097287.79	1097287.79	3165.35	1100453.14	0.00	2026-04-14 01:52:45.907015+01	AS201648	3
4415	6	2025	0.00	0.00	0.00	0.00	0.00	0.00	0.00	0.00	0.00	0.00	0.00	0.00	0.00	2026-04-14 01:52:45.954721+01	AS201620	3
4405	6	2025	0.00	0.00	968953.91	25000.00	19000.00	1000.00	1000.00	4000.00	987953.91	987953.91	2849.95	990803.86	0.00	2026-04-14 01:52:45.91179+01	AS201601	3
4406	6	2025	0.00	0.00	1096297.32	25000.00	19000.00	1000.00	1000.00	4000.00	1115297.32	1115297.32	3217.30	1118514.62	0.00	2026-04-14 01:52:45.917595+01	AS201602	3
4407	6	2025	0.00	0.00	961137.32	25000.00	19000.00	1000.00	1000.00	4000.00	980137.32	980137.32	2827.40	982964.72	0.00	2026-04-14 01:52:45.921579+01	AS201604	3
4408	6	2025	0.00	0.00	960862.97	25000.00	19000.00	1000.00	1000.00	4000.00	979862.97	979862.97	2826.61	982689.58	0.00	2026-04-14 01:52:45.925946+01	AS201605	3
4409	6	2025	0.00	0.00	1680370.92	36000.00	30000.00	1000.00	1000.00	4000.00	1710370.92	1710370.92	4933.91	1715304.83	0.00	2026-04-14 01:52:45.93031+01	AS201608	3
4410	6	2025	0.00	0.00	1707311.12	25000.00	19000.00	1000.00	1000.00	4000.00	1726311.12	1726311.12	4979.89	1731291.01	0.00	2026-04-14 01:52:45.93389+01	AS201609	3
4411	6	2025	0.00	0.00	956672.28	25000.00	19000.00	1000.00	1000.00	4000.00	975672.28	975672.28	2814.52	978486.80	0.00	2026-04-14 01:52:45.938259+01	AS201611	3
4412	6	2025	0.00	0.00	1092859.91	50000.00	44000.00	1000.00	1000.00	4000.00	1136859.91	1136859.91	3279.50	1140139.41	0.00	2026-04-14 01:52:45.942578+01	AS201613	3
4413	6	2025	0.00	0.00	960826.30	25000.00	19000.00	1000.00	1000.00	4000.00	979826.30	979826.30	2826.51	982652.81	0.00	2026-04-14 01:52:45.946089+01	AS201617	3
4414	6	2025	0.00	0.00	1004742.15	35000.00	29000.00	1000.00	1000.00	4000.00	1033742.15	1033742.15	2982.04	1036724.19	0.00	2026-04-14 01:52:45.950475+01	AS201619	3
4416	6	2025	0.00	0.00	909512.07	25000.00	19000.00	1000.00	1000.00	4000.00	928512.07	928512.07	2678.48	931190.55	0.00	2026-04-14 01:52:45.959132+01	AS201621	3
4417	6	2025	0.00	0.00	1279279.16	35000.00	29000.00	1000.00	1000.00	4000.00	1308279.16	1308279.16	3774.00	1312053.16	0.00	2026-04-14 01:52:45.962703+01	AS201622	3
4418	6	2025	0.00	0.00	1408793.15	40000.00	34000.00	1000.00	1000.00	4000.00	1442793.15	1442793.15	4162.03	1446955.18	0.00	2026-04-14 01:52:45.967022+01	AS201624	3
4419	6	2025	0.00	0.00	957756.00	23000.00	17000.00	1000.00	1000.00	4000.00	974756.00	974756.00	2811.88	977567.88	0.00	2026-04-14 01:52:45.970571+01	AS201626	3
4420	6	2025	0.00	0.00	973433.63	25000.00	19000.00	1000.00	1000.00	4000.00	992433.63	992433.63	2862.87	995296.50	0.00	2026-04-14 01:52:45.974891+01	AS201628	3
4421	6	2025	0.00	0.00	1097019.09	25000.00	19000.00	1000.00	1000.00	4000.00	1116019.09	1116019.09	3219.38	1119238.47	0.00	2026-04-14 01:52:45.978429+01	AS201633	3
4422	6	2025	0.00	0.00	1004087.88	25500.00	-22500.00	8000.00	8000.00	32000.00	1023587.88	981587.88	2831.59	1026419.47	0.00	2026-04-14 01:52:45.981337+01	AS201638	3
4423	6	2025	0.00	0.00	962398.55	25000.00	19000.00	1000.00	1000.00	4000.00	981398.55	981398.55	2831.04	984229.59	0.00	2026-04-14 01:52:45.985025+01	AS201639	3
4424	6	2025	0.00	0.00	960501.34	25000.00	19000.00	1000.00	1000.00	4000.00	979501.34	979501.34	2825.57	982326.91	0.00	2026-04-14 01:52:45.992969+01	AS201641	3
4425	6	2025	0.00	0.00	0.00	25000.00	19000.00	1000.00	1000.00	4000.00	0.00	0.00	0.00	0.00	0.00	2026-04-14 01:52:46.001093+01	AS201643	3
4426	6	2025	0.00	0.00	1744215.59	22000.00	16000.00	1000.00	1000.00	4000.00	1760215.59	1760215.59	5077.70	1765293.29	0.00	2026-04-14 01:52:46.008617+01	AS201646	3
4427	6	2025	0.00	0.00	2242990.20	25000.00	19000.00	1000.00	1000.00	4000.00	2261990.20	2261990.20	6525.17	2268515.37	0.00	2026-04-14 01:52:46.016697+01	AS201647	3
4428	6	2025	0.00	0.00	963129.98	24000.00	18000.00	1000.00	1000.00	4000.00	981129.98	981129.98	2830.27	983960.25	0.00	2026-04-14 01:52:46.024449+01	AS201649	3
4429	6	2025	0.00	0.00	960839.17	25000.00	19000.00	1000.00	1000.00	4000.00	979839.17	979839.17	2826.54	982665.71	0.00	2026-04-14 01:52:46.028756+01	AS201651	3
4430	6	2025	0.00	0.00	1038852.23	25000.00	19000.00	1000.00	1000.00	4000.00	1057852.23	1057852.23	3051.59	1060903.82	0.00	2026-04-14 01:52:46.032331+01	AS201653	3
4431	6	2025	0.00	0.00	971425.73	25500.00	19500.00	1000.00	1000.00	4000.00	990925.73	990925.73	2858.52	993784.25	0.00	2026-04-14 01:52:46.036705+01	AS201654	3
4432	6	2025	0.00	0.00	935610.22	25000.00	19000.00	1000.00	1000.00	4000.00	954610.22	954610.22	2753.76	957363.98	0.00	2026-04-14 01:52:46.040366+01	AS201656	3
4433	6	2025	0.00	0.00	943312.75	25000.00	19000.00	1000.00	1000.00	4000.00	962312.75	962312.75	2775.98	965088.73	0.00	2026-04-14 01:52:46.043981+01	AS201657	3
4434	6	2025	0.00	0.00	924235.15	25000.00	19000.00	1000.00	1000.00	4000.00	943235.15	943235.15	2720.95	945956.10	0.00	2026-04-14 01:52:46.047639+01	AS201658	3
4435	6	2025	0.00	0.00	0.00	22000.00	16000.00	1000.00	1000.00	4000.00	0.00	0.00	0.00	0.00	0.00	2026-04-14 01:52:46.050415+01	AS201629	3
4436	6	2025	0.00	0.00	954271.32	25000.00	19000.00	1000.00	1000.00	4000.00	973271.32	973271.32	2807.60	976078.92	0.00	2026-04-14 01:52:46.053219+01	AS201659	3
4437	6	2025	0.00	0.00	950375.01	25000.00	19000.00	1000.00	1000.00	4000.00	969375.01	969375.01	2796.36	972171.37	0.00	2026-04-14 01:52:46.056831+01	AS201660	3
4438	6	2025	0.00	0.00	1116501.82	25000.00	19000.00	1000.00	1000.00	4000.00	1135501.82	1135501.82	3275.58	1138777.40	0.00	2026-04-14 01:52:46.059569+01	AS201661	3
4439	6	2025	0.00	0.00	0.00	22000.00	16000.00	1000.00	1000.00	4000.00	0.00	0.00	0.00	0.00	0.00	2026-04-14 01:52:46.063159+01	AS201662	3
4440	6	2025	0.00	0.00	0.00	25000.00	19000.00	1000.00	1000.00	4000.00	0.00	0.00	0.00	0.00	0.00	2026-04-14 01:52:46.065912+01	AS201663	3
4441	7	2025	0.00	0.00	1100453.14	0.00	0.00	0.00	0.00	0.00	1100449.49	1100453.14	1629.42	1102078.91	0.00	2026-04-14 01:52:46.120694+01	AS201648	3
4442	7	2025	0.00	0.00	990803.86	25000.00	19000.00	1000.00	1000.00	4000.00	1009800.58	1009803.86	1495.20	1011295.78	0.00	2026-04-14 01:52:46.124073+01	AS201601	3
4443	7	2025	0.00	0.00	1118514.62	25000.00	19000.00	1000.00	1000.00	4000.00	1137510.91	1137514.62	1684.30	1139195.21	0.00	2026-04-14 01:52:46.127747+01	AS201602	3
4444	7	2025	0.00	0.00	982964.72	25000.00	19000.00	1000.00	1000.00	4000.00	1001961.47	1001964.72	1483.59	1003445.06	0.00	2026-04-14 01:52:46.131341+01	AS201604	3
4445	7	2025	0.00	0.00	982689.58	25000.00	19000.00	1000.00	1000.00	4000.00	1001686.32	1001689.58	1483.19	1003169.51	0.00	2026-04-14 01:52:46.135769+01	AS201605	3
4446	7	2025	0.00	0.00	1715304.83	38500.00	32500.00	1000.00	1000.00	4000.00	1747799.15	1747804.83	2587.95	1750387.10	0.00	2026-04-14 01:52:46.140157+01	AS201608	3
4447	7	2025	0.00	0.00	1731291.01	25000.00	19000.00	1000.00	1000.00	4000.00	1750285.28	1750291.01	2591.63	1752876.91	0.00	2026-04-14 01:52:46.143811+01	AS201609	3
4448	7	2025	0.00	0.00	978486.80	25000.00	19000.00	1000.00	1000.00	4000.00	997483.56	997486.80	1476.96	998960.52	0.00	2026-04-14 01:52:46.148226+01	AS201611	3
4449	7	2025	0.00	0.00	1140139.41	39500.00	33500.00	1000.00	1000.00	4000.00	1173635.64	1173639.41	1737.79	1175373.43	0.00	2026-04-14 01:52:46.152563+01	AS201613	3
4450	7	2025	0.00	0.00	982652.81	25000.00	19000.00	1000.00	1000.00	4000.00	1001649.55	1001652.81	1483.13	1003132.68	0.00	2026-04-14 01:52:46.156139+01	AS201617	3
4451	7	2025	0.00	0.00	1036724.19	34000.00	28000.00	1000.00	1000.00	4000.00	1064720.75	1064724.19	1576.52	1066297.27	0.00	2026-04-14 01:52:46.160493+01	AS201619	3
4452	7	2025	0.00	0.00	0.00	0.00	0.00	0.00	0.00	0.00	0.00	0.00	0.00	0.00	0.00	2026-04-14 01:52:46.164873+01	AS201620	3
4453	7	2025	0.00	0.00	931190.55	25000.00	19000.00	1000.00	1000.00	4000.00	950187.46	950190.55	1406.93	951594.39	0.00	2026-04-14 01:52:46.169233+01	AS201621	3
4454	7	2025	0.00	0.00	1312053.16	35000.00	29000.00	1000.00	1000.00	4000.00	1341048.81	1341053.16	1985.68	1343034.49	0.00	2026-04-14 01:52:46.172796+01	AS201622	3
4455	7	2025	0.00	0.00	1446955.18	40000.00	34000.00	1000.00	1000.00	4000.00	1480950.39	1480955.18	2192.83	1483143.22	0.00	2026-04-14 01:52:46.181499+01	AS201624	3
4456	7	2025	0.00	0.00	977567.88	15000.00	9000.00	1000.00	1000.00	4000.00	986564.64	986567.88	1460.80	988025.44	0.00	2026-04-14 01:52:46.188855+01	AS201626	3
4457	7	2025	0.00	0.00	995296.50	25000.00	19000.00	1000.00	1000.00	4000.00	1014293.20	1014296.50	1501.85	1015795.05	0.00	2026-04-14 01:52:46.194229+01	AS201628	3
4458	7	2025	0.00	0.00	1119238.47	25000.00	19000.00	1000.00	1000.00	4000.00	1138234.77	1138238.47	1685.37	1139920.14	0.00	2026-04-14 01:52:46.197809+01	AS201633	3
4459	7	2025	0.00	0.00	1026419.47	25000.00	-23000.00	8000.00	8000.00	32000.00	1045537.23	1003419.47	1485.75	1047022.98	0.00	2026-04-14 01:52:46.200579+01	AS201638	3
4460	7	2025	0.00	0.00	984229.59	25000.00	19000.00	1000.00	1000.00	4000.00	1003226.33	1003229.59	1485.47	1004711.80	0.00	2026-04-14 01:52:46.20337+01	AS201639	3
4461	7	2025	0.00	0.00	982326.91	25000.00	19000.00	1000.00	1000.00	4000.00	1001323.66	1001326.91	1482.65	1002806.31	0.00	2026-04-14 01:52:46.206956+01	AS201641	3
4462	7	2025	0.00	0.00	0.00	25000.00	19000.00	1000.00	1000.00	4000.00	0.00	0.00	0.00	0.00	0.00	2026-04-14 01:52:46.210611+01	AS201643	3
4463	7	2025	0.00	0.00	1765293.29	25000.00	19000.00	1000.00	1000.00	4000.00	1784287.44	1784293.29	2641.98	1786929.42	0.00	2026-04-14 01:52:46.214278+01	AS201646	3
4464	7	2025	0.00	0.00	2268515.37	25000.00	19000.00	1000.00	1000.00	4000.00	2287507.85	2287515.37	3387.09	2290894.94	0.00	2026-04-14 01:52:46.21785+01	AS201647	3
4465	7	2025	0.00	0.00	983960.25	25000.00	19000.00	1000.00	1000.00	4000.00	1002956.99	1002960.25	1485.07	1004442.06	0.00	2026-04-14 01:52:46.221402+01	AS201649	3
4466	7	2025	0.00	0.00	982665.71	25000.00	19000.00	1000.00	1000.00	4000.00	1001662.46	1001665.71	1483.15	1003145.61	0.00	2026-04-14 01:52:46.224941+01	AS201651	3
4467	7	2025	0.00	0.00	1060903.82	25000.00	19000.00	1000.00	1000.00	4000.00	1079900.30	1079903.82	1599.00	1081499.30	0.00	2026-04-14 01:52:46.228502+01	AS201653	3
4468	7	2025	0.00	0.00	993784.25	25000.00	19000.00	1000.00	1000.00	4000.00	1012780.97	1012784.25	1499.61	1014280.58	0.00	2026-04-14 01:52:46.232793+01	AS201654	3
4469	7	2025	0.00	0.00	957363.98	25000.00	19000.00	1000.00	1000.00	4000.00	976360.81	976363.98	1445.69	977806.50	0.00	2026-04-14 01:52:46.236416+01	AS201656	3
4470	7	2025	0.00	0.00	965088.73	25000.00	19000.00	1000.00	1000.00	4000.00	984085.54	984088.73	1457.12	985542.66	0.00	2026-04-14 01:52:46.239995+01	AS201657	3
4471	7	2025	0.00	0.00	945956.10	25000.00	19000.00	1000.00	1000.00	4000.00	964952.97	964956.10	1428.80	966381.77	0.00	2026-04-14 01:52:46.243569+01	AS201658	3
4472	7	2025	0.00	0.00	0.00	22000.00	16000.00	1000.00	1000.00	4000.00	0.00	0.00	0.00	0.00	0.00	2026-04-14 01:52:46.246328+01	AS201629	3
4473	7	2025	0.00	0.00	976078.92	25000.00	19000.00	1000.00	1000.00	4000.00	995075.69	995078.92	1473.40	996549.09	0.00	2026-04-14 01:52:46.249045+01	AS201659	3
4474	7	2025	0.00	0.00	972171.37	25000.00	19000.00	1000.00	1000.00	4000.00	991168.15	991171.37	1467.61	992635.76	0.00	2026-04-14 01:52:46.252686+01	AS201660	3
4475	7	2025	0.00	0.00	1138777.40	25000.00	19000.00	1000.00	1000.00	4000.00	1157773.63	1157777.40	1714.30	1159487.93	0.00	2026-04-14 01:52:46.255476+01	AS201661	3
4476	7	2025	0.00	0.00	0.00	25000.00	19000.00	1000.00	1000.00	4000.00	0.00	0.00	0.00	0.00	0.00	2026-04-14 01:52:46.258993+01	AS201662	3
4477	7	2025	0.00	0.00	0.00	25000.00	19000.00	1000.00	1000.00	4000.00	0.00	0.00	0.00	0.00	0.00	2026-04-14 01:52:46.261772+01	AS201663	3
4478	8	2025	0.00	0.00	1102078.91	0.00	0.00	0.00	0.00	0.00	1102077.07	1102078.91	867.28	1102944.35	0.00	2026-04-14 01:52:46.315817+01	AS201648	3
4479	8	2025	0.00	0.00	1011295.78	25000.00	19000.00	1000.00	1000.00	4000.00	1030294.10	1030295.78	810.79	1031104.89	0.00	2026-04-14 01:52:46.320427+01	AS201601	3
4480	8	2025	0.00	0.00	1139195.21	25000.00	19000.00	1000.00	1000.00	4000.00	1158193.31	1158195.21	911.44	1159104.75	0.00	2026-04-14 01:52:46.327723+01	AS201602	3
4481	8	2025	0.00	0.00	1003445.06	25000.00	19000.00	1000.00	1000.00	4000.00	1022443.39	1022445.06	804.61	1023248.00	0.00	2026-04-14 01:52:46.33563+01	AS201604	3
4482	8	2025	0.00	0.00	1003169.51	275000.00	269000.00	1000.00	1000.00	4000.00	1272167.83	1272169.51	1001.13	1273168.96	0.00	2026-04-14 01:52:46.345429+01	AS201605	3
4483	8	2025	0.00	0.00	1750387.10	37500.00	31500.00	1000.00	1000.00	4000.00	1781884.17	1781887.10	1402.25	1783286.42	0.00	2026-04-14 01:52:46.354205+01	AS201608	3
4484	8	2025	0.00	0.00	1752876.91	25000.00	19000.00	1000.00	1000.00	4000.00	1771873.98	1771876.91	1394.37	1773268.35	0.00	2026-04-14 01:52:46.360341+01	AS201609	3
4485	8	2025	0.00	0.00	998960.52	25000.00	19000.00	1000.00	1000.00	4000.00	1017958.85	1017960.52	801.08	1018759.93	0.00	2026-04-14 01:52:46.365448+01	AS201611	3
4486	8	2025	0.00	0.00	1175373.43	50000.00	44000.00	1000.00	1000.00	4000.00	1219371.46	1219373.43	959.58	1220331.04	0.00	2026-04-14 01:52:46.36983+01	AS201613	3
4487	8	2025	0.00	0.00	1003132.68	25000.00	19000.00	1000.00	1000.00	4000.00	1022131.01	1022132.68	804.36	1022935.37	0.00	2026-04-14 01:52:46.373927+01	AS201617	3
4488	8	2025	0.00	0.00	1066297.27	38000.00	32000.00	1000.00	1000.00	4000.00	1098295.49	1098297.27	864.30	1099159.79	0.00	2026-04-14 01:52:46.378314+01	AS201619	3
4489	8	2025	0.00	0.00	0.00	0.00	0.00	0.00	0.00	0.00	0.00	0.00	0.00	0.00	0.00	2026-04-14 01:52:46.382663+01	AS201620	3
4490	8	2025	0.00	0.00	951594.39	25000.00	19000.00	1000.00	1000.00	4000.00	970592.81	970594.39	763.80	971356.61	0.00	2026-04-14 01:52:46.386921+01	AS201621	3
4491	8	2025	0.00	0.00	1343034.49	35000.00	29000.00	1000.00	1000.00	4000.00	1372032.25	1372034.49	1079.72	1373111.97	0.00	2026-04-14 01:52:46.39289+01	AS201622	3
4492	8	2025	0.00	0.00	1483143.22	39500.00	33500.00	1000.00	1000.00	4000.00	1516640.74	1516643.22	1193.52	1517834.26	0.00	2026-04-14 01:52:46.401453+01	AS201624	3
4493	8	2025	0.00	0.00	988025.44	25000.00	19000.00	1000.00	1000.00	4000.00	1007023.79	1007025.44	792.47	1007816.26	0.00	2026-04-14 01:52:46.405787+01	AS201626	3
4494	8	2025	0.00	0.00	1015795.05	25000.00	19000.00	1000.00	1000.00	4000.00	1034793.36	1034795.05	814.33	1035607.69	0.00	2026-04-14 01:52:46.414579+01	AS201628	3
4495	8	2025	0.00	0.00	1139920.14	25000.00	19000.00	1000.00	1000.00	4000.00	1158918.24	1158920.14	912.01	1159830.25	0.00	2026-04-14 01:52:46.419221+01	AS201633	3
4496	8	2025	0.00	0.00	1047022.98	29500.00	-18500.00	8000.00	8000.00	32000.00	1070583.60	1028522.98	809.39	1071392.99	0.00	2026-04-14 01:52:46.422879+01	AS201638	3
4497	8	2025	0.00	0.00	1004711.80	25000.00	19000.00	1000.00	1000.00	4000.00	1023710.12	1023711.80	805.61	1024515.73	0.00	2026-04-14 01:52:46.426963+01	AS201639	3
4498	8	2025	0.00	0.00	1002806.31	25000.00	19000.00	1000.00	1000.00	4000.00	1021804.63	1021806.31	804.11	1022608.74	0.00	2026-04-14 01:52:46.430565+01	AS201641	3
4499	8	2025	0.00	0.00	0.00	25000.00	19000.00	1000.00	1000.00	4000.00	0.00	0.00	0.00	0.00	0.00	2026-04-14 01:52:46.434152+01	AS201643	3
4500	8	2025	0.00	0.00	1786929.42	25000.00	19000.00	1000.00	1000.00	4000.00	1805926.43	1805929.42	1421.17	1807347.60	0.00	2026-04-14 01:52:46.437788+01	AS201646	3
4501	8	2025	0.00	0.00	2290894.94	25000.00	19000.00	1000.00	1000.00	4000.00	2309891.11	2309894.94	1817.77	2311708.88	0.00	2026-04-14 01:52:46.441996+01	AS201647	3
4502	8	2025	0.00	0.00	1004442.06	28000.00	22000.00	1000.00	1000.00	4000.00	1026440.38	1026442.06	807.75	1027248.13	0.00	2026-04-14 01:52:46.445556+01	AS201649	3
4503	8	2025	0.00	0.00	1003145.61	25000.00	19000.00	1000.00	1000.00	4000.00	1022143.94	1022145.61	804.37	1022948.31	0.00	2026-04-14 01:52:46.449079+01	AS201651	3
4504	8	2025	0.00	0.00	1081499.30	25000.00	19000.00	1000.00	1000.00	4000.00	1100497.49	1100499.30	866.03	1101363.52	0.00	2026-04-14 01:52:46.452728+01	AS201653	3
4505	8	2025	0.00	0.00	1014280.58	25500.00	19500.00	1000.00	1000.00	4000.00	1033778.89	1033780.58	813.53	1034592.42	0.00	2026-04-14 01:52:46.457134+01	AS201654	3
4506	8	2025	0.00	0.00	977806.50	25000.00	19000.00	1000.00	1000.00	4000.00	996804.87	996806.50	784.43	997589.30	0.00	2026-04-14 01:52:46.460857+01	AS201656	3
4507	8	2025	0.00	0.00	985542.66	25000.00	19000.00	1000.00	1000.00	4000.00	1004541.02	1004542.66	790.52	1005331.54	0.00	2026-04-14 01:52:46.464446+01	AS201657	3
4508	8	2025	0.00	0.00	966381.77	25000.00	19000.00	1000.00	1000.00	4000.00	985380.15	985381.77	775.44	986155.59	0.00	2026-04-14 01:52:46.46798+01	AS201658	3
4509	8	2025	0.00	0.00	0.00	22000.00	16000.00	1000.00	1000.00	4000.00	0.00	0.00	0.00	0.00	0.00	2026-04-14 01:52:46.470719+01	AS201629	3
4510	8	2025	0.00	0.00	996549.09	25000.00	19000.00	1000.00	1000.00	4000.00	1015547.42	1015549.09	799.18	1016346.60	0.00	2026-04-14 01:52:46.475357+01	AS201659	3
4511	8	2025	0.00	0.00	992635.76	25000.00	19000.00	1000.00	1000.00	4000.00	1011634.10	1011635.76	796.10	1012430.20	0.00	2026-04-14 01:52:46.483546+01	AS201660	3
4512	8	2025	0.00	0.00	1159487.93	25000.00	19000.00	1000.00	1000.00	4000.00	1178486.00	1178487.93	927.41	1179413.41	0.00	2026-04-14 01:52:46.489662+01	AS201661	3
4513	8	2025	0.00	0.00	0.00	25000.00	19000.00	1000.00	1000.00	4000.00	0.00	0.00	0.00	0.00	0.00	2026-04-14 01:52:46.496922+01	AS201662	3
4514	8	2025	0.00	0.00	0.00	24000.00	18000.00	1000.00	1000.00	4000.00	0.00	0.00	0.00	0.00	0.00	2026-04-14 01:52:46.502398+01	AS201663	3
4515	9	2025	0.00	0.00	1102944.35	0.00	0.00	0.00	0.00	0.00	1102943.40	1102943.40	0.00	1102943.40	0.00	2026-04-14 01:52:46.578893+01	AS201648	3
4516	9	2025	0.00	0.00	1031104.89	25000.00	19000.00	1000.00	1000.00	4000.00	1050103.99	1050103.99	0.00	1050103.99	0.00	2026-04-14 01:52:46.583803+01	AS201601	3
4517	9	2025	0.00	0.00	1159104.75	25000.00	19000.00	1000.00	1000.00	4000.00	1178103.75	1178103.75	0.00	1178103.75	0.00	2026-04-14 01:52:46.589005+01	AS201602	3
4518	9	2025	0.00	0.00	1023248.00	25000.00	19000.00	1000.00	1000.00	4000.00	1042247.11	1042247.11	0.00	1042247.11	0.00	2026-04-14 01:52:46.59373+01	AS201604	3
4519	9	2025	0.00	0.00	1273168.96	25000.00	19000.00	1000.00	1000.00	4000.00	1292167.87	1292167.87	0.00	1292167.87	0.00	2026-04-14 01:52:46.598132+01	AS201605	3
4520	9	2025	0.00	0.00	1783286.42	35000.00	29000.00	1000.00	1000.00	4000.00	1812284.88	1812284.88	0.00	1812284.88	0.00	2026-04-14 01:52:46.602494+01	AS201608	3
4521	9	2025	0.00	0.00	1773268.35	25000.00	19000.00	1000.00	1000.00	4000.00	1792266.82	1792266.82	0.00	1792266.82	0.00	2026-04-14 01:52:46.606105+01	AS201609	3
4522	9	2025	0.00	0.00	1018759.93	25000.00	19000.00	1000.00	1000.00	4000.00	1037759.05	1037759.05	0.00	1037759.05	0.00	2026-04-14 01:52:46.610571+01	AS201611	3
4523	9	2025	0.00	0.00	1220331.04	50000.00	44000.00	1000.00	1000.00	4000.00	1264329.99	1264329.99	0.00	1264329.99	0.00	2026-04-14 01:52:46.614932+01	AS201613	3
4524	9	2025	0.00	0.00	1022935.37	25000.00	19000.00	1000.00	1000.00	4000.00	1041934.49	1041934.49	0.00	1041934.49	0.00	2026-04-14 01:52:46.618733+01	AS201617	3
4525	9	2025	0.00	0.00	1099159.79	35000.00	29000.00	1000.00	1000.00	4000.00	1128158.85	1128158.85	0.00	1128158.85	0.00	2026-04-14 01:52:46.62314+01	AS201619	3
4526	9	2025	0.00	0.00	0.00	0.00	0.00	0.00	0.00	0.00	0.00	0.00	0.00	0.00	0.00	2026-04-14 01:52:46.627539+01	AS201620	3
4527	9	2025	0.00	0.00	971356.61	25000.00	19000.00	1000.00	1000.00	4000.00	990355.77	990355.77	0.00	990355.77	0.00	2026-04-14 01:52:46.631852+01	AS201621	3
4528	9	2025	0.00	0.00	1373111.97	35000.00	29000.00	1000.00	1000.00	4000.00	1402110.78	1402110.78	0.00	1402110.78	0.00	2026-04-14 01:52:46.635442+01	AS201622	3
4529	9	2025	0.00	0.00	1517834.26	37000.00	31000.00	1000.00	1000.00	4000.00	1548832.95	1548832.95	0.00	1548832.95	0.00	2026-04-14 01:52:46.639801+01	AS201624	3
4530	9	2025	0.00	0.00	1007816.26	24000.00	18000.00	1000.00	1000.00	4000.00	1025815.39	1025815.39	0.00	1025815.39	0.00	2026-04-14 01:52:46.643339+01	AS201626	3
4531	9	2025	0.00	0.00	1035607.69	25000.00	19000.00	1000.00	1000.00	4000.00	1054606.80	1054606.80	0.00	1054606.80	0.00	2026-04-14 01:52:46.647635+01	AS201628	3
4532	9	2025	0.00	0.00	1159830.25	25000.00	19000.00	1000.00	1000.00	4000.00	1178829.25	1178829.25	0.00	1178829.25	0.00	2026-04-14 01:52:46.651227+01	AS201633	3
4533	9	2025	0.00	0.00	1071392.99	0.00	0.00	0.00	0.00	0.00	1071425.16	1071425.16	0.00	1071425.16	0.00	2026-04-14 01:52:46.653962+01	AS201638	3
4534	9	2025	0.00	0.00	1024515.73	25000.00	19000.00	1000.00	1000.00	4000.00	1043514.85	1043514.85	0.00	1043514.85	0.00	2026-04-14 01:52:46.656854+01	AS201639	3
4535	9	2025	0.00	0.00	1022608.74	25000.00	19000.00	1000.00	1000.00	4000.00	1041607.85	1041607.85	0.00	1041607.85	0.00	2026-04-14 01:52:46.660469+01	AS201641	3
4536	9	2025	0.00	0.00	0.00	25000.00	19000.00	1000.00	1000.00	4000.00	0.00	0.00	0.00	0.00	0.00	2026-04-14 01:52:46.664028+01	AS201643	3
4537	9	2025	0.00	0.00	1807347.60	25000.00	19000.00	1000.00	1000.00	4000.00	1826346.04	1826346.04	0.00	1826346.04	0.00	2026-04-14 01:52:46.667551+01	AS201646	3
4538	9	2025	0.00	0.00	2311708.88	25000.00	19000.00	1000.00	1000.00	4000.00	2330706.88	2330706.88	0.00	2330706.88	0.00	2026-04-14 01:52:46.671126+01	AS201647	3
4539	9	2025	0.00	0.00	1027248.13	25000.00	19000.00	1000.00	1000.00	4000.00	1046247.25	1046247.25	0.00	1046247.25	0.00	2026-04-14 01:52:46.674758+01	AS201649	3
4540	9	2025	0.00	0.00	1022948.31	25000.00	19000.00	1000.00	1000.00	4000.00	1041947.43	1041947.43	0.00	1041947.43	0.00	2026-04-14 01:52:46.678316+01	AS201651	3
4541	9	2025	0.00	0.00	1101363.52	25000.00	19000.00	1000.00	1000.00	4000.00	1120362.58	1120362.58	0.00	1120362.58	0.00	2026-04-14 01:52:46.681856+01	AS201653	3
4542	9	2025	0.00	0.00	1034592.42	22000.00	16000.00	1000.00	1000.00	4000.00	1050591.52	1050591.52	0.00	1050591.52	0.00	2026-04-14 01:52:46.686247+01	AS201654	3
4543	9	2025	0.00	0.00	997589.30	25000.00	19000.00	1000.00	1000.00	4000.00	1016588.44	1016588.44	0.00	1016588.44	0.00	2026-04-14 01:52:46.689789+01	AS201656	3
4544	9	2025	0.00	0.00	1005331.54	25000.00	19000.00	1000.00	1000.00	4000.00	1024330.67	1024330.67	0.00	1024330.67	0.00	2026-04-14 01:52:46.693343+01	AS201657	3
4545	9	2025	0.00	0.00	986155.59	30000.00	24000.00	1000.00	1000.00	4000.00	1010154.74	1010154.74	0.00	1010154.74	0.00	2026-04-14 01:52:46.696895+01	AS201658	3
4546	9	2025	0.00	0.00	0.00	25000.00	19000.00	1000.00	1000.00	4000.00	0.00	0.00	0.00	0.00	0.00	2026-04-14 01:52:46.699626+01	AS201629	3
4547	9	2025	0.00	0.00	1016346.60	25000.00	19000.00	1000.00	1000.00	4000.00	1035345.72	1035345.72	0.00	1035345.72	0.00	2026-04-14 01:52:46.70246+01	AS201659	3
4548	9	2025	0.00	0.00	1012430.20	25000.00	19000.00	1000.00	1000.00	4000.00	1031429.33	1031429.33	0.00	1031429.33	0.00	2026-04-14 01:52:46.706054+01	AS201660	3
4549	9	2025	0.00	0.00	1179413.41	25000.00	19000.00	1000.00	1000.00	4000.00	1198412.38	1198412.38	0.00	1198412.38	0.00	2026-04-14 01:52:46.708873+01	AS201661	3
4550	9	2025	0.00	0.00	0.00	25000.00	19000.00	1000.00	1000.00	4000.00	0.00	0.00	0.00	0.00	0.00	2026-04-14 01:52:46.712422+01	AS201662	3
4551	9	2025	0.00	0.00	0.00	825000.00	819000.00	1000.00	1000.00	4000.00	1619000.00	819000.00	0.00	1619000.00	0.00	2026-04-14 01:52:46.715198+01	AS201663	3
4552	10	2025	0.00	0.00	1102943.40	0.00	0.00	0.00	0.00	0.00	1102943.40	1102943.40	3365.83	1106309.23	0.00	2026-04-14 01:52:46.741506+01	AS201648	3
4553	10	2025	0.00	0.00	1050103.99	25000.00	19000.00	1000.00	1000.00	4000.00	1069103.99	1069103.99	3262.56	1072366.55	0.00	2026-04-14 01:52:46.745585+01	AS201601	3
4554	10	2025	0.00	0.00	1178103.75	25000.00	19000.00	1000.00	1000.00	4000.00	1197103.75	1197103.75	3653.17	1200756.92	0.00	2026-04-14 01:52:46.749867+01	AS201602	3
4555	10	2025	0.00	0.00	1042247.11	25000.00	19000.00	1000.00	1000.00	4000.00	1061247.11	1061247.11	3238.58	1064485.69	0.00	2026-04-14 01:52:46.753478+01	AS201604	3
4556	10	2025	0.00	0.00	1292167.87	25000.00	19000.00	1000.00	1000.00	4000.00	1311167.87	1311167.87	4001.26	1315169.13	0.00	2026-04-14 01:52:46.757858+01	AS201605	3
4557	10	2025	0.00	0.00	1812284.88	48500.00	42500.00	1000.00	1000.00	4000.00	1854784.88	1854784.88	5660.21	1860445.09	0.00	2026-04-14 01:52:46.762185+01	AS201608	3
4558	10	2025	0.00	0.00	1792266.82	22000.00	16000.00	1000.00	1000.00	4000.00	1808266.82	1808266.82	5518.25	1813785.07	0.00	2026-04-14 01:52:46.765722+01	AS201609	3
4559	10	2025	0.00	0.00	1037759.05	25000.00	19000.00	1000.00	1000.00	4000.00	1056759.05	1056759.05	3224.89	1059983.94	0.00	2026-04-14 01:52:46.770125+01	AS201611	3
4560	10	2025	0.00	0.00	1264329.99	50000.00	44000.00	1000.00	1000.00	4000.00	1308329.99	1308329.99	3992.60	1312322.59	0.00	2026-04-14 01:52:46.774514+01	AS201613	3
4561	10	2025	0.00	0.00	1041934.49	25000.00	19000.00	1000.00	1000.00	4000.00	1060934.49	1060934.49	3237.63	1064172.12	0.00	2026-04-14 01:52:46.778085+01	AS201617	3
4562	10	2025	0.00	0.00	1128158.85	32000.00	26000.00	1000.00	1000.00	4000.00	1154158.85	1154158.85	3522.12	1157680.97	0.00	2026-04-14 01:52:46.782471+01	AS201619	3
4563	10	2025	0.00	0.00	0.00	0.00	0.00	0.00	0.00	0.00	0.00	0.00	0.00	0.00	0.00	2026-04-14 01:52:46.786802+01	AS201620	3
4564	10	2025	0.00	0.00	990355.77	25000.00	19000.00	1000.00	1000.00	4000.00	1009355.77	1009355.77	3080.23	1012436.00	0.00	2026-04-14 01:52:46.791169+01	AS201621	3
4565	10	2025	0.00	0.00	1402110.78	35000.00	29000.00	1000.00	1000.00	4000.00	1431110.78	1431110.78	4367.29	1435478.07	0.00	2026-04-14 01:52:46.794755+01	AS201622	3
4566	10	2025	0.00	0.00	1548832.95	40000.00	34000.00	1000.00	1000.00	4000.00	1582832.95	1582832.95	4830.30	1587663.25	0.00	2026-04-14 01:52:46.799841+01	AS201624	3
4567	10	2025	0.00	0.00	1025815.39	30000.00	24000.00	1000.00	1000.00	4000.00	1049815.39	1049815.39	3203.70	1053019.09	0.00	2026-04-14 01:52:46.803524+01	AS201626	3
4568	10	2025	0.00	0.00	1054606.80	25000.00	19000.00	1000.00	1000.00	4000.00	1073606.80	1073606.80	3276.30	1076883.10	0.00	2026-04-14 01:52:46.808017+01	AS201628	3
4569	10	2025	0.00	0.00	1178829.25	25000.00	19000.00	1000.00	1000.00	4000.00	1197829.25	1197829.25	3655.39	1201484.64	0.00	2026-04-14 01:52:46.811642+01	AS201633	3
4570	10	2025	0.00	0.00	1071425.16	0.00	0.00	0.00	0.00	0.00	1071425.16	1071425.16	3269.64	1074694.80	0.00	2026-04-14 01:52:46.814431+01	AS201638	3
4571	10	2025	0.00	0.00	1043514.85	25000.00	19000.00	1000.00	1000.00	4000.00	1062514.85	1062514.85	3242.45	1065757.30	0.00	2026-04-14 01:52:46.8172+01	AS201639	3
4572	10	2025	0.00	0.00	1041607.85	25000.00	19000.00	1000.00	1000.00	4000.00	1060607.85	1060607.85	3236.63	1063844.48	0.00	2026-04-14 01:52:46.820759+01	AS201641	3
4573	10	2025	0.00	0.00	0.00	25000.00	19000.00	1000.00	1000.00	4000.00	0.00	0.00	0.00	0.00	0.00	2026-04-14 01:52:46.824358+01	AS201643	3
4574	10	2025	0.00	0.00	1826346.04	25000.00	19000.00	1000.00	1000.00	4000.00	1845346.04	1845346.04	5631.40	1850977.44	0.00	2026-04-14 01:52:46.827918+01	AS201646	3
4575	10	2025	0.00	0.00	2330706.88	25000.00	19000.00	1000.00	1000.00	4000.00	2349706.88	2349706.88	7170.55	2356877.43	0.00	2026-04-14 01:52:46.8315+01	AS201647	3
4576	10	2025	0.00	0.00	1046247.25	27500.00	21500.00	1000.00	1000.00	4000.00	1067747.25	1067747.25	3258.42	1071005.67	0.00	2026-04-14 01:52:46.835076+01	AS201649	3
4577	10	2025	0.00	0.00	1041947.43	25000.00	19000.00	1000.00	1000.00	4000.00	1060947.43	1060947.43	3237.67	1064185.10	0.00	2026-04-14 01:52:46.838677+01	AS201651	3
4578	10	2025	0.00	0.00	1120362.58	25000.00	19000.00	1000.00	1000.00	4000.00	1139362.58	1139362.58	3476.97	1142839.55	0.00	2026-04-14 01:52:46.842293+01	AS201653	3
4579	10	2025	0.00	0.00	1050591.52	25000.00	19000.00	1000.00	1000.00	4000.00	1069591.52	1069591.52	3264.05	1072855.57	0.00	2026-04-14 01:52:46.846663+01	AS201654	3
4580	10	2025	0.00	0.00	1016588.44	25000.00	19000.00	1000.00	1000.00	4000.00	1035588.44	1035588.44	3160.28	1038748.72	0.00	2026-04-14 01:52:46.850264+01	AS201656	3
4581	10	2025	0.00	0.00	1024330.67	25000.00	19000.00	1000.00	1000.00	4000.00	1043330.67	1043330.67	3183.91	1046514.58	0.00	2026-04-14 01:52:46.85388+01	AS201657	3
4582	10	2025	0.00	0.00	1010154.74	25000.00	19000.00	1000.00	1000.00	4000.00	1029154.74	1029154.74	3140.65	1032295.39	0.00	2026-04-14 01:52:46.857522+01	AS201658	3
4583	10	2025	0.00	0.00	0.00	25000.00	19000.00	1000.00	1000.00	4000.00	0.00	0.00	0.00	0.00	0.00	2026-04-14 01:52:46.860458+01	AS201629	3
4584	10	2025	0.00	0.00	1035345.72	25000.00	19000.00	1000.00	1000.00	4000.00	1054345.72	1054345.72	3217.52	1057563.24	0.00	2026-04-14 01:52:46.864145+01	AS201659	3
4585	10	2025	0.00	0.00	1031429.33	25000.00	19000.00	1000.00	1000.00	4000.00	1050429.33	1050429.33	3205.57	1053634.90	0.00	2026-04-14 01:52:46.870629+01	AS201660	3
4586	10	2025	0.00	0.00	1198412.38	25000.00	19000.00	1000.00	1000.00	4000.00	1217412.38	1217412.38	3715.15	1221127.53	0.00	2026-04-14 01:52:46.874937+01	AS201661	3
4587	10	2025	0.00	0.00	0.00	22000.00	16000.00	1000.00	1000.00	4000.00	0.00	0.00	0.00	0.00	0.00	2026-04-14 01:52:46.878701+01	AS201662	3
4588	10	2025	0.00	0.00	1619000.00	25000.00	19000.00	1000.00	1000.00	4000.00	1638000.00	1638000.00	4998.65	1642998.65	0.00	2026-04-14 01:52:46.881488+01	AS201663	3
4589	11	2025	0.00	0.00	1106309.23	0.00	0.00	0.00	0.00	0.00	1106309.23	1106309.23	170.85	1106480.08	0.00	2026-04-14 01:52:46.937899+01	AS201648	3
4590	11	2025	0.00	0.00	1072366.55	25000.00	19000.00	1000.00	1000.00	4000.00	1091366.56	1091366.55	168.55	1091535.11	0.00	2026-04-14 01:52:46.943889+01	AS201601	3
4591	11	2025	0.00	0.00	1200756.92	25000.00	19000.00	1000.00	1000.00	4000.00	1219756.93	1219756.92	188.38	1219945.31	0.00	2026-04-14 01:52:46.9518+01	AS201602	3
4592	11	2025	0.00	0.00	1064485.69	25000.00	19000.00	1000.00	1000.00	4000.00	1083485.70	1083485.69	167.33	1083653.03	0.00	2026-04-14 01:52:46.958972+01	AS201604	3
4593	11	2025	0.00	0.00	1315169.13	25000.00	19000.00	1000.00	1000.00	4000.00	1334169.13	1334169.13	206.05	1334375.18	0.00	2026-04-14 01:52:46.966399+01	AS201605	3
4594	11	2025	0.00	0.00	1860445.09	225000.00	219000.00	1000.00	1000.00	4000.00	2079445.09	2079445.09	321.15	2079766.24	0.00	2026-04-14 01:52:46.970964+01	AS201608	3
4595	11	2025	0.00	0.00	1813785.07	25000.00	19000.00	1000.00	1000.00	4000.00	1832785.07	1832785.07	283.05	1833068.12	0.00	2026-04-14 01:52:46.975064+01	AS201609	3
4596	11	2025	0.00	0.00	1059983.94	25000.00	19000.00	1000.00	1000.00	4000.00	1078983.95	1078983.94	166.63	1079150.58	0.00	2026-04-14 01:52:46.979406+01	AS201611	3
4597	11	2025	0.00	0.00	1312322.59	40000.00	34000.00	1000.00	1000.00	4000.00	1346322.60	1346322.59	207.92	1346530.52	0.00	2026-04-14 01:52:46.984177+01	AS201613	3
4598	11	2025	0.00	0.00	1064172.12	22000.00	16000.00	1000.00	1000.00	4000.00	1080172.12	1080172.12	166.82	1080338.94	0.00	2026-04-14 01:52:46.988088+01	AS201617	3
4599	11	2025	0.00	0.00	1157680.97	32000.00	26000.00	1000.00	1000.00	4000.00	1183680.97	1183680.97	182.80	1183863.77	0.00	2026-04-14 01:52:46.99793+01	AS201619	3
4600	11	2025	0.00	0.00	0.00	0.00	0.00	0.00	0.00	0.00	0.00	0.00	0.00	0.00	0.00	2026-04-14 01:52:47.007299+01	AS201620	3
4601	11	2025	0.00	0.00	1012436.00	25000.00	19000.00	1000.00	1000.00	4000.00	1031436.01	1031436.00	159.29	1031595.30	0.00	2026-04-14 01:52:47.016279+01	AS201621	3
4602	11	2025	0.00	0.00	1435478.07	35000.00	29000.00	1000.00	1000.00	4000.00	1464478.08	1464478.07	226.17	1464704.25	0.00	2026-04-14 01:52:47.023197+01	AS201622	3
4603	11	2025	0.00	0.00	1587663.25	40000.00	34000.00	1000.00	1000.00	4000.00	1621663.25	1621663.25	250.45	1621913.70	0.00	2026-04-14 01:52:47.029236+01	AS201624	3
4604	11	2025	0.00	0.00	1053019.09	32500.00	26500.00	1000.00	1000.00	4000.00	1079519.10	1079519.09	166.72	1079685.82	0.00	2026-04-14 01:52:47.033327+01	AS201626	3
4605	11	2025	0.00	0.00	1076883.10	24000.00	18000.00	1000.00	1000.00	4000.00	1094883.10	1094883.10	169.09	1095052.19	0.00	2026-04-14 01:52:47.037784+01	AS201628	3
4606	11	2025	0.00	0.00	1201484.64	25000.00	19000.00	1000.00	1000.00	4000.00	1220484.64	1220484.64	188.49	1220673.13	0.00	2026-04-14 01:52:47.041439+01	AS201633	3
4607	11	2025	0.00	0.00	1074694.80	0.00	0.00	0.00	0.00	0.00	1074694.81	1074694.80	165.97	1074860.78	0.00	2026-04-14 01:52:47.044213+01	AS201638	3
4608	11	2025	0.00	0.00	1065757.30	25000.00	19000.00	1000.00	1000.00	4000.00	1084757.30	1084757.30	167.53	1084924.83	0.00	2026-04-14 01:52:47.046959+01	AS201639	3
4609	11	2025	0.00	0.00	1063844.48	25000.00	19000.00	1000.00	1000.00	4000.00	1082844.49	1082844.48	167.23	1083011.72	0.00	2026-04-14 01:52:47.050474+01	AS201641	3
4610	11	2025	0.00	0.00	0.00	242500.00	236500.00	1000.00	1000.00	4000.00	0.00	0.00	0.00	0.00	0.00	2026-04-14 01:52:47.054039+01	AS201643	3
4611	11	2025	0.00	0.00	1850977.44	22000.00	16000.00	1000.00	1000.00	4000.00	1866977.45	1866977.44	288.33	1867265.78	0.00	2026-04-14 01:52:47.057522+01	AS201646	3
4612	11	2025	0.00	0.00	2356877.43	25000.00	19000.00	1000.00	1000.00	4000.00	2375877.44	2375877.43	366.93	2376244.37	0.00	2026-04-14 01:52:47.061014+01	AS201647	3
4613	11	2025	0.00	0.00	1071005.67	25400.00	19400.00	1000.00	1000.00	4000.00	1090405.67	1090405.67	168.40	1090574.07	0.00	2026-04-14 01:52:47.064559+01	AS201649	3
4614	11	2025	0.00	0.00	1064185.10	25000.00	19000.00	1000.00	1000.00	4000.00	1083185.10	1083185.10	167.28	1083352.38	0.00	2026-04-14 01:52:47.068114+01	AS201651	3
4615	11	2025	0.00	0.00	1142839.55	25000.00	19000.00	1000.00	1000.00	4000.00	1161839.55	1161839.55	179.43	1162018.98	0.00	2026-04-14 01:52:47.071677+01	AS201653	3
4616	11	2025	0.00	0.00	1072855.57	25000.00	19000.00	1000.00	1000.00	4000.00	1091855.58	1091855.57	168.62	1092024.20	0.00	2026-04-14 01:52:47.075944+01	AS201654	3
4617	11	2025	0.00	0.00	1038748.72	25000.00	19000.00	1000.00	1000.00	4000.00	1057748.73	1057748.72	163.35	1057912.08	0.00	2026-04-14 01:52:47.079451+01	AS201656	3
4618	11	2025	0.00	0.00	1046514.58	25000.00	19000.00	1000.00	1000.00	4000.00	1065514.58	1065514.58	164.55	1065679.13	0.00	2026-04-14 01:52:47.082966+01	AS201657	3
4619	11	2025	0.00	0.00	1032295.39	25000.00	19000.00	1000.00	1000.00	4000.00	1051295.39	1051295.39	162.36	1051457.75	0.00	2026-04-14 01:52:47.086673+01	AS201658	3
4620	11	2025	0.00	0.00	0.00	22000.00	16000.00	1000.00	1000.00	4000.00	0.00	0.00	0.00	0.00	0.00	2026-04-14 01:52:47.092839+01	AS201629	3
4621	11	2025	0.00	0.00	1057563.24	25000.00	19000.00	1000.00	1000.00	4000.00	1076563.25	1076563.24	166.26	1076729.51	0.00	2026-04-14 01:52:47.096965+01	AS201659	3
4622	11	2025	0.00	0.00	1053634.90	25000.00	19000.00	1000.00	1000.00	4000.00	1072634.91	1072634.90	165.65	1072800.56	0.00	2026-04-14 01:52:47.10094+01	AS201660	3
4623	11	2025	0.00	0.00	1221127.53	25000.00	19000.00	1000.00	1000.00	4000.00	1240127.54	1240127.53	191.52	1240319.06	0.00	2026-04-14 01:52:47.10396+01	AS201661	3
4624	11	2025	0.00	0.00	0.00	22000.00	16000.00	1000.00	1000.00	4000.00	0.00	0.00	0.00	0.00	0.00	2026-04-14 01:52:47.107968+01	AS201662	3
4625	11	2025	0.00	0.00	1642998.65	25000.00	19000.00	1000.00	1000.00	4000.00	1661998.66	1661998.65	256.68	1662255.34	0.00	2026-04-14 01:52:47.110985+01	AS201663	3
4626	12	2025	0.00	0.00	1106480.08	0.00	0.00	0.00	0.00	0.00	1106480.09	1106480.08	34838.14	1141318.23	0.00	2026-04-14 01:52:47.197685+01	AS201648	3
4627	12	2025	0.00	0.00	1091535.11	25000.00	19000.00	1000.00	1000.00	4000.00	1110535.11	1110535.11	34965.81	1145500.92	0.00	2026-04-14 01:52:47.200817+01	AS201601	3
4628	12	2025	0.00	0.00	1219945.31	25000.00	19000.00	1000.00	1000.00	4000.00	1238945.31	1238945.31	39008.88	1277954.19	0.00	2026-04-14 01:52:47.204797+01	AS201602	3
4629	12	2025	0.00	0.00	1083653.03	25000.00	19000.00	1000.00	1000.00	4000.00	1102653.03	1102653.03	34717.64	1137370.67	0.00	2026-04-14 01:52:47.20888+01	AS201604	3
4630	12	2025	0.00	0.00	1334375.18	25000.00	19000.00	1000.00	1000.00	4000.00	1353375.18	1353375.18	42611.76	1395986.94	0.00	2026-04-14 01:52:47.213835+01	AS201605	3
4631	12	2025	0.00	0.00	2079766.24	35000.00	29000.00	1000.00	1000.00	4000.00	2108766.25	2108766.24	66395.67	2175161.92	0.00	2026-04-14 01:52:47.218757+01	AS201608	3
4632	12	2025	0.00	0.00	1833068.12	25000.00	19000.00	1000.00	1000.00	4000.00	1852068.13	1852068.12	58313.39	1910381.52	0.00	2026-04-14 01:52:47.222912+01	AS201609	3
4633	12	2025	0.00	0.00	1079150.58	25000.00	19000.00	1000.00	1000.00	4000.00	1098150.59	1098150.58	34575.88	1132726.47	0.00	2026-04-14 01:52:47.227884+01	AS201611	3
4634	12	2025	0.00	0.00	1346530.52	50000.00	44000.00	1000.00	1000.00	4000.00	1390530.53	1390530.52	43781.62	1434312.15	0.00	2026-04-14 01:52:47.232763+01	AS201613	3
4635	12	2025	0.00	0.00	1080338.94	25000.00	19000.00	1000.00	1000.00	4000.00	1099338.95	1099338.94	34613.29	1133952.24	0.00	2026-04-14 01:52:47.236798+01	AS201617	3
4636	12	2025	0.00	0.00	1183863.77	35000.00	29000.00	1000.00	1000.00	4000.00	1212863.78	1212863.77	38187.68	1251051.46	0.00	2026-04-14 01:52:47.241797+01	AS201619	3
4637	12	2025	0.00	0.00	0.00	0.00	0.00	0.00	0.00	0.00	0.00	0.00	0.00	0.00	0.00	2026-04-14 01:52:47.246646+01	AS201620	3
4638	12	2025	0.00	0.00	1031595.30	25000.00	19000.00	1000.00	1000.00	4000.00	1050595.30	1050595.30	33078.57	1083673.87	0.00	2026-04-14 01:52:47.251754+01	AS201621	3
4639	12	2025	0.00	0.00	1464704.25	35000.00	29000.00	1000.00	1000.00	4000.00	1493704.25	1493704.25	47030.10	1540734.35	0.00	2026-04-14 01:52:47.255847+01	AS201622	3
4640	12	2025	0.00	0.00	1621913.70	42500.00	36500.00	1000.00	1000.00	4000.00	1658413.70	1658413.70	52216.07	1710629.77	0.00	2026-04-14 01:52:47.260887+01	AS201624	3
4641	12	2025	0.00	0.00	1079685.82	18500.00	12500.00	1000.00	1000.00	4000.00	1092185.82	1092185.82	34388.07	1126573.89	0.00	2026-04-14 01:52:47.264911+01	AS201626	3
4642	12	2025	0.00	0.00	1095052.19	25000.00	19000.00	1000.00	1000.00	4000.00	1114052.20	1114052.19	35076.55	1149128.75	0.00	2026-04-14 01:52:47.269996+01	AS201628	3
4643	12	2025	0.00	0.00	1220673.13	25000.00	19000.00	1000.00	1000.00	4000.00	1239673.13	1239673.13	39031.79	1278704.92	0.00	2026-04-14 01:52:47.27405+01	AS201633	3
4644	12	2025	0.00	0.00	1074860.78	0.00	0.00	0.00	0.00	0.00	1074860.79	1074860.78	33842.58	1108703.37	0.00	2026-04-14 01:52:47.277121+01	AS201638	3
4645	12	2025	0.00	0.00	1084924.83	25000.00	19000.00	1000.00	1000.00	4000.00	1103924.83	1103924.83	34757.68	1138682.51	0.00	2026-04-14 01:52:47.28016+01	AS201639	3
4646	12	2025	0.00	0.00	1083011.72	25000.00	19000.00	1000.00	1000.00	4000.00	1102011.73	1102011.72	34697.45	1136709.18	0.00	2026-04-14 01:52:47.284125+01	AS201641	3
4647	12	2025	0.00	0.00	0.00	25000.00	19000.00	1000.00	1000.00	4000.00	0.00	0.00	0.00	0.00	0.00	2026-04-14 01:52:47.288168+01	AS201643	3
4648	12	2025	0.00	0.00	1867265.78	25000.00	19000.00	1000.00	1000.00	4000.00	1886265.79	1886265.78	59390.12	1945655.91	0.00	2026-04-14 01:52:47.292227+01	AS201646	3
4649	12	2025	0.00	0.00	2376244.37	25000.00	19000.00	1000.00	1000.00	4000.00	2395244.37	2395244.37	75415.59	2470659.96	0.00	2026-04-14 01:52:47.296139+01	AS201647	3
4650	12	2025	0.00	0.00	1090574.07	25000.00	19000.00	1000.00	1000.00	4000.00	1109574.08	1109574.07	34935.55	1144509.63	0.00	2026-04-14 01:52:47.300154+01	AS201649	3
4651	12	2025	0.00	0.00	1083352.38	25000.00	19000.00	1000.00	1000.00	4000.00	1102352.39	1102352.38	34708.17	1137060.56	0.00	2026-04-14 01:52:47.30412+01	AS201651	3
4652	12	2025	0.00	0.00	1162018.98	25000.00	19000.00	1000.00	1000.00	4000.00	1181018.98	1181018.98	37185.03	1218204.01	0.00	2026-04-14 01:52:47.308107+01	AS201653	3
4653	12	2025	0.00	0.00	1092024.20	25000.00	19000.00	1000.00	1000.00	4000.00	1111024.20	1111024.20	34981.21	1146005.41	0.00	2026-04-14 01:52:47.313007+01	AS201654	3
4654	12	2025	0.00	0.00	1057912.08	25000.00	19000.00	1000.00	1000.00	4000.00	1076912.09	1076912.08	33907.17	1110819.26	0.00	2026-04-14 01:52:47.316942+01	AS201656	3
4655	12	2025	0.00	0.00	1065679.13	26000.00	20000.00	1000.00	1000.00	4000.00	1085679.14	1085679.13	34183.21	1119862.35	0.00	2026-04-14 01:52:47.321041+01	AS201657	3
4656	12	2025	0.00	0.00	1051457.75	25000.00	19000.00	1000.00	1000.00	4000.00	1070457.76	1070457.75	33703.95	1104161.71	0.00	2026-04-14 01:52:47.325144+01	AS201658	3
4657	12	2025	0.00	0.00	0.00	332500.00	326500.00	1000.00	1000.00	4000.00	0.00	0.00	0.00	0.00	0.00	2026-04-14 01:52:47.328165+01	AS201629	3
4658	12	2025	0.00	0.00	1076729.51	25000.00	19000.00	1000.00	1000.00	4000.00	1095729.52	1095729.51	34499.65	1130229.17	0.00	2026-04-14 01:52:47.331178+01	AS201659	3
4659	12	2025	0.00	0.00	1072800.56	25000.00	19000.00	1000.00	1000.00	4000.00	1091800.57	1091800.56	34375.94	1126176.51	0.00	2026-04-14 01:52:47.335204+01	AS201660	3
4660	12	2025	0.00	0.00	1240319.06	25000.00	19000.00	1000.00	1000.00	4000.00	1259319.07	1259319.06	39650.36	1298969.43	0.00	2026-04-14 01:52:47.338253+01	AS201661	3
4661	12	2025	0.00	0.00	0.00	322500.00	316500.00	1000.00	1000.00	4000.00	0.00	0.00	0.00	0.00	0.00	2026-04-14 01:52:47.342385+01	AS201662	3
4662	12	2025	0.00	0.00	1662255.34	25000.00	19000.00	1000.00	1000.00	4000.00	1681255.34	1681255.34	52935.25	1734190.59	0.00	2026-04-14 01:52:47.34547+01	AS201663	3
\.


--
-- Data for Name: fonds_reservemensuelle; Type: TABLE DATA; Schema: public; Owner: postgres
--

COPY public.fonds_reservemensuelle (id, mois, annee, pool_interets, total_bases_eligibles, nb_adherents_eligibles, est_reparti, config_exercice_id) FROM stdin;
51	1	2025	236500.00	17441888.04	13	t	3
52	2	2025	30000.00	20715156.54	17	t	3
53	3	2025	498500.00	29564827.23	27	t	3
54	4	2025	9000.00	34194163.61	31	t	3
55	6	2025	105000.00	36398862.03	32	t	3
56	7	2025	55000.00	37144861.87	32	t	3
57	8	2025	30000.00	38121861.82	32	t	3
58	10	2025	125500.00	41124861.98	33	t	3
59	11	2025	6500.00	42087261.80	33	t	3
60	12	2025	1346000.00	42749761.81	33	t	3
61	1	2026	79999.85	29478000.00	32	t	4
62	2	2026	99999.83	38345100.53	33	t	4
\.


--
-- Data for Name: foyer_contributionfoyer; Type: TABLE DATA; Schema: public; Owner: postgres
--

COPY public.foyer_contributionfoyer (id, mois, annee, montant_auto, don_volontaire, adherent_id, config_exercice_id) FROM stdin;
111	12	2025	150000.00	0.00	AS201604	3
112	12	2025	150000.00	100000.00	AS201654	3
113	12	2025	150000.00	41000.00	AS201605	3
114	12	2025	0.00	100000.00	AS201608	3
115	12	2025	150000.00	300000.00	AS201613	3
116	12	2025	0.00	1000000.00	AS201617	3
117	12	2025	0.00	100000.00	AS201619	3
118	12	2025	0.00	50000.00	AS201661	3
119	12	2025	150000.00	50000.00	AS201649	3
120	12	2025	0.00	100000.00	AS201622	3
121	12	2025	150000.00	100000.00	AS201624	3
122	12	2025	150000.00	50000.00	AS201626	3
123	12	2025	150000.00	50000.00	AS201628	3
124	12	2025	0.00	25000.00	AS201656	3
125	12	2025	0.00	300000.00	AS201633	3
126	12	2025	0.00	25000.00	AS201657	3
127	12	2025	0.00	250000.00	AS201653	3
128	12	2025	0.00	25000.00	AS201641	3
129	12	2025	0.00	50000.00	AS201658	3
130	12	2025	150000.00	100000.00	AS201659	3
131	12	2025	175000.00	0.00	AS201663	3
132	12	2025	300000.00	0.00	AS201629	3
\.


--
-- Data for Name: mutuelle_aidemutuelle; Type: TABLE DATA; Schema: public; Owner: postgres
--

COPY public.mutuelle_aidemutuelle (id, date, evenement, montant, adherent_id, config_exercice_id) FROM stdin;
31	2025-03-01	FUNERAILLES DJOUKWE	100000.00	AS201648	3
32	2025-03-01	FUNERAIIES BELLE MERE MBONING	100000.00	AS201601	3
33	2025-03-01	FUNERAIIES BELLE MERE MASSANGO	100000.00	AS201602	3
34	2025-08-01	FUNERAIIES BEAU PERE BRICE	100000.00	AS201604	3
35	2025-08-01	OBSEQUES SIMO PIERRE	560000.00	AS201654	3
36	2025-11-01	DECES MERE NOUBE	100000.00	AS201605	3
\.


--
-- Data for Name: mutuelle_cotisationmutuelle; Type: TABLE DATA; Schema: public; Owner: postgres
--

COPY public.mutuelle_cotisationmutuelle (id, mois, annee, montant, adherent_id, config_exercice_id) FROM stdin;
4	1	2025	120000.00	AS201663	3
\.


--
-- Data for Name: parametrage_agiobancaire; Type: TABLE DATA; Schema: public; Owner: postgres
--

COPY public.parametrage_agiobancaire (id, mois, annee, montant_agio, interet_crediteur, date_saisie, config_exercice_id) FROM stdin;
13	1	2026	2385.00	0.00	2026-04-13 17:08:23.131186+01	4
14	2	2026	2385.00	0.00	2026-04-13 17:08:23.1578+01	4
15	3	2026	2385.00	0.00	2026-04-13 17:08:23.181661+01	4
16	4	2026	0.00	0.00	2026-04-13 17:08:23.231062+01	4
17	5	2026	0.00	0.00	2026-04-13 17:08:23.254728+01	4
18	6	2026	0.00	0.00	2026-04-13 17:08:23.278146+01	4
19	7	2026	0.00	0.00	2026-04-13 17:08:23.301357+01	4
20	8	2026	0.00	0.00	2026-04-13 17:08:23.324492+01	4
21	9	2026	0.00	0.00	2026-04-13 17:08:23.348115+01	4
22	10	2026	0.00	0.00	2026-04-13 17:08:23.372434+01	4
23	11	2026	0.00	0.00	2026-04-13 17:08:23.395771+01	4
24	12	2026	0.00	0.00	2026-04-13 17:08:23.419166+01	4
1	1	2025	4770.00	0.00	2026-04-12 14:45:32.548559+01	3
2	2	2025	1191.00	0.00	2026-04-12 14:45:32.551857+01	3
3	3	2025	2395.00	0.00	2026-04-12 14:45:32.554119+01	3
4	4	2025	2385.00	0.00	2026-04-12 14:45:32.556321+01	3
5	5	2025	2385.00	0.00	2026-04-12 14:45:32.558386+01	3
6	6	2025	2385.00	0.00	2026-04-12 14:45:32.560307+01	3
7	7	2025	4770.00	17444.00	2026-04-12 14:45:32.562229+01	3
8	8	2025	2385.00	0.00	2026-04-12 14:45:32.564601+01	3
9	9	2025	1193.00	0.00	2026-04-12 14:45:32.566674+01	3
10	10	2025	3578.00	0.00	2026-04-12 14:45:32.568468+01	3
11	11	2025	2385.00	0.00	2026-04-12 14:45:32.570453+01	3
12	12	2025	2385.00	0.00	2026-04-12 14:45:32.5724+01	3
\.


--
-- Data for Name: parametrage_autredepense; Type: TABLE DATA; Schema: public; Owner: postgres
--

COPY public.parametrage_autredepense (id, date, libelle, montant, date_saisie, config_exercice_id) FROM stdin;
1	2025-04-01	SOLDE TERRAIN	350000.00	2026-04-12 14:45:32.574778+01	3
2	2025-04-01	AVANCE DOSSIER NOTAIRE	50000.00	2026-04-12 14:45:32.577357+01	3
3	2025-12-31	COMMISSION TERRAIN OLEMBE	30000.00	2026-04-12 14:45:32.579507+01	3
4	2025-04-01	SOLDE TERRAIN	350000.00	2026-04-13 17:08:23.59733+01	4
5	2025-04-01	AVANCE DOSSIER NOTAIRE	50000.00	2026-04-13 17:08:23.600083+01	4
6	2026-12-31	COMMISSION TERRAIN OLEMBE	30000.00	2026-04-13 17:08:23.601693+01	4
7	2026-12-31	0	430000.00	2026-04-13 17:08:23.603618+01	4
\.


--
-- Data for Name: parametrage_configexercice; Type: TABLE DATA; Schema: public; Owner: postgres
--

COPY public.parametrage_configexercice (id, annee, est_ouvert, date_ouverture, date_cloture, taux_t35, versement_t35, taux_t75, taux_t100, diviseur_interet_t35, seuil_eligibilite_interets, fonds_roulement_mensuel, frais_exceptionnels_mensuel, collation_mensuelle, mutuelle_mensuelle, montant_inscription, complement_fonds_fin_exercice, penalite_especes, penalite_especes_active, pourcentage_penalite_echec, nb_echecs_max_avant_liste_rouge, taux_interet_pret_mensuel, majoration_retard_mois_1, majoration_retard_mois_2, montant_min_pret, montant_max_pret, contribution_foyer_lot_principal, complement_mutuelle_fin_exercice) FROM stdin;
3	2025	t	2025-01-01	\N	35000.00	60000.00	75000.00	100000.00	35	900000.00	1000.00	1000.00	4000.00	0.00	25000.00	100000.00	3000.00	t	20.00	3	1.00	5.00	10.00	0.00	5000000.00	150000.00	30000.00
4	2026	t	2026-01-01	\N	35000.00	60000.00	75000.00	100000.00	36	900000.00	1000.00	1000.00	4000.00	0.00	25000.00	100000.00	3000.00	t	20.00	3	1.00	5.00	10.00	0.00	5000000.00	150000.00	30000.00
\.


--
-- Data for Name: parametrage_depensecollation; Type: TABLE DATA; Schema: public; Owner: postgres
--

COPY public.parametrage_depensecollation (id, date, libelle, montant, date_saisie, config_exercice_id) FROM stdin;
1	2025-01-13	COLLATION SEANCE JANVIER	70000.00	2026-04-12 14:45:32.527197+01	3
2	2025-02-13	COLLATION SEANCE FEVRIER	100000.00	2026-04-12 14:45:32.529301+01	3
3	2025-03-23	COLLATION SEANCE MARS	100000.00	2026-04-12 14:45:32.531138+01	3
4	2025-04-23	COLLATION SEANCE AVRIL	100000.00	2026-04-12 14:45:32.532709+01	3
5	2025-05-23	COLLATION SEANCE MAI	100000.00	2026-04-12 14:45:32.534004+01	3
6	2025-06-19	COLLATION SEANCE JUIN	100000.00	2026-04-12 14:45:32.535533+01	3
7	2025-07-23	COLLATION SEANCE JUILLET	100000.00	2026-04-12 14:45:32.536924+01	3
8	2025-08-17	COLLATION SEANCE AOUT	100000.00	2026-04-12 14:45:32.538192+01	3
9	2025-09-17	COLLATION SEANCE SEPTEMBRE	100000.00	2026-04-12 14:45:32.539502+01	3
10	2025-10-19	COLLATION SEANCE OCTOBRE	100000.00	2026-04-12 14:45:32.540846+01	3
11	2025-11-23	COLLATION SEANCE NOVEMBRE	100000.00	2026-04-12 14:45:32.542839+01	3
12	2025-12-19	COLLATION SEANCE DECEMBRE	100000.00	2026-04-12 14:45:32.5455+01	3
\.


--
-- Data for Name: parametrage_depensefondsroulement; Type: TABLE DATA; Schema: public; Owner: postgres
--

COPY public.parametrage_depensefondsroulement (id, date, libelle, montant, date_saisie, config_exercice_id) FROM stdin;
1	2025-01-01	COMMISSION	66000.00	2026-04-12 14:45:32.492011+01	3
2	2025-02-01	COMMISSION	30000.00	2026-04-12 14:45:32.494819+01	3
3	2025-01-01	TAXI BANQUE	6000.00	2026-04-12 14:45:32.497217+01	3
4	2025-02-01	TAXI BANQUE	6000.00	2026-04-12 14:45:32.499245+01	3
5	2025-03-01	TAXI BANQUE	6000.00	2026-04-12 14:45:32.50122+01	3
6	2025-04-01	TAXI BANQUE	6000.00	2026-04-12 14:45:32.503309+01	3
7	2025-05-01	TAXI BANQUE	6000.00	2026-04-12 14:45:32.505326+01	3
8	2025-06-01	TAXI BANQUE	6000.00	2026-04-12 14:45:32.507205+01	3
9	2025-07-01	TAXI BANQUE	6000.00	2026-04-12 14:45:32.509084+01	3
10	2025-08-01	TAXI BANQUE	6000.00	2026-04-12 14:45:32.511407+01	3
11	2025-09-01	TAXI BANQUE	6000.00	2026-04-12 14:45:32.513317+01	3
12	2025-10-01	TAXI BANQUE	6000.00	2026-04-12 14:45:32.515215+01	3
13	2025-11-01	TAXI BANQUE	6000.00	2026-04-12 14:45:32.517023+01	3
14	2025-12-01	TAXI BANQUE	6000.00	2026-04-12 14:45:32.519005+01	3
15	2025-03-01	PRODUCTION RAPPORT	40000.00	2026-04-12 14:45:32.520938+01	3
16	2025-12-01	COMMISSION	46000.00	2026-04-12 14:45:32.522736+01	3
17	2026-01-01	TAXI BANQUE	6000.00	2026-04-13 17:08:23.479252+01	4
18	2026-02-02	TAXI BANQUE	6000.00	2026-04-13 17:08:23.48188+01	4
19	2026-02-02	COMMISSION	15000.00	2026-04-13 17:08:23.483863+01	4
20	2026-02-02	PRODUCTION RAPPORT	40000.00	2026-04-13 17:08:23.485778+01	4
21	2026-03-02	TAXI BANQUE	6000.00	2026-04-13 17:08:23.48785+01	4
\.


--
-- Data for Name: parametrage_depensefoyer; Type: TABLE DATA; Schema: public; Owner: postgres
--

COPY public.parametrage_depensefoyer (id, date, libelle, montant, date_saisie, config_exercice_id) FROM stdin;
1	2025-01-01	VERSE DANS LE COMPTE CONSEIL	371000.00	2026-04-12 14:45:32.483488+01	3
2	2025-06-01	VERSE DANS LE COMPTE CONSEIL	5000000.00	2026-04-12 14:45:32.485868+01	3
3	2025-10-01	VERSE DANS LE COMPTE CONSEIL	1400000.00	2026-04-12 14:45:32.487802+01	3
4	2025-10-01	VERSE DANS LE COMPTE CONSEIL	100000.00	2026-04-12 14:45:32.489861+01	3
\.


--
-- Data for Name: parametrage_depensefraisexceptionnels; Type: TABLE DATA; Schema: public; Owner: postgres
--

COPY public.parametrage_depensefraisexceptionnels (id, date, libelle, montant, date_saisie, config_exercice_id) FROM stdin;
1	2025-01-01	GRATIFICATION 2024	200000.00	2026-04-12 14:45:32.524759+01	3
2	2026-01-01	GRATIFICATION 2025	200000.00	2026-04-13 17:08:23.516471+01	4
\.


--
-- Data for Name: prets_pret; Type: TABLE DATA; Schema: public; Owner: postgres
--

COPY public.prets_pret (id, montant_principal, taux_mensuel, nombre_mois, interet_total, montant_total_du, date_octroi, date_echeance, mode_versement, numero_cheque, statut, nb_mois_retard, montant_rembourse, est_demande_membre, est_valide_bureau, motif_demande, date_demande, date_validation, adherent_id, config_exercice_id) FROM stdin;
101	1000000.00	1.00	2	20000.00	1020000.00	2025-11-01	2026-02-01	BANQUE		EN_COURS	0	0.00	f	f		\N	\N	AS201601	3
102	500000.00	1.00	2	10000.00	510000.00	2025-11-01	2026-01-02	BANQUE		EN_COURS	0	0.00	f	f		\N	\N	AS201602	3
103	1000000.00	1.00	12	120000.00	1120000.00	2025-01-01	2026-12-03	BANQUE		EN_COURS	0	0.00	f	f		\N	\N	AS201604	3
104	1000000.00	1.00	12	120000.00	1120000.00	2025-01-01	2026-12-04	BANQUE		EN_COURS	0	0.00	f	f		\N	\N	AS201654	3
105	1000000.00	1.00	12	120000.00	1120000.00	2025-01-01	2026-12-04	BANQUE		EN_COURS	0	0.00	f	f		\N	\N	AS201605	3
106	1000000.00	1.00	6	60000.00	1060000.00	2025-06-01	2026-06-04	BANQUE		EN_COURS	0	0.00	f	f		\N	\N	AS201608	3
107	400000.00	1.00	2	8000.00	408000.00	2025-10-01	2026-02-04	BANQUE		EN_COURS	0	0.00	f	f		\N	\N	AS201613	3
108	500000.00	1.00	5	25000.00	525000.00	2025-08-01	2026-01-04	BANQUE		EN_COURS	0	0.00	f	f		\N	\N	AS201617	3
109	1000000.00	1.00	12	120000.00	1120000.00	2025-01-01	2026-12-04	BANQUE		EN_COURS	0	0.00	f	f		\N	\N	AS201619	3
110	1000000.00	1.00	12	120000.00	1120000.00	2025-01-01	2026-12-04	BANQUE		EN_COURS	0	0.00	f	f		\N	\N	AS201649	3
111	900000.00	1.00	12	108000.00	1008000.00	2025-01-01	2026-12-04	BANQUE		EN_COURS	0	0.00	f	f		\N	\N	AS201621	3
112	500000.00	1.00	6	30000.00	530000.00	2025-09-01	2026-03-04	BANQUE		EN_COURS	0	0.00	f	f		\N	\N	AS201622	3
113	1000000.00	1.00	12	120000.00	1120000.00	2025-01-01	2026-12-04	BANQUE		EN_COURS	0	0.00	f	f		\N	\N	AS201624	3
114	1000000.00	1.00	5	50000.00	1050000.00	2025-09-01	2026-01-04	BANQUE		EN_COURS	0	0.00	f	f		\N	\N	AS201626	3
115	1000000.00	1.00	3	30000.00	1030000.00	2025-10-01	2026-03-04	BANQUE		EN_COURS	0	0.00	f	f		\N	\N	AS201628	3
116	900000.00	1.00	5	45000.00	945000.00	2025-09-01	2026-01-04	BANQUE		EN_COURS	0	0.00	f	f		\N	\N	AS201657	3
117	1000000.00	1.00	3	30000.00	1030000.00	2025-10-01	2026-03-04	BANQUE		EN_COURS	0	0.00	f	f		\N	\N	AS201653	3
118	1000000.00	1.00	6	60000.00	1060000.00	2025-06-01	2026-06-04	BANQUE		EN_COURS	0	0.00	f	f		\N	\N	AS201641	3
119	1000000.00	1.00	12	120000.00	1120000.00	2025-01-01	2026-12-04	BANQUE		EN_COURS	0	0.00	f	f		\N	\N	AS201660	3
120	500000.00	1.00	6	30000.00	530000.00	2025-09-01	2026-03-04	BANQUE		EN_COURS	0	0.00	f	f		\N	\N	AS201658	3
\.


--
-- Data for Name: prets_remboursementpret; Type: TABLE DATA; Schema: public; Owner: postgres
--

COPY public.prets_remboursementpret (id, mois, annee, montant, mode_versement, numero_cheque, penalite_retard, date_saisie, pret_id) FROM stdin;
\.


--
-- Data for Name: public_activite; Type: TABLE DATA; Schema: public; Owner: postgres
--

COPY public.public_activite (id, titre, description, date, lieu, est_publiee) FROM stdin;
1	Séance mensuelle ASELBY — Janvier 2026	Première séance de l'exercice 2026. Programme : ouverture officielle, accueil du nouveau membre M. FOTSO THOMAS, collecte des cotisations T60/T75/T100, enchères pour les lots du mois. Tous les membres sont convoqués. Présence obligatoire.	2026-01-13	Yaoundé	t
2	Séance mensuelle ASELBY — Février 2026	Séance mensuelle de février 2026. Programme : collecte des cotisations T60/T75/T100, suivi des remboursements de prêts, point sur les membres en retard, enchères pour les lots du mois. Rappel : pénalité de 3 000 FCFA pour tout versement en espèces.	2026-02-10	Yaoundé	t
3	Séance mensuelle ASELBY — Mars 2026	Séance mensuelle de mars 2026. Programme : collecte des cotisations, bilan trimestriel des finances, présentation du relevé bancaire du 1er trimestre, enchères pour les lots du mois. Le trésorier présentera l'état des fonds de caisse au 31 mars.	2026-03-10	Yaoundé	t
4	Séance mensuelle ASELBY — Avril 2026	Séance mensuelle d'avril 2026. Programme : collecte des cotisations T60/T75/T100, point sur les prêts en cours et les remboursements, enchères pour les lots du mois. Les membres ayant des engagements de foyer sont priés de se rapprocher du trésorier.	2026-04-14	Yaoundé	t
\.


--
-- Data for Name: public_annonce; Type: TABLE DATA; Schema: public; Owner: postgres
--

COPY public.public_annonce (id, titre, contenu, date_publication, est_publiee, date_creation, auteur_id) FROM stdin;
1	Clôture exercice 2025 — Résultats et distributions	L'exercice 2025 de l'ASELBY est officiellement clos. Les fiches de cassation ont été établies pour l'ensemble des membres actifs. Les distributions ont été effectuées conformément aux décisions du bureau lors de la dernière séance de décembre 2025. Nous remercions tous les membres pour leur régularité et leur engagement tout au long de cette année. Un bilan détaillé sera présenté lors de l'Assemblée Générale.	2026-04-14	t	2026-04-14 01:53:44.797215+01	\N
2	Ouverture exercice 2026 — Nouveautés et bienvenue	L'ASELBY ouvre officiellement son exercice 2026. Cette année, trois niveaux de tontine sont proposés : T60 (versement mensuel 60 000 FCFA), T75 (75 000 FCFA) et T100 (100 000 FCFA). Nous avons le plaisir d'accueillir M. FOTSO THOMAS (matricule AS201610) comme nouveau membre actif pour cet exercice, après régularisation de sa situation antérieure. Le bureau lui souhaite la bienvenue et compte sur la solidarité de tous les membres.	2026-04-14	t	2026-04-14 01:53:44.799845+01	\N
3	Compte rendu — Séance du 13 janvier 2026	La première séance de l'exercice 2026 s'est tenue le 13 janvier à Yaoundé. 37 membres ont participé à cette séance inaugurale. Les cotisations des trois niveaux T60, T75 et T100 ont été collectées. Les enchères pour les lots du mois ont été conduites conformément au règlement. Le bureau remercie tous les membres présents pour leur ponctualité et leur engagement.	2026-04-14	t	2026-04-14 01:53:44.801936+01	\N
4	Rappel — Pénalité pour versement en espèces	Le bureau rappelle à l'ensemble des membres que tout versement effectué en espèces est soumis à une pénalité de 3 000 FCFA, conformément au règlement intérieur. Pour éviter cette pénalité, nous vous invitons à effectuer vos versements par chèque ou virement bancaire. En cas de situation particulière empêchant un versement par chèque, veuillez contacter le trésorier avant la séance. Merci de votre compréhension.	2026-04-14	t	2026-04-14 01:53:44.803944+01	\N
\.


--
-- Data for Name: public_contact; Type: TABLE DATA; Schema: public; Owner: postgres
--

COPY public.public_contact (id, ville, pays, telephone, email, adresse, horaires) FROM stdin;
1	Yaoundé	Cameroun	+237 6XX XXX XXX	aselby.yaounde@gmail.com	Yaoundé, Centre, Cameroun	Séances mensuelles — 3ème dimanche du mois
\.


--
-- Data for Name: public_faq; Type: TABLE DATA; Schema: public; Owner: postgres
--

COPY public.public_faq (id, question, reponse, ordre, est_publiee) FROM stdin;
1	Comment rejoindre l'ASELBY ?	Pour devenir membre de l'ASELBY, il faut être coopté par un membre actif en règle. La candidature est soumise à l'approbation du bureau lors d'une séance. Les frais d'inscription s'élèvent à 25 000 FCFA. Le nouveau membre doit ensuite souscrire à au moins un niveau de tontine et participer régulièrement aux séances mensuelles.	1	t
2	Quels sont les niveaux de tontine et leurs montants ?	L'ASELBY propose trois niveaux en 2026 : Niveau T60 : taux mensuel 35 000 FCFA, versement mensuel 60 000 FCFA ; Niveau T75 : taux mensuel 75 000 FCFA, versement mensuel 75 000 FCFA ; Niveau T100 : taux mensuel 100 000 FCFA, versement mensuel 100 000 FCFA. Un membre peut souscrire à plusieurs niveaux simultanément. Chaque mois, un lot est attribué par niveau via le système d'enchères.	2	t
3	Comment sont calculés les intérêts sur les fonds de caisse ?	Les intérêts sont calculés chaque mois sur le capital de chaque membre dont le fonds dépasse le seuil d'éligibilité fixé à 900 000 FCFA. Le montant des intérêts est proportionnel au capital de chaque membre éligible. Ces intérêts viennent s'ajouter au capital composé mensuel et sont distribués en fin d'exercice lors de la cassation.	3	t
4	Quelles sont les conséquences d'un retard ou d'un manquement ?	Versement en espèces : pénalité fixe de 3 000 FCFA par séance. Échec de versement tontine : pénalité de 20% du montant dû pour ce mois. Après 3 échecs consécutifs non justifiés, le membre est placé en liste rouge : ses versements sont bloqués et il ne participe plus aux distributions jusqu'à régularisation complète de ses dettes.	4	t
5	Comment fonctionne la mutuelle ASELBY ?	La mutuelle de l'ASELBY est un fonds d'entraide entre membres. Elle permet d'octroyer une aide financière en cas de décès dans la famille d'un membre ou d'événement familial grave. En fin d'exercice, un complément mutuelle est versé à chaque membre actif en règle. Les décisions d'attribution des aides sont prises par le bureau en concertation avec les membres.	5	t
\.


--
-- Data for Name: saisie_tableaudebord; Type: TABLE DATA; Schema: public; Owner: postgres
--

COPY public.saisie_tableaudebord (id, mois, annee, versement_banque, versement_especes, autre_versement, complement_epargne, mode_versement, inscription, mutuelle, contribution_foyer, don_foyer_volontaire, sanction, pret_fonds, remboursement_pret, mode_pret, numero_cheque_pret, retrait_partiel, bonus_malus, montant_engagement, penalite_especes_appli, penalite_echec_appli, contribution_foyer_auto, reste, libelle_depense, compte_depense, autres_depenses, est_valide, date_saisie, date_modification, adherent_id, config_exercice_id, penalite_especes_appliquee) FROM stdin;
4663	1	2026	60000.00	0.00	0.00	0.00	BANQUE	0.00	0.00	0.00	0.00	0.00	0.00	0.00			0.00	0.00	60000.00	0.00	0.00	0.00	25000.00			0.00	t	2026-04-14 01:53:23.2514+01	2026-04-14 01:53:23.251409+01	AS201601	4	f
4664	1	2026	135000.00	0.00	0.00	0.00	BANQUE	0.00	0.00	0.00	0.00	0.00	0.00	500000.00			0.00	0.00	635000.00	0.00	0.00	0.00	25000.00			0.00	t	2026-04-14 01:53:23.253417+01	2026-04-14 01:53:23.253423+01	AS201602	4	f
4665	1	2026	140000.00	0.00	0.00	0.00	BANQUE	0.00	0.00	0.00	0.00	0.00	0.00	0.00			0.00	0.00	240000.00	0.00	0.00	0.00	30000.00			0.00	t	2026-04-14 01:53:23.254872+01	2026-04-14 01:53:23.254877+01	AS201604	4	f
4666	1	2026	0.00	160000.00	0.00	0.00	ESPECES	0.00	0.00	0.00	0.00	0.00	0.00	0.00			0.00	0.00	160000.00	0.00	0.00	0.00	25000.00			0.00	t	2026-04-14 01:53:23.256287+01	2026-04-14 01:53:23.256292+01	AS201605	4	f
4667	1	2026	360000.00	0.00	0.00	0.00	BANQUE	0.00	0.00	0.00	0.00	0.00	0.00	0.00			0.00	0.00	360000.00	0.00	0.00	0.00	25000.00			0.00	t	2026-04-14 01:53:23.257635+01	2026-04-14 01:53:23.25764+01	AS201608	4	f
4668	1	2026	60000.00	0.00	0.00	0.00	BANQUE	0.00	0.00	0.00	0.00	0.00	0.00	0.00			0.00	0.00	60000.00	0.00	0.00	0.00	25000.00			0.00	t	2026-04-14 01:53:23.25903+01	2026-04-14 01:53:23.259035+01	AS201609	4	f
4669	1	2026	60000.00	0.00	0.00	0.00	BANQUE	0.00	0.00	0.00	0.00	0.00	0.00	0.00			0.00	0.00	60000.00	0.00	0.00	0.00	25000.00			0.00	t	2026-04-14 01:53:23.260403+01	2026-04-14 01:53:23.260408+01	AS201610	4	f
4670	1	2026	135000.00	0.00	0.00	0.00	BANQUE	0.00	0.00	0.00	0.00	0.00	0.00	0.00			0.00	0.00	135000.00	0.00	0.00	0.00	25000.00			0.00	t	2026-04-14 01:53:23.261764+01	2026-04-14 01:53:23.26177+01	AS201611	4	f
4671	1	2026	160000.00	0.00	0.00	0.00	BANQUE	0.00	0.00	0.00	0.00	0.00	0.00	400000.00			0.00	0.00	560000.00	0.00	0.00	0.00	25000.00			0.00	t	2026-04-14 01:53:23.263108+01	2026-04-14 01:53:23.263113+01	AS201613	4	f
4672	1	2026	160000.00	0.00	0.00	0.00	BANQUE	0.00	0.00	0.00	0.00	0.00	0.00	0.00			0.00	0.00	160000.00	0.00	0.00	0.00	25000.00			0.00	t	2026-04-14 01:53:23.264439+01	2026-04-14 01:53:23.264444+01	AS201617	4	f
4673	1	2026	220000.00	40000.00	0.00	0.00	BANQUE	0.00	0.00	0.00	0.00	0.00	0.00	0.00			0.00	0.00	260000.00	0.00	0.00	0.00	50000.00			0.00	t	2026-04-14 01:53:23.265764+01	2026-04-14 01:53:23.265769+01	AS201619	4	f
4674	1	2026	0.00	60000.00	0.00	0.00	ESPECES	0.00	0.00	0.00	0.00	0.00	100000.00	0.00			0.00	0.00	60000.00	0.00	0.00	0.00	25000.00			0.00	t	2026-04-14 01:53:23.267134+01	2026-04-14 01:53:23.267139+01	AS201620	4	f
4675	1	2026	135000.00	0.00	0.00	0.00	BANQUE	0.00	0.00	0.00	0.00	0.00	0.00	0.00			0.00	0.00	135000.00	0.00	0.00	0.00	25000.00			0.00	t	2026-04-14 01:53:23.268551+01	2026-04-14 01:53:23.268556+01	AS201621	4	f
4676	1	2026	60000.00	10000.00	0.00	0.00	BANQUE	0.00	0.00	0.00	0.00	0.00	0.00	0.00			0.00	0.00	270000.00	0.00	0.00	0.00	35000.00			0.00	t	2026-04-14 01:53:23.269969+01	2026-04-14 01:53:23.269975+01	AS201622	4	f
4677	1	2026	240000.00	0.00	0.00	0.00	BANQUE	0.00	0.00	150000.00	0.00	0.00	0.00	0.00			0.00	0.00	240000.00	0.00	0.00	0.00	30000.00			0.00	t	2026-04-14 01:53:23.271341+01	2026-04-14 01:53:23.271346+01	AS201624	4	f
4678	1	2026	335000.00	0.00	0.00	0.00	BANQUE	0.00	0.00	150000.00	0.00	0.00	0.00	1000000.00			0.00	0.00	1335000.00	0.00	0.00	0.00	25000.00			0.00	t	2026-04-14 01:53:23.272711+01	2026-04-14 01:53:23.272716+01	AS201626	4	f
4679	1	2026	0.00	10000.00	0.00	0.00	ESPECES	0.00	0.00	0.00	0.00	0.00	0.00	0.00			0.00	0.00	160000.00	0.00	0.00	0.00	25000.00			0.00	t	2026-04-14 01:53:23.274057+01	2026-04-14 01:53:23.274063+01	AS201628	4	f
4680	1	2026	135000.00	0.00	0.00	0.00	BANQUE	0.00	0.00	0.00	0.00	0.00	0.00	0.00			0.00	0.00	135000.00	0.00	0.00	0.00	25000.00			0.00	t	2026-04-14 01:53:23.275444+01	2026-04-14 01:53:23.275449+01	AS201633	4	f
4681	1	2026	0.00	60000.00	0.00	0.00	ESPECES	0.00	0.00	0.00	0.00	0.00	400000.00	0.00			0.00	0.00	60000.00	0.00	0.00	0.00	25000.00			0.00	t	2026-04-14 01:53:23.276794+01	2026-04-14 01:53:23.276799+01	AS201639	4	f
4682	1	2026	135000.00	5000.00	0.00	0.00	BANQUE	0.00	0.00	0.00	0.00	0.00	0.00	0.00			0.00	0.00	140000.00	0.00	0.00	0.00	30000.00			0.00	t	2026-04-14 01:53:23.278167+01	2026-04-14 01:53:23.278172+01	AS201641	4	f
4683	1	2026	60000.00	0.00	0.00	0.00	BANQUE	0.00	0.00	0.00	0.00	0.00	0.00	0.00			0.00	0.00	60000.00	0.00	0.00	0.00	25000.00			0.00	t	2026-04-14 01:53:23.279517+01	2026-04-14 01:53:23.279522+01	AS201643	4	f
4684	1	2026	0.00	60000.00	0.00	0.00	ESPECES	0.00	0.00	0.00	0.00	0.00	0.00	0.00			0.00	0.00	60000.00	0.00	0.00	0.00	25000.00			0.00	t	2026-04-14 01:53:23.280901+01	2026-04-14 01:53:23.280906+01	AS201646	4	f
4685	1	2026	235000.00	0.00	0.00	0.00	BANQUE	0.00	0.00	0.00	0.00	0.00	0.00	0.00			0.00	0.00	235000.00	0.00	0.00	0.00	25000.00			0.00	t	2026-04-14 01:53:23.28227+01	2026-04-14 01:53:23.282275+01	AS201647	4	f
4686	1	2026	250000.00	0.00	0.00	0.00	BANQUE	0.00	0.00	0.00	0.00	0.00	0.00	0.00			0.00	0.00	250000.00	0.00	0.00	0.00	0.00			0.00	t	2026-04-14 01:53:23.283616+01	2026-04-14 01:53:23.283621+01	AS201648	4	f
4687	1	2026	0.00	155000.00	0.00	0.00	ESPECES	0.00	0.00	0.00	0.00	0.00	0.00	0.00			0.00	0.00	255000.00	0.00	0.00	0.00	45000.00			0.00	t	2026-04-14 01:53:23.284964+01	2026-04-14 01:53:23.284969+01	AS201649	4	f
4688	1	2026	60000.00	0.00	0.00	0.00	BANQUE	0.00	0.00	0.00	0.00	0.00	0.00	0.00			0.00	0.00	60000.00	0.00	0.00	0.00	25000.00			0.00	t	2026-04-14 01:53:23.286304+01	2026-04-14 01:53:23.286309+01	AS201651	4	f
4689	1	2026	260000.00	0.00	0.00	0.00	BANQUE	0.00	0.00	0.00	0.00	0.00	0.00	0.00			0.00	0.00	260000.00	0.00	0.00	0.00	25000.00			0.00	t	2026-04-14 01:53:23.287655+01	2026-04-14 01:53:23.28766+01	AS201653	4	f
4690	1	2026	60000.00	0.00	0.00	0.00	BANQUE	0.00	0.00	0.00	0.00	0.00	0.00	0.00			0.00	0.00	60000.00	0.00	0.00	0.00	25000.00			0.00	t	2026-04-14 01:53:23.289016+01	2026-04-14 01:53:23.289021+01	AS201654	4	f
4691	1	2026	60000.00	0.00	0.00	0.00	BANQUE	0.00	0.00	0.00	0.00	0.00	0.00	0.00			0.00	0.00	60000.00	0.00	0.00	0.00	25000.00			0.00	t	2026-04-14 01:53:23.29036+01	2026-04-14 01:53:23.290365+01	AS201656	4	f
4692	1	2026	60000.00	0.00	0.00	0.00	BANQUE	0.00	0.00	0.00	0.00	0.00	0.00	0.00			0.00	0.00	60000.00	0.00	0.00	0.00	25000.00			0.00	t	2026-04-14 01:53:23.291688+01	2026-04-14 01:53:23.291698+01	AS201657	4	f
4693	1	2026	135000.00	0.00	0.00	0.00	BANQUE	0.00	0.00	0.00	0.00	0.00	0.00	0.00			0.00	0.00	135000.00	0.00	0.00	0.00	25000.00			0.00	t	2026-04-14 01:53:23.293078+01	2026-04-14 01:53:23.293083+01	AS201658	4	f
4694	1	2026	160000.00	0.00	0.00	0.00	BANQUE	0.00	0.00	0.00	0.00	0.00	0.00	0.00			0.00	0.00	160000.00	0.00	0.00	0.00	25000.00			0.00	t	2026-04-14 01:53:23.294425+01	2026-04-14 01:53:23.294431+01	AS201629	4	f
4695	1	2026	0.00	260000.00	0.00	0.00	ESPECES	0.00	0.00	150000.00	0.00	0.00	0.00	0.00			0.00	0.00	260000.00	0.00	0.00	0.00	25000.00			0.00	t	2026-04-14 01:53:23.295766+01	2026-04-14 01:53:23.295772+01	AS201659	4	f
4696	1	2026	160000.00	0.00	0.00	0.00	BANQUE	0.00	0.00	0.00	0.00	0.00	0.00	0.00			0.00	0.00	160000.00	0.00	0.00	0.00	25000.00			0.00	t	2026-04-14 01:53:23.297115+01	2026-04-14 01:53:23.29712+01	AS201660	4	f
4697	1	2026	60000.00	0.00	0.00	0.00	BANQUE	0.00	0.00	0.00	0.00	0.00	0.00	0.00			0.00	0.00	60000.00	0.00	0.00	0.00	25000.00			0.00	t	2026-04-14 01:53:23.298469+01	2026-04-14 01:53:23.298474+01	AS201661	4	f
4698	1	2026	60000.00	0.00	0.00	0.00	BANQUE	0.00	0.00	0.00	0.00	0.00	0.00	0.00			0.00	0.00	60000.00	0.00	0.00	0.00	25000.00			0.00	t	2026-04-14 01:53:23.299831+01	2026-04-14 01:53:23.299837+01	AS201662	4	f
4699	1	2026	0.00	60000.00	0.00	0.00	ESPECES	0.00	0.00	0.00	0.00	0.00	0.00	0.00			0.00	0.00	60000.00	0.00	0.00	0.00	25000.00			0.00	t	2026-04-14 01:53:23.301182+01	2026-04-14 01:53:23.301188+01	AS201663	4	f
4700	2	2026	0.00	60000.00	0.00	0.00	ESPECES	0.00	0.00	0.00	0.00	0.00	0.00	0.00			0.00	0.00	60000.00	0.00	0.00	0.00	25000.00			0.00	t	2026-04-14 01:53:23.611421+01	2026-04-14 01:53:23.611431+01	AS201601	4	f
4701	2	2026	135000.00	0.00	0.00	0.00	BANQUE	0.00	0.00	0.00	0.00	0.00	0.00	0.00			0.00	0.00	135000.00	0.00	0.00	0.00	25000.00			0.00	t	2026-04-14 01:53:23.613783+01	2026-04-14 01:53:23.613789+01	AS201602	4	f
4702	2	2026	0.00	240000.00	0.00	0.00	ESPECES	0.00	0.00	150000.00	0.00	0.00	0.00	0.00			50000.00	0.00	240000.00	0.00	0.00	0.00	30000.00			0.00	t	2026-04-14 01:53:23.615978+01	2026-04-14 01:53:23.615984+01	AS201604	4	f
4703	2	2026	160000.00	0.00	0.00	0.00	BANQUE	0.00	0.00	150000.00	0.00	0.00	0.00	0.00			0.00	0.00	362000.00	0.00	0.00	0.00	25000.00			0.00	t	2026-04-14 01:53:23.618207+01	2026-04-14 01:53:23.618212+01	AS201605	4	f
4704	2	2026	370000.00	0.00	0.00	0.00	BANQUE	0.00	0.00	0.00	0.00	0.00	0.00	0.00			0.00	0.00	370000.00	0.00	0.00	0.00	35000.00			0.00	t	2026-04-14 01:53:23.621144+01	2026-04-14 01:53:23.621154+01	AS201608	4	f
4705	2	2026	0.00	60000.00	0.00	0.00	ESPECES	0.00	0.00	0.00	0.00	0.00	0.00	0.00			0.00	0.00	60000.00	0.00	0.00	0.00	25000.00			0.00	t	2026-04-14 01:53:23.625381+01	2026-04-14 01:53:23.625391+01	AS201609	4	f
4706	2	2026	60000.00	0.00	0.00	0.00	BANQUE	0.00	0.00	0.00	0.00	0.00	0.00	0.00			0.00	0.00	60000.00	0.00	0.00	0.00	25000.00			0.00	t	2026-04-14 01:53:23.629604+01	2026-04-14 01:53:23.629614+01	AS201610	4	f
4707	2	2026	135000.00	0.00	0.00	0.00	BANQUE	0.00	0.00	0.00	0.00	0.00	0.00	0.00			0.00	0.00	135000.00	0.00	0.00	0.00	25000.00			0.00	t	2026-04-14 01:53:23.633685+01	2026-04-14 01:53:23.633703+01	AS201611	4	f
4708	2	2026	160000.00	0.00	0.00	0.00	BANQUE	0.00	0.00	150000.00	0.00	0.00	0.00	0.00			0.00	0.00	160000.00	0.00	0.00	0.00	25000.00			0.00	t	2026-04-14 01:53:23.637584+01	2026-04-14 01:53:23.637593+01	AS201613	4	f
4709	2	2026	160000.00	0.00	0.00	0.00	BANQUE	0.00	0.00	0.00	0.00	0.00	0.00	0.00			0.00	0.00	160000.00	0.00	0.00	0.00	25000.00			0.00	t	2026-04-14 01:53:23.641523+01	2026-04-14 01:53:23.64153+01	AS201617	4	f
4710	2	2026	0.00	260000.00	0.00	0.00	ESPECES	0.00	0.00	0.00	0.00	0.00	0.00	0.00			0.00	0.00	260000.00	0.00	0.00	0.00	50000.00			0.00	t	2026-04-14 01:53:23.644804+01	2026-04-14 01:53:23.644809+01	AS201619	4	f
4711	2	2026	60000.00	0.00	0.00	0.00	BANQUE	0.00	0.00	0.00	0.00	0.00	0.00	0.00			0.00	0.00	60000.00	0.00	0.00	0.00	25000.00			0.00	t	2026-04-14 01:53:23.647864+01	2026-04-14 01:53:23.64787+01	AS201620	4	f
4712	2	2026	135000.00	0.00	0.00	0.00	BANQUE	0.00	0.00	0.00	0.00	0.00	0.00	0.00			0.00	0.00	135000.00	0.00	0.00	0.00	25000.00			0.00	t	2026-04-14 01:53:23.650851+01	2026-04-14 01:53:23.650857+01	AS201621	4	f
4713	2	2026	270000.00	0.00	0.00	0.00	BANQUE	0.00	0.00	0.00	0.00	0.00	0.00	0.00			0.00	0.00	270000.00	0.00	0.00	0.00	35000.00			0.00	t	2026-04-14 01:53:23.654078+01	2026-04-14 01:53:23.654084+01	AS201622	4	f
4714	2	2026	0.00	488000.00	0.00	0.00	ESPECES	0.00	0.00	0.00	0.00	0.00	0.00	0.00			0.00	0.00	488000.00	0.00	0.00	0.00	25000.00			0.00	t	2026-04-14 01:53:23.657648+01	2026-04-14 01:53:23.657654+01	AS201624	4	f
4715	2	2026	335000.00	0.00	0.00	0.00	BANQUE	0.00	0.00	0.00	0.00	0.00	1000000.00	0.00			0.00	0.00	335000.00	0.00	0.00	0.00	25000.00			0.00	t	2026-04-14 01:53:23.660643+01	2026-04-14 01:53:23.660649+01	AS201626	4	f
4716	2	2026	60000.00	100000.00	0.00	0.00	BANQUE	0.00	0.00	0.00	0.00	0.00	0.00	0.00			0.00	0.00	160000.00	0.00	0.00	0.00	25000.00			0.00	t	2026-04-14 01:53:23.663665+01	2026-04-14 01:53:23.66367+01	AS201628	4	f
4717	2	2026	135000.00	0.00	0.00	0.00	BANQUE	0.00	0.00	0.00	0.00	0.00	0.00	0.00			0.00	0.00	135000.00	0.00	0.00	0.00	25000.00			0.00	t	2026-04-14 01:53:23.667041+01	2026-04-14 01:53:23.667047+01	AS201633	4	f
4718	2	2026	60000.00	0.00	0.00	0.00	BANQUE	0.00	0.00	0.00	0.00	0.00	0.00	0.00			0.00	0.00	60000.00	0.00	0.00	0.00	25000.00			0.00	t	2026-04-14 01:53:23.670356+01	2026-04-14 01:53:23.670362+01	AS201639	4	f
4719	2	2026	140000.00	0.00	0.00	0.00	BANQUE	0.00	0.00	0.00	0.00	0.00	0.00	0.00			0.00	0.00	140000.00	0.00	0.00	0.00	30000.00			0.00	t	2026-04-14 01:53:23.674194+01	2026-04-14 01:53:23.674204+01	AS201641	4	f
4720	2	2026	60000.00	0.00	0.00	0.00	BANQUE	0.00	0.00	0.00	0.00	0.00	0.00	0.00			0.00	0.00	100000.00	0.00	0.00	0.00	25000.00			0.00	t	2026-04-14 01:53:23.678375+01	2026-04-14 01:53:23.678385+01	AS201643	4	f
4721	2	2026	60000.00	0.00	0.00	0.00	BANQUE	0.00	0.00	0.00	0.00	0.00	0.00	0.00			0.00	0.00	60000.00	0.00	0.00	0.00	25000.00			0.00	t	2026-04-14 01:53:23.682838+01	2026-04-14 01:53:23.68285+01	AS201646	4	f
4722	2	2026	235000.00	0.00	0.00	0.00	BANQUE	0.00	0.00	0.00	0.00	0.00	0.00	0.00			0.00	0.00	235000.00	0.00	0.00	0.00	25000.00			0.00	t	2026-04-14 01:53:23.687188+01	2026-04-14 01:53:23.687194+01	AS201647	4	f
4723	2	2026	250000.00	0.00	0.00	0.00	BANQUE	0.00	0.00	0.00	0.00	0.00	0.00	0.00			0.00	0.00	250000.00	0.00	0.00	0.00	0.00			0.00	t	2026-04-14 01:53:23.691203+01	2026-04-14 01:53:23.691215+01	AS201648	4	f
4724	2	2026	571000.00	0.00	0.00	0.00	BANQUE	0.00	0.00	0.00	0.00	0.00	0.00	0.00			0.00	0.00	571000.00	0.00	0.00	0.00	40000.00			0.00	t	2026-04-14 01:53:23.695589+01	2026-04-14 01:53:23.695599+01	AS201649	4	f
4725	2	2026	60000.00	0.00	0.00	0.00	BANQUE	0.00	0.00	0.00	0.00	0.00	0.00	0.00			0.00	0.00	60000.00	0.00	0.00	0.00	25000.00			0.00	t	2026-04-14 01:53:23.699412+01	2026-04-14 01:53:23.699422+01	AS201651	4	f
4726	2	2026	260000.00	0.00	0.00	0.00	BANQUE	0.00	0.00	0.00	0.00	0.00	0.00	1000000.00			0.00	0.00	1260000.00	0.00	0.00	0.00	25000.00			0.00	t	2026-04-14 01:53:23.703136+01	2026-04-14 01:53:23.703146+01	AS201653	4	f
4727	2	2026	0.00	60000.00	0.00	0.00	ESPECES	0.00	0.00	0.00	0.00	0.00	0.00	0.00			0.00	0.00	60000.00	0.00	0.00	0.00	25000.00			0.00	t	2026-04-14 01:53:23.707167+01	2026-04-14 01:53:23.707176+01	AS201654	4	f
4728	2	2026	60000.00	0.00	0.00	0.00	BANQUE	0.00	0.00	0.00	0.00	0.00	0.00	0.00			0.00	0.00	60000.00	0.00	0.00	0.00	25000.00			0.00	t	2026-04-14 01:53:23.711119+01	2026-04-14 01:53:23.711128+01	AS201656	4	f
4729	2	2026	60000.00	0.00	0.00	0.00	BANQUE	0.00	0.00	0.00	0.00	0.00	0.00	0.00			0.00	0.00	60000.00	0.00	0.00	0.00	25000.00			0.00	t	2026-04-14 01:53:23.715096+01	2026-04-14 01:53:23.715101+01	AS201657	4	f
4730	2	2026	135000.00	0.00	0.00	0.00	BANQUE	0.00	0.00	0.00	0.00	0.00	0.00	0.00			0.00	0.00	135000.00	0.00	0.00	0.00	25000.00			0.00	t	2026-04-14 01:53:23.718969+01	2026-04-14 01:53:23.718978+01	AS201658	4	f
4731	2	2026	60000.00	100000.00	0.00	0.00	BANQUE	0.00	0.00	0.00	0.00	0.00	0.00	0.00			0.00	0.00	160000.00	0.00	0.00	0.00	25000.00			0.00	t	2026-04-14 01:53:23.722757+01	2026-04-14 01:53:23.722766+01	AS201629	4	f
4732	2	2026	462000.00	0.00	0.00	0.00	BANQUE	0.00	0.00	0.00	0.00	0.00	0.00	0.00			0.00	0.00	452000.00	0.00	0.00	0.00	15000.00			0.00	t	2026-04-14 01:53:23.726897+01	2026-04-14 01:53:23.726906+01	AS201659	4	f
4733	2	2026	160000.00	0.00	0.00	0.00	BANQUE	0.00	0.00	0.00	0.00	0.00	0.00	0.00			0.00	0.00	160000.00	0.00	0.00	0.00	25000.00			0.00	t	2026-04-14 01:53:23.73126+01	2026-04-14 01:53:23.731271+01	AS201660	4	f
4734	2	2026	60000.00	0.00	0.00	0.00	BANQUE	0.00	0.00	0.00	0.00	0.00	0.00	0.00			0.00	0.00	60000.00	0.00	0.00	0.00	25000.00			0.00	t	2026-04-14 01:53:23.734937+01	2026-04-14 01:53:23.734942+01	AS201661	4	f
4735	2	2026	0.00	60000.00	0.00	0.00	ESPECES	0.00	0.00	0.00	0.00	0.00	0.00	0.00			0.00	0.00	60000.00	0.00	0.00	0.00	25000.00			0.00	t	2026-04-14 01:53:23.738228+01	2026-04-14 01:53:23.738234+01	AS201662	4	f
4736	2	2026	60000.00	0.00	0.00	0.00	BANQUE	0.00	0.00	0.00	0.00	0.00	0.00	0.00			0.00	0.00	60000.00	0.00	0.00	0.00	25000.00			0.00	t	2026-04-14 01:53:23.741269+01	2026-04-14 01:53:23.741274+01	AS201663	4	f
4737	3	2026	60000.00	0.00	0.00	0.00	BANQUE	0.00	0.00	0.00	0.00	0.00	0.00	0.00			0.00	0.00	60000.00	0.00	0.00	0.00	25000.00			0.00	t	2026-04-14 01:53:24.045512+01	2026-04-14 01:53:24.045526+01	AS201601	4	f
4738	3	2026	135000.00	0.00	0.00	0.00	BANQUE	0.00	0.00	0.00	0.00	0.00	0.00	0.00			0.00	0.00	135000.00	0.00	0.00	0.00	25000.00			0.00	t	2026-04-14 01:53:24.049462+01	2026-04-14 01:53:24.049472+01	AS201602	4	f
4739	3	2026	100000.00	250000.00	0.00	0.00	BANQUE	0.00	0.00	0.00	0.00	0.00	0.00	0.00			0.00	0.00	352000.00	0.00	0.00	0.00	40000.00			0.00	t	2026-04-14 01:53:24.053286+01	2026-04-14 01:53:24.053296+01	AS201604	4	f
4740	3	2026	308500.00	57500.00	0.00	0.00	BANQUE	0.00	0.00	0.00	0.00	0.00	0.00	0.00			0.00	0.00	366000.00	0.00	0.00	0.00	25000.00			0.00	t	2026-04-14 01:53:24.057147+01	2026-04-14 01:53:24.057156+01	AS201605	4	f
4741	3	2026	900000.00	0.00	0.00	0.00	BANQUE	0.00	0.00	0.00	0.00	0.00	0.00	0.00			0.00	0.00	900000.00	0.00	0.00	0.00	419000.00			0.00	t	2026-04-14 01:53:24.06076+01	2026-04-14 01:53:24.06077+01	AS201608	4	f
4742	3	2026	0.00	60000.00	0.00	0.00	ESPECES	0.00	0.00	0.00	0.00	0.00	0.00	0.00			0.00	0.00	60000.00	3000.00	0.00	0.00	22000.00			0.00	t	2026-04-14 01:53:24.064581+01	2026-04-14 01:53:24.06459+01	AS201609	4	f
4743	3	2026	0.00	0.00	0.00	0.00	ECHEC	0.00	0.00	0.00	0.00	0.00	0.00	0.00			0.00	0.00	0.00	0.00	0.00	0.00	0.00			0.00	t	2026-04-14 01:53:24.068124+01	2026-04-14 01:53:24.068133+01	AS201610	4	f
4744	3	2026	135000.00	0.00	0.00	0.00	BANQUE	0.00	0.00	0.00	0.00	0.00	0.00	0.00			0.00	0.00	135000.00	0.00	0.00	0.00	25000.00			0.00	t	2026-04-14 01:53:24.071377+01	2026-04-14 01:53:24.071386+01	AS201611	4	f
4745	3	2026	160000.00	0.00	0.00	0.00	BANQUE	0.00	0.00	0.00	0.00	0.00	0.00	0.00			0.00	0.00	160000.00	0.00	0.00	0.00	25000.00			0.00	t	2026-04-14 01:53:24.074957+01	2026-04-14 01:53:24.074966+01	AS201613	4	f
4746	3	2026	0.00	100000.00	0.00	0.00	ESPECES	0.00	0.00	0.00	0.00	0.00	0.00	0.00			0.00	0.00	160000.00	3000.00	0.00	0.00	22000.00			0.00	t	2026-04-14 01:53:24.078517+01	2026-04-14 01:53:24.078527+01	AS201617	4	f
4747	3	2026	0.00	260000.00	0.00	0.00	ESPECES	0.00	0.00	0.00	0.00	0.00	0.00	0.00			0.00	0.00	462000.00	3000.00	0.00	0.00	47000.00			0.00	t	2026-04-14 01:53:24.082467+01	2026-04-14 01:53:24.082476+01	AS201619	4	f
4748	3	2026	60000.00	0.00	0.00	0.00	BANQUE	0.00	0.00	0.00	0.00	0.00	0.00	0.00			0.00	0.00	60000.00	0.00	0.00	0.00	25000.00			0.00	t	2026-04-14 01:53:24.086508+01	2026-04-14 01:53:24.086514+01	AS201620	4	f
4749	3	2026	130000.00	0.00	0.00	0.00	BANQUE	0.00	0.00	0.00	0.00	0.00	0.00	0.00			0.00	0.00	130000.00	0.00	0.00	0.00	20000.00			0.00	t	2026-04-14 01:53:24.089609+01	2026-04-14 01:53:24.089615+01	AS201621	4	f
4750	3	2026	270000.00	0.00	0.00	0.00	BANQUE	0.00	0.00	0.00	0.00	0.00	0.00	0.00			0.00	0.00	270000.00	0.00	0.00	0.00	35000.00			0.00	t	2026-04-14 01:53:24.092568+01	2026-04-14 01:53:24.092575+01	AS201622	4	f
4751	3	2026	240000.00	206500.00	0.00	0.00	BANQUE	0.00	0.00	0.00	0.00	0.00	0.00	0.00			0.00	0.00	446500.00	3000.00	0.00	0.00	30000.00			0.00	t	2026-04-14 01:53:24.09565+01	2026-04-14 01:53:24.095656+01	AS201624	4	f
4752	3	2026	440000.00	0.00	0.00	0.00	BANQUE	0.00	0.00	0.00	0.00	0.00	0.00	0.00			0.00	0.00	440000.00	0.00	0.00	0.00	28500.00			0.00	t	2026-04-14 01:53:24.098681+01	2026-04-14 01:53:24.098687+01	AS201626	4	f
4753	3	2026	60000.00	121500.00	0.00	0.00	BANQUE	0.00	0.00	150000.00	0.00	0.00	0.00	0.00			0.00	0.00	252500.00	0.00	0.00	0.00	25000.00			0.00	t	2026-04-14 01:53:24.101603+01	2026-04-14 01:53:24.101608+01	AS201628	4	f
4754	3	2026	135000.00	0.00	0.00	0.00	BANQUE	0.00	0.00	0.00	0.00	0.00	0.00	0.00			0.00	0.00	135000.00	0.00	0.00	0.00	25000.00			0.00	t	2026-04-14 01:53:24.104802+01	2026-04-14 01:53:24.104808+01	AS201633	4	f
4755	3	2026	60000.00	0.00	0.00	0.00	BANQUE	0.00	0.00	0.00	0.00	0.00	0.00	0.00			0.00	0.00	60000.00	0.00	0.00	0.00	25000.00			0.00	t	2026-04-14 01:53:24.108099+01	2026-04-14 01:53:24.108104+01	AS201639	4	f
4756	3	2026	140000.00	0.00	0.00	0.00	BANQUE	0.00	0.00	0.00	0.00	0.00	0.00	0.00			0.00	0.00	140000.00	0.00	0.00	0.00	30000.00			0.00	t	2026-04-14 01:53:24.111423+01	2026-04-14 01:53:24.111429+01	AS201641	4	f
4757	3	2026	60000.00	0.00	0.00	0.00	BANQUE	0.00	0.00	0.00	0.00	0.00	0.00	0.00			0.00	0.00	104000.00	0.00	0.00	0.00	25000.00			0.00	t	2026-04-14 01:53:24.114421+01	2026-04-14 01:53:24.114427+01	AS201643	4	f
4758	3	2026	60000.00	0.00	0.00	0.00	BANQUE	0.00	0.00	0.00	0.00	0.00	0.00	0.00			0.00	0.00	60000.00	0.00	0.00	0.00	25000.00			0.00	t	2026-04-14 01:53:24.117532+01	2026-04-14 01:53:24.117537+01	AS201646	4	f
4759	3	2026	235000.00	0.00	0.00	0.00	BANQUE	0.00	0.00	0.00	0.00	0.00	0.00	0.00			0.00	0.00	235000.00	0.00	0.00	0.00	25000.00			0.00	t	2026-04-14 01:53:24.12079+01	2026-04-14 01:53:24.120795+01	AS201647	4	f
4760	3	2026	250000.00	0.00	0.00	0.00	BANQUE	0.00	0.00	0.00	0.00	0.00	0.00	0.00			0.00	0.00	250000.00	0.00	0.00	0.00	0.00			0.00	t	2026-04-14 01:53:24.123758+01	2026-04-14 01:53:24.123764+01	AS201648	4	f
4761	3	2026	400000.00	100000.00	0.00	0.00	BANQUE	0.00	0.00	150000.00	0.00	0.00	0.00	0.00			0.00	0.00	500000.00	0.00	0.00	0.00	38500.00			0.00	t	2026-04-14 01:53:24.126923+01	2026-04-14 01:53:24.126929+01	AS201649	4	f
4762	3	2026	60000.00	0.00	0.00	0.00	BANQUE	0.00	0.00	0.00	0.00	0.00	0.00	0.00			0.00	0.00	60000.00	0.00	0.00	0.00	25000.00			0.00	t	2026-04-14 01:53:24.12996+01	2026-04-14 01:53:24.129965+01	AS201651	4	f
4763	3	2026	260000.00	0.00	0.00	0.00	BANQUE	0.00	0.00	0.00	0.00	0.00	0.00	0.00			0.00	0.00	260000.00	0.00	0.00	0.00	25000.00			0.00	t	2026-04-14 01:53:24.133225+01	2026-04-14 01:53:24.13323+01	AS201653	4	f
4764	3	2026	60000.00	0.00	0.00	0.00	BANQUE	0.00	0.00	150000.00	0.00	0.00	0.00	0.00			0.00	0.00	58000.00	0.00	0.00	0.00	23000.00			0.00	t	2026-04-14 01:53:24.136159+01	2026-04-14 01:53:24.136163+01	AS201654	4	f
4765	3	2026	60000.00	0.00	0.00	0.00	BANQUE	0.00	0.00	0.00	0.00	0.00	0.00	0.00			0.00	0.00	60000.00	0.00	0.00	0.00	25000.00			0.00	t	2026-04-14 01:53:24.138707+01	2026-04-14 01:53:24.138714+01	AS201656	4	f
4766	3	2026	0.00	60000.00	0.00	0.00	ESPECES	0.00	0.00	0.00	0.00	0.00	0.00	0.00			0.00	0.00	60000.00	3000.00	0.00	0.00	22000.00			0.00	t	2026-04-14 01:53:24.141352+01	2026-04-14 01:53:24.141357+01	AS201657	4	f
4767	3	2026	237000.00	0.00	0.00	0.00	BANQUE	0.00	0.00	0.00	0.00	0.00	0.00	0.00			0.00	0.00	237000.00	0.00	0.00	0.00	25000.00			0.00	t	2026-04-14 01:53:24.143853+01	2026-04-14 01:53:24.143859+01	AS201658	4	f
4768	3	2026	0.00	160000.00	0.00	0.00	ESPECES	0.00	0.00	0.00	0.00	0.00	0.00	0.00			0.00	0.00	160000.00	3000.00	0.00	0.00	22000.00			0.00	t	2026-04-14 01:53:24.14607+01	2026-04-14 01:53:24.146075+01	AS201629	4	f
4769	3	2026	101500.00	263000.00	0.00	0.00	BANQUE	0.00	0.00	0.00	0.00	0.00	0.00	0.00			0.00	0.00	364500.00	3000.00	0.00	0.00	25000.00			0.00	t	2026-04-14 01:53:24.148075+01	2026-04-14 01:53:24.14808+01	AS201659	4	f
4770	3	2026	160000.00	0.00	0.00	0.00	BANQUE	0.00	0.00	0.00	0.00	0.00	0.00	0.00			0.00	0.00	160000.00	0.00	0.00	0.00	25000.00			0.00	t	2026-04-14 01:53:24.150072+01	2026-04-14 01:53:24.150078+01	AS201660	4	f
4771	3	2026	60000.00	0.00	0.00	0.00	BANQUE	0.00	0.00	0.00	0.00	0.00	0.00	0.00			0.00	0.00	60000.00	0.00	0.00	0.00	25000.00			0.00	t	2026-04-14 01:53:24.152136+01	2026-04-14 01:53:24.152142+01	AS201661	4	f
4772	3	2026	0.00	60000.00	0.00	0.00	ESPECES	0.00	0.00	0.00	0.00	0.00	0.00	0.00			0.00	0.00	60000.00	3000.00	0.00	0.00	22000.00			0.00	t	2026-04-14 01:53:24.154207+01	2026-04-14 01:53:24.154213+01	AS201662	4	f
4773	3	2026	60000.00	0.00	0.00	0.00	BANQUE	0.00	0.00	0.00	0.00	0.00	0.00	0.00			0.00	0.00	60000.00	0.00	0.00	0.00	25000.00			0.00	t	2026-04-14 01:53:24.156246+01	2026-04-14 01:53:24.156252+01	AS201663	4	f
4219	1	2025	250000.00	0.00	0.00	0.00	BANQUE	0.00	0.00	0.00	0.00	0.00	0.00	0.00			0.00	0.00	250000.00	0.00	0.00	0.00	0.00			0.00	t	2026-04-14 01:52:44.629071+01	2026-04-14 01:52:44.629084+01	AS201648	3	f
4220	1	2025	0.00	50000.00	0.00	0.00	ESPECES	0.00	0.00	0.00	0.00	0.00	1000000.00	0.00			0.00	0.00	50000.00	0.00	0.00	0.00	25000.00			0.00	t	2026-04-14 01:52:44.634026+01	2026-04-14 01:52:44.634032+01	AS201601	3	f
4221	1	2025	125000.00	0.00	0.00	0.00	BANQUE	0.00	0.00	0.00	0.00	0.00	0.00	0.00			0.00	0.00	125000.00	0.00	0.00	0.00	25000.00			0.00	t	2026-04-14 01:52:44.640044+01	2026-04-14 01:52:44.64005+01	AS201602	3	f
4222	1	2025	250000.00	0.00	0.00	0.00	BANQUE	0.00	0.00	0.00	0.00	0.00	0.00	0.00			0.00	0.00	250000.00	0.00	0.00	0.00	25000.00			0.00	t	2026-04-14 01:52:44.644809+01	2026-04-14 01:52:44.644814+01	AS201604	3	f
4223	1	2025	150000.00	0.00	0.00	0.00	BANQUE	0.00	0.00	0.00	0.00	0.00	0.00	0.00			0.00	0.00	150000.00	0.00	0.00	0.00	25000.00			0.00	t	2026-04-14 01:52:44.649126+01	2026-04-14 01:52:44.649131+01	AS201605	3	f
4224	1	2025	260000.00	0.00	0.00	0.00	BANQUE	0.00	0.00	0.00	0.00	0.00	0.00	0.00			0.00	0.00	260000.00	0.00	0.00	0.00	35000.00			0.00	t	2026-04-14 01:52:44.652995+01	2026-04-14 01:52:44.653+01	AS201608	3	f
4225	1	2025	50000.00	0.00	0.00	0.00	BANQUE	0.00	0.00	0.00	0.00	0.00	0.00	0.00			0.00	0.00	50000.00	0.00	0.00	0.00	25000.00			0.00	t	2026-04-14 01:52:44.656017+01	2026-04-14 01:52:44.656023+01	AS201609	3	f
4226	1	2025	125000.00	0.00	0.00	0.00	BANQUE	0.00	0.00	0.00	0.00	0.00	0.00	0.00			0.00	0.00	125000.00	0.00	0.00	0.00	25000.00			0.00	t	2026-04-14 01:52:44.659864+01	2026-04-14 01:52:44.65987+01	AS201611	3	f
4227	1	2025	250000.00	25000.00	0.00	0.00	BANQUE	0.00	0.00	0.00	0.00	0.00	0.00	0.00			0.00	0.00	275000.00	0.00	0.00	0.00	75000.00			0.00	t	2026-04-14 01:52:44.663659+01	2026-04-14 01:52:44.663664+01	AS201613	3	f
4228	1	2025	150000.00	0.00	0.00	0.00	BANQUE	0.00	0.00	0.00	0.00	0.00	0.00	346500.00			0.00	0.00	496500.00	0.00	0.00	0.00	25000.00			0.00	t	2026-04-14 01:52:44.666646+01	2026-04-14 01:52:44.666652+01	AS201617	3	f
4229	1	2025	235000.00	0.00	0.00	0.00	BANQUE	0.00	0.00	0.00	0.00	0.00	0.00	0.00			0.00	0.00	235000.00	0.00	0.00	0.00	35000.00			0.00	t	2026-04-14 01:52:44.670377+01	2026-04-14 01:52:44.670382+01	AS201619	3	f
4230	1	2025	0.00	0.00	0.00	0.00	ECHEC	0.00	0.00	0.00	0.00	0.00	0.00	0.00			0.00	0.00	0.00	0.00	0.00	0.00	0.00			0.00	t	2026-04-14 01:52:44.674166+01	2026-04-14 01:52:44.674171+01	AS201620	3	f
4231	1	2025	125000.00	0.00	0.00	0.00	BANQUE	0.00	0.00	0.00	0.00	0.00	0.00	0.00			0.00	0.00	125000.00	0.00	0.00	0.00	25000.00			0.00	t	2026-04-14 01:52:44.677934+01	2026-04-14 01:52:44.67794+01	AS201621	3	f
4232	1	2025	260000.00	0.00	0.00	0.00	BANQUE	0.00	0.00	0.00	0.00	0.00	0.00	0.00			0.00	0.00	260000.00	0.00	0.00	0.00	35000.00			0.00	t	2026-04-14 01:52:44.681104+01	2026-04-14 01:52:44.681116+01	AS201622	3	f
4233	1	2025	240000.00	0.00	0.00	0.00	BANQUE	0.00	0.00	0.00	0.00	0.00	1000000.00	0.00			0.00	0.00	240000.00	0.00	0.00	0.00	40000.00			0.00	t	2026-04-14 01:52:44.690171+01	2026-04-14 01:52:44.690182+01	AS201624	3	f
4234	1	2025	225000.00	25000.00	0.00	0.00	BANQUE	0.00	0.00	0.00	0.00	0.00	0.00	0.00			0.00	0.00	250000.00	0.00	0.00	0.00	25000.00			0.00	t	2026-04-14 01:52:44.696675+01	2026-04-14 01:52:44.696681+01	AS201626	3	f
4235	1	2025	50000.00	0.00	0.00	0.00	BANQUE	0.00	0.00	0.00	0.00	0.00	0.00	0.00			0.00	0.00	50000.00	0.00	0.00	0.00	25000.00			0.00	t	2026-04-14 01:52:44.703139+01	2026-04-14 01:52:44.703145+01	AS201628	3	f
4236	1	2025	125000.00	0.00	0.00	0.00	BANQUE	0.00	0.00	0.00	0.00	0.00	0.00	0.00			0.00	0.00	125000.00	0.00	0.00	0.00	25000.00			0.00	t	2026-04-14 01:52:44.70658+01	2026-04-14 01:52:44.706585+01	AS201633	3	f
4237	1	2025	150000.00	0.00	0.00	0.00	BANQUE	0.00	0.00	0.00	0.00	0.00	0.00	0.00			0.00	0.00	150000.00	0.00	0.00	0.00	25000.00			0.00	t	2026-04-14 01:52:44.708859+01	2026-04-14 01:52:44.708864+01	AS201638	3	f
4238	1	2025	50000.00	0.00	0.00	0.00	BANQUE	0.00	0.00	0.00	0.00	0.00	0.00	0.00			0.00	0.00	50000.00	0.00	0.00	0.00	25000.00			0.00	t	2026-04-14 01:52:44.711103+01	2026-04-14 01:52:44.711109+01	AS201639	3	f
4239	1	2025	125000.00	0.00	0.00	0.00	BANQUE	0.00	0.00	0.00	0.00	0.00	0.00	0.00			0.00	0.00	125000.00	0.00	0.00	0.00	25000.00			0.00	t	2026-04-14 01:52:44.714176+01	2026-04-14 01:52:44.714182+01	AS201641	3	f
4240	1	2025	50000.00	0.00	0.00	0.00	BANQUE	0.00	0.00	0.00	0.00	0.00	0.00	0.00			0.00	0.00	50000.00	0.00	0.00	0.00	0.00			0.00	t	2026-04-14 01:52:44.71721+01	2026-04-14 01:52:44.717216+01	AS201643	3	f
4241	1	2025	0.00	50000.00	0.00	0.00	ESPECES	0.00	0.00	0.00	0.00	0.00	0.00	0.00			0.00	0.00	50000.00	0.00	0.00	0.00	25000.00			0.00	t	2026-04-14 01:52:44.720219+01	2026-04-14 01:52:44.720224+01	AS201646	3	f
4242	1	2025	225000.00	0.00	0.00	0.00	BANQUE	0.00	0.00	0.00	0.00	0.00	0.00	0.00			0.00	0.00	225000.00	0.00	0.00	0.00	25000.00			0.00	t	2026-04-14 01:52:44.723262+01	2026-04-14 01:52:44.723267+01	AS201647	3	f
4243	1	2025	325000.00	0.00	0.00	0.00	BANQUE	0.00	0.00	0.00	0.00	0.00	0.00	0.00			0.00	0.00	325000.00	0.00	0.00	0.00	25000.00			0.00	t	2026-04-14 01:52:44.726279+01	2026-04-14 01:52:44.726285+01	AS201649	3	f
4244	1	2025	50000.00	0.00	0.00	0.00	BANQUE	0.00	0.00	0.00	0.00	0.00	0.00	0.00			0.00	0.00	50000.00	0.00	0.00	0.00	25000.00			0.00	t	2026-04-14 01:52:44.729246+01	2026-04-14 01:52:44.729252+01	AS201651	3	f
4245	1	2025	250000.00	0.00	0.00	0.00	BANQUE	0.00	0.00	0.00	0.00	0.00	0.00	0.00			0.00	0.00	250000.00	0.00	0.00	0.00	25000.00			0.00	t	2026-04-14 01:52:44.732334+01	2026-04-14 01:52:44.73234+01	AS201653	3	f
4246	1	2025	0.00	50000.00	0.00	0.00	ESPECES	0.00	0.00	0.00	0.00	0.00	0.00	0.00			0.00	0.00	50000.00	0.00	0.00	0.00	25000.00			0.00	t	2026-04-14 01:52:44.736112+01	2026-04-14 01:52:44.736118+01	AS201654	3	f
4247	1	2025	50000.00	0.00	0.00	0.00	BANQUE	0.00	0.00	0.00	0.00	0.00	0.00	0.00			0.00	0.00	50000.00	0.00	0.00	0.00	25000.00			0.00	t	2026-04-14 01:52:44.739165+01	2026-04-14 01:52:44.739171+01	AS201656	3	f
4248	1	2025	50000.00	0.00	0.00	0.00	BANQUE	0.00	0.00	0.00	0.00	0.00	0.00	0.00			0.00	0.00	50000.00	0.00	0.00	0.00	25000.00			0.00	t	2026-04-14 01:52:44.742158+01	2026-04-14 01:52:44.742163+01	AS201657	3	f
4249	1	2025	100000.00	25000.00	0.00	0.00	BANQUE	0.00	0.00	0.00	0.00	0.00	0.00	0.00			0.00	0.00	125000.00	0.00	0.00	0.00	25000.00			0.00	t	2026-04-14 01:52:44.745269+01	2026-04-14 01:52:44.745275+01	AS201658	3	f
4250	1	2025	50000.00	0.00	0.00	0.00	BANQUE	0.00	0.00	0.00	0.00	0.00	0.00	0.00			0.00	0.00	50000.00	0.00	0.00	0.00	0.00			0.00	t	2026-04-14 01:52:44.747448+01	2026-04-14 01:52:44.747453+01	AS201629	3	f
4251	1	2025	250000.00	0.00	0.00	0.00	BANQUE	0.00	0.00	0.00	0.00	0.00	0.00	0.00			0.00	0.00	250000.00	0.00	0.00	0.00	25000.00			0.00	t	2026-04-14 01:52:44.749626+01	2026-04-14 01:52:44.749631+01	AS201659	3	f
4252	1	2025	150000.00	0.00	0.00	0.00	BANQUE	0.00	0.00	0.00	0.00	0.00	0.00	0.00			0.00	0.00	150000.00	0.00	0.00	0.00	25000.00			0.00	t	2026-04-14 01:52:44.75262+01	2026-04-14 01:52:44.752625+01	AS201660	3	f
4253	1	2025	650000.00	0.00	0.00	0.00	BANQUE	0.00	0.00	0.00	0.00	0.00	0.00	0.00			0.00	0.00	650000.00	0.00	0.00	0.00	625000.00			0.00	t	2026-04-14 01:52:44.754882+01	2026-04-14 01:52:44.754888+01	AS201661	3	f
4254	1	2025	0.00	50000.00	0.00	0.00	ESPECES	0.00	0.00	0.00	0.00	0.00	0.00	0.00			0.00	0.00	50000.00	0.00	0.00	0.00	0.00			0.00	t	2026-04-14 01:52:44.757859+01	2026-04-14 01:52:44.757864+01	AS201662	3	f
4255	1	2025	0.00	0.00	0.00	0.00	ECHEC	0.00	0.00	0.00	0.00	0.00	0.00	0.00			0.00	0.00	0.00	0.00	0.00	0.00	0.00			0.00	t	2026-04-14 01:52:44.760039+01	2026-04-14 01:52:44.760044+01	AS201663	3	f
4256	2	2025	250000.00	0.00	0.00	0.00	BANQUE	0.00	0.00	0.00	0.00	0.00	0.00	0.00			0.00	0.00	250000.00	0.00	0.00	0.00	0.00			0.00	t	2026-04-14 01:52:44.8193+01	2026-04-14 01:52:44.819309+01	AS201648	3	f
4257	2	2025	0.00	50000.00	0.00	0.00	ESPECES	0.00	0.00	0.00	0.00	0.00	0.00	0.00			0.00	0.00	50000.00	0.00	0.00	0.00	25000.00			0.00	t	2026-04-14 01:52:44.825489+01	2026-04-14 01:52:44.825501+01	AS201601	3	f
4258	2	2025	125000.00	0.00	0.00	0.00	BANQUE	0.00	0.00	0.00	0.00	0.00	0.00	0.00			0.00	0.00	125000.00	0.00	0.00	0.00	25000.00			0.00	t	2026-04-14 01:52:44.832368+01	2026-04-14 01:52:44.832379+01	AS201602	3	f
4259	2	2025	250000.00	0.00	0.00	0.00	BANQUE	0.00	0.00	0.00	0.00	0.00	0.00	0.00			0.00	0.00	250000.00	0.00	0.00	0.00	25000.00			0.00	t	2026-04-14 01:52:44.839007+01	2026-04-14 01:52:44.839016+01	AS201604	3	f
4260	2	2025	150375.00	0.00	0.00	0.00	BANQUE	0.00	0.00	0.00	0.00	0.00	0.00	0.00			0.00	0.00	150375.00	0.00	0.00	0.00	25375.00			0.00	t	2026-04-14 01:52:44.846482+01	2026-04-14 01:52:44.846487+01	AS201605	3	f
4261	2	2025	910000.00	0.00	0.00	0.00	BANQUE	0.00	0.00	0.00	0.00	0.00	0.00	0.00			0.00	0.00	910000.00	0.00	0.00	0.00	685000.00			0.00	t	2026-04-14 01:52:44.85193+01	2026-04-14 01:52:44.851936+01	AS201608	3	f
4262	2	2025	50000.00	0.00	0.00	0.00	BANQUE	0.00	0.00	0.00	0.00	0.00	0.00	0.00			0.00	0.00	50000.00	0.00	0.00	0.00	25000.00			0.00	t	2026-04-14 01:52:44.855956+01	2026-04-14 01:52:44.855962+01	AS201609	3	f
4263	2	2025	125000.00	0.00	0.00	0.00	BANQUE	0.00	0.00	0.00	0.00	0.00	0.00	0.00			0.00	0.00	125000.00	0.00	0.00	0.00	25000.00			0.00	t	2026-04-14 01:52:44.860673+01	2026-04-14 01:52:44.860678+01	AS201611	3	f
4264	2	2025	260000.00	0.00	0.00	0.00	BANQUE	0.00	0.00	0.00	0.00	0.00	0.00	0.00			0.00	0.00	260000.00	0.00	0.00	0.00	60000.00			0.00	t	2026-04-14 01:52:44.865226+01	2026-04-14 01:52:44.865232+01	AS201613	3	f
4265	2	2025	150000.00	0.00	0.00	0.00	BANQUE	0.00	0.00	0.00	0.00	0.00	500000.00	0.00			0.00	0.00	150000.00	0.00	0.00	0.00	25000.00			0.00	t	2026-04-14 01:52:44.868881+01	2026-04-14 01:52:44.868887+01	AS201617	3	f
4266	2	2025	310000.00	0.00	0.00	0.00	BANQUE	0.00	0.00	0.00	0.00	0.00	0.00	0.00			0.00	0.00	235000.00	0.00	0.00	0.00	35000.00			0.00	t	2026-04-14 01:52:44.87586+01	2026-04-14 01:52:44.875868+01	AS201619	3	f
4267	2	2025	0.00	0.00	0.00	0.00	ECHEC	0.00	0.00	0.00	0.00	0.00	0.00	0.00			0.00	0.00	0.00	0.00	0.00	0.00	0.00			0.00	t	2026-04-14 01:52:44.885561+01	2026-04-14 01:52:44.885571+01	AS201620	3	f
4268	2	2025	125000.00	0.00	0.00	0.00	BANQUE	0.00	0.00	0.00	0.00	0.00	0.00	0.00			600000.00	0.00	1017500.00	0.00	0.00	0.00	917500.00			0.00	t	2026-04-14 01:52:44.892837+01	2026-04-14 01:52:44.892843+01	AS201621	3	f
4269	2	2025	260000.00	0.00	0.00	0.00	BANQUE	0.00	0.00	0.00	0.00	0.00	0.00	0.00			0.00	0.00	260000.00	0.00	0.00	0.00	35000.00			0.00	t	2026-04-14 01:52:44.89772+01	2026-04-14 01:52:44.897725+01	AS201622	3	f
4270	2	2025	240000.00	0.00	0.00	0.00	BANQUE	0.00	0.00	0.00	0.00	0.00	0.00	0.00			0.00	0.00	240000.00	0.00	0.00	0.00	40000.00			0.00	t	2026-04-14 01:52:44.90227+01	2026-04-14 01:52:44.902276+01	AS201624	3	f
4271	2	2025	225000.00	25000.00	0.00	0.00	BANQUE	0.00	0.00	0.00	0.00	0.00	0.00	0.00			0.00	0.00	250000.00	0.00	0.00	0.00	25000.00			0.00	t	2026-04-14 01:52:44.907204+01	2026-04-14 01:52:44.907214+01	AS201626	3	f
4272	2	2025	100000.00	0.00	0.00	0.00	BANQUE	0.00	0.00	0.00	0.00	0.00	0.00	0.00			0.00	0.00	100000.00	0.00	0.00	0.00	33000.00			0.00	t	2026-04-14 01:52:44.916683+01	2026-04-14 01:52:44.916703+01	AS201628	3	f
4273	2	2025	125000.00	0.00	0.00	0.00	BANQUE	0.00	0.00	0.00	0.00	0.00	0.00	0.00			0.00	0.00	125000.00	0.00	0.00	0.00	25000.00			0.00	t	2026-04-14 01:52:44.924136+01	2026-04-14 01:52:44.924146+01	AS201633	3	f
4274	2	2025	150000.00	0.00	0.00	0.00	BANQUE	0.00	0.00	0.00	0.00	0.00	0.00	0.00			0.00	0.00	150000.00	0.00	0.00	0.00	25000.00			0.00	t	2026-04-14 01:52:44.929223+01	2026-04-14 01:52:44.929229+01	AS201638	3	f
4275	2	2025	50000.00	0.00	0.00	0.00	BANQUE	0.00	0.00	0.00	0.00	0.00	0.00	0.00			0.00	0.00	50000.00	0.00	0.00	0.00	25000.00			0.00	t	2026-04-14 01:52:44.934093+01	2026-04-14 01:52:44.934098+01	AS201639	3	f
4276	2	2025	125000.00	0.00	0.00	0.00	BANQUE	0.00	0.00	0.00	0.00	0.00	0.00	0.00			0.00	0.00	125000.00	0.00	0.00	0.00	25000.00			0.00	t	2026-04-14 01:52:44.940347+01	2026-04-14 01:52:44.940357+01	AS201641	3	f
4277	2	2025	50000.00	0.00	0.00	0.00	BANQUE	0.00	0.00	0.00	0.00	0.00	0.00	0.00			0.00	0.00	50000.00	0.00	0.00	0.00	0.00			0.00	t	2026-04-14 01:52:44.946409+01	2026-04-14 01:52:44.946415+01	AS201643	3	f
4278	2	2025	0.00	50000.00	0.00	0.00	ESPECES	0.00	0.00	0.00	0.00	0.00	0.00	0.00			0.00	0.00	50000.00	3000.00	0.00	0.00	22000.00			0.00	t	2026-04-14 01:52:44.950888+01	2026-04-14 01:52:44.950894+01	AS201646	3	t
4279	2	2025	225000.00	0.00	0.00	0.00	BANQUE	0.00	0.00	0.00	0.00	0.00	0.00	0.00			100000.00	0.00	225000.00	0.00	0.00	0.00	25000.00			0.00	t	2026-04-14 01:52:44.954615+01	2026-04-14 01:52:44.954621+01	AS201647	3	f
4280	2	2025	325000.00	0.00	0.00	0.00	BANQUE	0.00	0.00	0.00	0.00	0.00	0.00	0.00			0.00	0.00	325000.00	0.00	0.00	0.00	25000.00			0.00	t	2026-04-14 01:52:44.962492+01	2026-04-14 01:52:44.962502+01	AS201649	3	f
4281	2	2025	50000.00	0.00	0.00	0.00	BANQUE	0.00	0.00	0.00	0.00	0.00	0.00	0.00			0.00	0.00	50000.00	0.00	0.00	0.00	25000.00			0.00	t	2026-04-14 01:52:44.969579+01	2026-04-14 01:52:44.969588+01	AS201651	3	f
4282	2	2025	250000.00	0.00	0.00	0.00	BANQUE	0.00	0.00	0.00	0.00	0.00	0.00	0.00			0.00	0.00	250000.00	0.00	0.00	0.00	25000.00			0.00	t	2026-04-14 01:52:44.97653+01	2026-04-14 01:52:44.976539+01	AS201653	3	f
4283	2	2025	50000.00	0.00	0.00	0.00	BANQUE	0.00	0.00	0.00	0.00	0.00	0.00	0.00			0.00	0.00	50000.00	0.00	0.00	0.00	25000.00			0.00	t	2026-04-14 01:52:44.985215+01	2026-04-14 01:52:44.985227+01	AS201654	3	f
4284	2	2025	50000.00	0.00	0.00	0.00	BANQUE	0.00	0.00	0.00	0.00	0.00	0.00	0.00			0.00	0.00	50000.00	0.00	0.00	0.00	25000.00			0.00	t	2026-04-14 01:52:44.991508+01	2026-04-14 01:52:44.991519+01	AS201656	3	f
4285	2	2025	50000.00	0.00	0.00	0.00	BANQUE	0.00	0.00	0.00	0.00	0.00	0.00	0.00			0.00	0.00	50000.00	0.00	0.00	0.00	25000.00			0.00	t	2026-04-14 01:52:44.998513+01	2026-04-14 01:52:44.998522+01	AS201657	3	f
4286	2	2025	125000.00	0.00	0.00	0.00	BANQUE	0.00	0.00	0.00	0.00	0.00	0.00	0.00			0.00	0.00	125000.00	0.00	0.00	0.00	25000.00			0.00	t	2026-04-14 01:52:45.005906+01	2026-04-14 01:52:45.005917+01	AS201658	3	f
4287	2	2025	50000.00	0.00	0.00	0.00	BANQUE	0.00	0.00	0.00	0.00	0.00	0.00	0.00			0.00	0.00	50000.00	0.00	0.00	0.00	0.00			0.00	t	2026-04-14 01:52:45.011128+01	2026-04-14 01:52:45.011138+01	AS201629	3	f
4288	2	2025	250000.00	0.00	0.00	0.00	BANQUE	0.00	0.00	0.00	0.00	0.00	0.00	0.00			0.00	0.00	250000.00	0.00	0.00	0.00	25000.00			0.00	t	2026-04-14 01:52:45.016344+01	2026-04-14 01:52:45.016353+01	AS201659	3	f
4289	2	2025	150000.00	0.00	0.00	0.00	BANQUE	0.00	0.00	0.00	0.00	0.00	0.00	0.00			0.00	0.00	150000.00	0.00	0.00	0.00	25000.00			0.00	t	2026-04-14 01:52:45.023613+01	2026-04-14 01:52:45.023625+01	AS201660	3	f
4290	2	2025	50000.00	0.00	0.00	0.00	BANQUE	0.00	0.00	0.00	0.00	0.00	0.00	0.00			0.00	0.00	50000.00	0.00	0.00	0.00	25000.00			0.00	t	2026-04-14 01:52:45.028942+01	2026-04-14 01:52:45.028952+01	AS201661	3	f
4291	2	2025	0.00	50000.00	0.00	0.00	ESPECES	0.00	0.00	0.00	0.00	0.00	0.00	0.00			0.00	0.00	50000.00	0.00	0.00	0.00	0.00			0.00	t	2026-04-14 01:52:45.035561+01	2026-04-14 01:52:45.035566+01	AS201662	3	f
4292	2	2025	0.00	125000.00	0.00	0.00	ESPECES	25000.00	0.00	0.00	0.00	0.00	0.00	0.00			0.00	0.00	175000.00	0.00	0.00	0.00	50000.00			0.00	t	2026-04-14 01:52:45.040238+01	2026-04-14 01:52:45.040248+01	AS201663	3	f
4293	3	2025	250000.00	0.00	0.00	0.00	BANQUE	0.00	0.00	0.00	0.00	0.00	0.00	0.00			0.00	0.00	250000.00	0.00	0.00	0.00	0.00			0.00	t	2026-04-14 01:52:45.122832+01	2026-04-14 01:52:45.122846+01	AS201648	3	f
4294	3	2025	0.00	50000.00	0.00	0.00	ESPECES	0.00	0.00	0.00	0.00	0.00	0.00	0.00			0.00	0.00	50000.00	0.00	0.00	0.00	25000.00			0.00	t	2026-04-14 01:52:45.128849+01	2026-04-14 01:52:45.12886+01	AS201601	3	f
4295	3	2025	228000.00	0.00	0.00	0.00	BANQUE	0.00	0.00	0.00	0.00	0.00	500000.00	500000.00			0.00	0.00	728000.00	0.00	0.00	0.00	25000.00			0.00	t	2026-04-14 01:52:45.136628+01	2026-04-14 01:52:45.136634+01	AS201602	3	f
4296	3	2025	457500.00	0.00	0.00	0.00	BANQUE	0.00	0.00	0.00	0.00	0.00	0.00	0.00			0.00	0.00	457500.00	0.00	0.00	0.00	25000.00			0.00	t	2026-04-14 01:52:45.144078+01	2026-04-14 01:52:45.144088+01	AS201604	3	f
4297	3	2025	150000.00	0.00	0.00	0.00	BANQUE	0.00	0.00	0.00	0.00	0.00	1000000.00	1135000.00			0.00	0.00	1489500.00	0.00	0.00	0.00	25000.00			0.00	t	2026-04-14 01:52:45.152675+01	2026-04-14 01:52:45.152681+01	AS201605	3	f
4298	3	2025	260000.00	0.00	0.00	0.00	BANQUE	0.00	0.00	0.00	0.00	0.00	0.00	0.00			0.00	0.00	260000.00	0.00	0.00	0.00	35000.00			0.00	t	2026-04-14 01:52:45.161385+01	2026-04-14 01:52:45.161392+01	AS201608	3	f
4299	3	2025	50000.00	0.00	0.00	0.00	BANQUE	0.00	0.00	0.00	0.00	0.00	0.00	0.00			0.00	0.00	50000.00	0.00	0.00	0.00	25000.00			0.00	t	2026-04-14 01:52:45.169186+01	2026-04-14 01:52:45.169194+01	AS201609	3	f
4300	3	2025	1275000.00	0.00	0.00	0.00	BANQUE	0.00	0.00	0.00	0.00	0.00	0.00	1050000.00			0.00	0.00	1175000.00	0.00	0.00	0.00	25000.00			0.00	t	2026-04-14 01:52:45.180227+01	2026-04-14 01:52:45.180239+01	AS201611	3	f
4301	3	2025	250000.00	0.00	0.00	0.00	BANQUE	0.00	0.00	0.00	0.00	0.00	0.00	0.00			0.00	0.00	250000.00	0.00	0.00	0.00	50000.00			0.00	t	2026-04-14 01:52:45.189218+01	2026-04-14 01:52:45.18923+01	AS201613	3	f
4302	3	2025	150000.00	0.00	0.00	0.00	BANQUE	0.00	0.00	0.00	0.00	0.00	0.00	0.00			0.00	0.00	150000.00	0.00	0.00	0.00	25000.00			0.00	t	2026-04-14 01:52:45.197981+01	2026-04-14 01:52:45.197989+01	AS201617	3	f
4303	3	2025	291000.00	0.00	0.00	0.00	BANQUE	0.00	0.00	0.00	0.00	0.00	0.00	0.00			0.00	0.00	291000.00	0.00	0.00	0.00	36500.00			0.00	t	2026-04-14 01:52:45.207425+01	2026-04-14 01:52:45.207438+01	AS201619	3	f
4304	3	2025	0.00	0.00	0.00	0.00	ECHEC	0.00	0.00	0.00	0.00	0.00	0.00	0.00			0.00	0.00	0.00	0.00	0.00	0.00	0.00			0.00	t	2026-04-14 01:52:45.215842+01	2026-04-14 01:52:45.215847+01	AS201620	3	f
4305	3	2025	125000.00	0.00	0.00	0.00	BANQUE	0.00	0.00	0.00	0.00	0.00	0.00	0.00			600000.00	0.00	125000.00	0.00	0.00	0.00	25000.00			0.00	t	2026-04-14 01:52:45.220432+01	2026-04-14 01:52:45.220438+01	AS201621	3	f
4306	3	2025	361000.00	0.00	0.00	0.00	BANQUE	0.00	0.00	0.00	0.00	0.00	0.00	0.00			0.00	0.00	361000.00	0.00	0.00	0.00	35000.00			0.00	t	2026-04-14 01:52:45.226023+01	2026-04-14 01:52:45.226034+01	AS201622	3	f
4307	3	2025	240000.00	0.00	0.00	0.00	BANQUE	0.00	0.00	0.00	0.00	0.00	0.00	0.00			0.00	0.00	240000.00	0.00	0.00	0.00	40000.00			0.00	t	2026-04-14 01:52:45.236212+01	2026-04-14 01:52:45.23622+01	AS201624	3	f
4308	3	2025	450000.00	0.00	0.00	0.00	BANQUE	0.00	0.00	0.00	0.00	0.00	0.00	0.00			0.00	0.00	450000.00	0.00	0.00	0.00	18500.00			0.00	t	2026-04-14 01:52:45.245219+01	2026-04-14 01:52:45.245234+01	AS201626	3	f
4309	3	2025	122000.00	0.00	0.00	0.00	BANQUE	0.00	0.00	0.00	0.00	0.00	1000000.00	1000000.00			0.00	0.00	1092000.00	0.00	0.00	0.00	25000.00			0.00	t	2026-04-14 01:52:45.255943+01	2026-04-14 01:52:45.25595+01	AS201628	3	f
4310	3	2025	125000.00	0.00	0.00	0.00	BANQUE	0.00	0.00	0.00	0.00	0.00	0.00	0.00			0.00	0.00	125000.00	0.00	0.00	0.00	25000.00			0.00	t	2026-04-14 01:52:45.266248+01	2026-04-14 01:52:45.266262+01	AS201633	3	f
4311	3	2025	150000.00	0.00	0.00	0.00	BANQUE	0.00	0.00	0.00	0.00	0.00	0.00	0.00			0.00	0.00	150000.00	0.00	0.00	0.00	25000.00			0.00	t	2026-04-14 01:52:45.275074+01	2026-04-14 01:52:45.275089+01	AS201638	3	f
4312	3	2025	50000.00	0.00	0.00	0.00	BANQUE	0.00	0.00	0.00	0.00	0.00	0.00	0.00			0.00	0.00	50000.00	0.00	0.00	0.00	25000.00			0.00	t	2026-04-14 01:52:45.282248+01	2026-04-14 01:52:45.28226+01	AS201639	3	f
4313	3	2025	125000.00	0.00	0.00	0.00	BANQUE	0.00	0.00	0.00	0.00	0.00	0.00	0.00			0.00	0.00	125000.00	0.00	0.00	0.00	25000.00			0.00	t	2026-04-14 01:52:45.291999+01	2026-04-14 01:52:45.292005+01	AS201641	3	f
4314	3	2025	50000.00	0.00	0.00	0.00	BANQUE	0.00	0.00	0.00	0.00	0.00	0.00	0.00			0.00	0.00	50000.00	0.00	0.00	0.00	25000.00			0.00	t	2026-04-14 01:52:45.299572+01	2026-04-14 01:52:45.299581+01	AS201643	3	f
4315	3	2025	50000.00	0.00	0.00	0.00	BANQUE	0.00	0.00	0.00	0.00	0.00	0.00	0.00			0.00	0.00	50000.00	0.00	0.00	0.00	25000.00			0.00	t	2026-04-14 01:52:45.307266+01	2026-04-14 01:52:45.307276+01	AS201646	3	f
4316	3	2025	725000.00	0.00	0.00	0.00	BANQUE	0.00	0.00	0.00	0.00	0.00	0.00	500000.00			0.00	0.00	725000.00	0.00	0.00	0.00	25000.00			0.00	t	2026-04-14 01:52:45.314067+01	2026-04-14 01:52:45.314072+01	AS201647	3	f
4317	3	2025	376000.00	0.00	0.00	0.00	BANQUE	0.00	0.00	0.00	0.00	0.00	1000000.00	1000000.00			0.00	0.00	1376000.00	0.00	0.00	0.00	25000.00			0.00	t	2026-04-14 01:52:45.320115+01	2026-04-14 01:52:45.320121+01	AS201649	3	f
4318	3	2025	50000.00	0.00	0.00	0.00	BANQUE	0.00	0.00	0.00	0.00	0.00	0.00	0.00			0.00	0.00	50000.00	0.00	0.00	0.00	25000.00			0.00	t	2026-04-14 01:52:45.329023+01	2026-04-14 01:52:45.329042+01	AS201651	3	f
4319	3	2025	0.00	253000.00	0.00	0.00	ESPECES	0.00	0.00	0.00	0.00	0.00	1000000.00	1000000.00			0.00	0.00	1253000.00	3000.00	0.00	0.00	25000.00			0.00	t	2026-04-14 01:52:45.338932+01	2026-04-14 01:52:45.338943+01	AS201653	3	t
4320	3	2025	100500.00	0.00	0.00	0.00	BANQUE	0.00	0.00	0.00	0.00	0.00	0.00	0.00			0.00	0.00	100500.00	0.00	0.00	0.00	34500.00			0.00	t	2026-04-14 01:52:45.349441+01	2026-04-14 01:52:45.349453+01	AS201654	3	f
4321	3	2025	50000.00	0.00	0.00	0.00	BANQUE	0.00	0.00	0.00	0.00	0.00	150000.00	0.00			0.00	0.00	50000.00	0.00	0.00	0.00	25000.00			0.00	t	2026-04-14 01:52:45.358438+01	2026-04-14 01:52:45.358449+01	AS201656	3	f
4322	3	2025	91000.00	0.00	0.00	0.00	BANQUE	0.00	0.00	0.00	0.00	0.00	0.00	0.00			0.00	0.00	91000.00	0.00	0.00	0.00	25000.00			0.00	t	2026-04-14 01:52:45.365522+01	2026-04-14 01:52:45.365532+01	AS201657	3	f
4323	3	2025	130000.00	0.00	0.00	0.00	BANQUE	0.00	0.00	0.00	0.00	0.00	0.00	0.00			0.00	0.00	130000.00	0.00	0.00	0.00	30000.00			0.00	t	2026-04-14 01:52:45.373117+01	2026-04-14 01:52:45.373127+01	AS201658	3	f
4324	3	2025	50000.00	0.00	0.00	0.00	BANQUE	0.00	0.00	0.00	0.00	0.00	0.00	0.00			0.00	0.00	50000.00	0.00	0.00	0.00	25000.00			0.00	t	2026-04-14 01:52:45.378856+01	2026-04-14 01:52:45.378866+01	AS201629	3	f
4325	3	2025	0.00	253000.00	0.00	0.00	ESPECES	0.00	0.00	0.00	0.00	0.00	0.00	0.00			0.00	0.00	253000.00	3000.00	0.00	0.00	25000.00			0.00	t	2026-04-14 01:52:45.384234+01	2026-04-14 01:52:45.38424+01	AS201659	3	t
4326	3	2025	150000.00	0.00	0.00	0.00	BANQUE	0.00	0.00	0.00	0.00	0.00	0.00	0.00			0.00	0.00	150000.00	0.00	0.00	0.00	25000.00			0.00	t	2026-04-14 01:52:45.389858+01	2026-04-14 01:52:45.389865+01	AS201660	3	f
4327	3	2025	50000.00	0.00	0.00	0.00	BANQUE	0.00	0.00	0.00	0.00	0.00	0.00	0.00			0.00	0.00	50000.00	0.00	0.00	0.00	25000.00			0.00	t	2026-04-14 01:52:45.392771+01	2026-04-14 01:52:45.392777+01	AS201661	3	f
4328	3	2025	0.00	50000.00	0.00	0.00	ESPECES	0.00	0.00	0.00	0.00	0.00	0.00	0.00			0.00	0.00	50000.00	3000.00	0.00	0.00	22000.00			0.00	t	2026-04-14 01:52:45.39649+01	2026-04-14 01:52:45.396496+01	AS201662	3	t
4329	3	2025	376000.00	0.00	0.00	0.00	BANQUE	0.00	0.00	0.00	0.00	0.00	0.00	0.00			0.00	0.00	150000.00	0.00	0.00	0.00	25000.00			0.00	t	2026-04-14 01:52:45.399344+01	2026-04-14 01:52:45.39935+01	AS201663	3	f
4330	4	2025	250000.00	0.00	0.00	0.00	BANQUE	0.00	0.00	0.00	0.00	0.00	0.00	0.00			0.00	0.00	250000.00	0.00	0.00	0.00	0.00			0.00	t	2026-04-14 01:52:45.452166+01	2026-04-14 01:52:45.452175+01	AS201648	3	f
4331	4	2025	0.00	0.00	0.00	0.00	ECHEC	0.00	0.00	0.00	0.00	0.00	0.00	0.00			0.00	0.00	0.00	0.00	0.00	0.00	0.00			0.00	t	2026-04-14 01:52:45.457042+01	2026-04-14 01:52:45.457052+01	AS201601	3	f
4332	4	2025	125000.00	0.00	0.00	0.00	BANQUE	0.00	0.00	0.00	0.00	0.00	0.00	0.00			0.00	0.00	125000.00	0.00	0.00	0.00	25000.00			0.00	t	2026-04-14 01:52:45.464869+01	2026-04-14 01:52:45.464879+01	AS201602	3	f
4333	4	2025	0.00	253500.00	0.00	0.00	ESPECES	0.00	0.00	0.00	0.00	5000.00	0.00	0.00			0.00	0.00	458500.00	0.00	0.00	0.00	25000.00			0.00	t	2026-04-14 01:52:45.472414+01	2026-04-14 01:52:45.472424+01	AS201604	3	f
4334	4	2025	50000.00	100000.00	0.00	0.00	BANQUE	0.00	0.00	0.00	0.00	0.00	0.00	0.00			0.00	0.00	150000.00	0.00	0.00	0.00	25000.00			0.00	t	2026-04-14 01:52:45.481347+01	2026-04-14 01:52:45.481359+01	AS201605	3	f
4335	4	2025	260000.00	0.00	0.00	0.00	BANQUE	0.00	0.00	0.00	0.00	0.00	0.00	0.00			0.00	0.00	260000.00	0.00	0.00	0.00	35000.00			0.00	t	2026-04-14 01:52:45.489805+01	2026-04-14 01:52:45.489817+01	AS201608	3	f
4336	4	2025	50000.00	0.00	0.00	0.00	BANQUE	0.00	0.00	0.00	0.00	0.00	0.00	0.00			0.00	0.00	50000.00	0.00	0.00	0.00	25000.00			0.00	t	2026-04-14 01:52:45.496528+01	2026-04-14 01:52:45.496538+01	AS201609	3	f
4337	4	2025	125000.00	0.00	0.00	0.00	BANQUE	0.00	0.00	0.00	0.00	0.00	0.00	0.00			0.00	0.00	120000.00	0.00	0.00	0.00	20000.00			0.00	t	2026-04-14 01:52:45.504721+01	2026-04-14 01:52:45.504731+01	AS201611	3	f
4338	4	2025	220000.00	0.00	0.00	0.00	BANQUE	0.00	0.00	0.00	0.00	0.00	0.00	0.00			0.00	0.00	313125.00	0.00	0.00	0.00	20000.00			0.00	t	2026-04-14 01:52:45.513508+01	2026-04-14 01:52:45.513532+01	AS201613	3	f
4339	4	2025	150000.00	0.00	0.00	0.00	BANQUE	0.00	0.00	0.00	0.00	0.00	0.00	0.00			0.00	0.00	150000.00	0.00	0.00	0.00	25000.00			0.00	t	2026-04-14 01:52:45.521276+01	2026-04-14 01:52:45.521288+01	AS201617	3	f
4340	4	2025	150000.00	0.00	0.00	0.00	BANQUE	0.00	0.00	0.00	0.00	0.00	0.00	0.00			0.00	0.00	440500.00	0.00	0.00	0.00	33000.00			0.00	t	2026-04-14 01:52:45.531005+01	2026-04-14 01:52:45.531011+01	AS201619	3	f
4341	4	2025	0.00	0.00	0.00	0.00	ECHEC	0.00	0.00	0.00	0.00	0.00	0.00	0.00			0.00	0.00	0.00	0.00	0.00	0.00	0.00			0.00	t	2026-04-14 01:52:45.539528+01	2026-04-14 01:52:45.539539+01	AS201620	3	f
4342	4	2025	125000.00	0.00	0.00	0.00	BANQUE	0.00	0.00	0.00	0.00	0.00	0.00	0.00			0.00	0.00	125000.00	0.00	0.00	0.00	25000.00			0.00	t	2026-04-14 01:52:45.549096+01	2026-04-14 01:52:45.549104+01	AS201621	3	f
4343	4	2025	260000.00	0.00	0.00	0.00	BANQUE	0.00	0.00	0.00	0.00	0.00	0.00	0.00			0.00	0.00	361000.00	0.00	0.00	0.00	35000.00			0.00	t	2026-04-14 01:52:45.554966+01	2026-04-14 01:52:45.554972+01	AS201622	3	f
4344	4	2025	240000.00	0.00	0.00	0.00	BANQUE	0.00	0.00	0.00	0.00	0.00	0.00	0.00			0.00	0.00	240000.00	0.00	0.00	0.00	40000.00			0.00	t	2026-04-14 01:52:45.561849+01	2026-04-14 01:52:45.561857+01	AS201624	3	f
4345	4	2025	300000.00	35000.00	0.00	0.00	BANQUE	0.00	0.00	0.00	0.00	0.00	0.00	0.00			0.00	0.00	453000.00	0.00	0.00	0.00	25500.00			0.00	t	2026-04-14 01:52:45.565606+01	2026-04-14 01:52:45.565612+01	AS201626	3	f
4346	4	2025	50000.00	0.00	0.00	0.00	BANQUE	0.00	0.00	0.00	0.00	0.00	0.00	0.00			0.00	0.00	50000.00	0.00	0.00	0.00	25000.00			0.00	t	2026-04-14 01:52:45.570078+01	2026-04-14 01:52:45.570083+01	AS201628	3	f
4347	4	2025	125000.00	0.00	0.00	0.00	BANQUE	0.00	0.00	0.00	0.00	0.00	0.00	0.00			0.00	0.00	125000.00	0.00	0.00	0.00	25000.00			0.00	t	2026-04-14 01:52:45.57371+01	2026-04-14 01:52:45.573716+01	AS201633	3	f
4348	4	2025	100000.00	0.00	0.00	0.00	BANQUE	0.00	0.00	0.00	0.00	0.00	0.00	0.00			0.00	0.00	150000.00	0.00	0.00	0.00	25000.00			0.00	t	2026-04-14 01:52:45.576618+01	2026-04-14 01:52:45.576623+01	AS201638	3	f
4349	4	2025	50000.00	0.00	0.00	0.00	BANQUE	0.00	0.00	0.00	0.00	0.00	0.00	0.00			0.00	0.00	50000.00	0.00	0.00	0.00	25000.00			0.00	t	2026-04-14 01:52:45.579449+01	2026-04-14 01:52:45.579454+01	AS201639	3	f
4350	4	2025	125000.00	0.00	0.00	0.00	BANQUE	0.00	0.00	0.00	0.00	0.00	0.00	0.00			0.00	0.00	227000.00	0.00	0.00	0.00	25000.00			0.00	t	2026-04-14 01:52:45.583082+01	2026-04-14 01:52:45.583088+01	AS201641	3	f
4351	4	2025	50000.00	0.00	0.00	0.00	BANQUE	0.00	0.00	0.00	0.00	0.00	0.00	0.00			0.00	0.00	47000.00	0.00	0.00	0.00	22000.00			0.00	t	2026-04-14 01:52:45.586649+01	2026-04-14 01:52:45.586655+01	AS201643	3	f
4352	4	2025	0.00	50000.00	0.00	0.00	ESPECES	0.00	0.00	0.00	0.00	0.00	0.00	0.00			0.00	0.00	53000.00	3000.00	0.00	0.00	25000.00			0.00	t	2026-04-14 01:52:45.593335+01	2026-04-14 01:52:45.593348+01	AS201646	3	t
4353	4	2025	225000.00	0.00	0.00	0.00	BANQUE	0.00	0.00	0.00	0.00	0.00	0.00	0.00			0.00	0.00	225000.00	0.00	0.00	0.00	25000.00			0.00	t	2026-04-14 01:52:45.60128+01	2026-04-14 01:52:45.60129+01	AS201647	3	f
4354	4	2025	325000.00	202000.00	0.00	0.00	BANQUE	0.00	0.00	0.00	0.00	0.00	0.00	0.00			0.00	0.00	629000.00	0.00	0.00	0.00	25000.00			0.00	t	2026-04-14 01:52:45.609218+01	2026-04-14 01:52:45.609229+01	AS201649	3	f
4355	4	2025	50000.00	0.00	0.00	0.00	BANQUE	0.00	0.00	0.00	0.00	0.00	0.00	0.00			0.00	0.00	50000.00	0.00	0.00	0.00	25000.00			0.00	t	2026-04-14 01:52:45.617724+01	2026-04-14 01:52:45.617737+01	AS201651	3	f
4356	4	2025	250000.00	50000.00	0.00	0.00	BANQUE	0.00	0.00	0.00	0.00	0.00	0.00	0.00			0.00	0.00	250000.00	0.00	0.00	0.00	25000.00			0.00	t	2026-04-14 01:52:45.626526+01	2026-04-14 01:52:45.626538+01	AS201653	3	f
4357	4	2025	50000.00	0.00	0.00	0.00	BANQUE	0.00	0.00	0.00	0.00	0.00	0.00	0.00			0.00	0.00	92000.00	0.00	0.00	0.00	25000.00			0.00	t	2026-04-14 01:52:45.636375+01	2026-04-14 01:52:45.636386+01	AS201654	3	f
4358	4	2025	50000.00	0.00	0.00	0.00	BANQUE	0.00	0.00	0.00	0.00	0.00	0.00	0.00			0.00	0.00	50000.00	0.00	0.00	0.00	25000.00			0.00	t	2026-04-14 01:52:45.64413+01	2026-04-14 01:52:45.644135+01	AS201656	3	f
4359	4	2025	50000.00	0.00	0.00	0.00	BANQUE	0.00	0.00	0.00	0.00	0.00	0.00	0.00			0.00	0.00	133000.00	0.00	0.00	0.00	25000.00			0.00	t	2026-04-14 01:52:45.650475+01	2026-04-14 01:52:45.650481+01	AS201657	3	f
4360	4	2025	125000.00	0.00	0.00	0.00	BANQUE	0.00	0.00	0.00	0.00	0.00	0.00	0.00			0.00	0.00	125000.00	0.00	0.00	0.00	25000.00			0.00	t	2026-04-14 01:52:45.657744+01	2026-04-14 01:52:45.657751+01	AS201658	3	f
4361	4	2025	0.00	50000.00	0.00	0.00	ESPECES	0.00	0.00	0.00	0.00	0.00	0.00	0.00			0.00	0.00	50000.00	3000.00	0.00	0.00	22000.00			0.00	t	2026-04-14 01:52:45.661971+01	2026-04-14 01:52:45.661977+01	AS201629	3	t
4362	4	2025	0.00	253000.00	0.00	0.00	ESPECES	0.00	0.00	0.00	0.00	0.00	0.00	0.00			0.00	0.00	253000.00	3000.00	0.00	0.00	25000.00			0.00	t	2026-04-14 01:52:45.664824+01	2026-04-14 01:52:45.664829+01	AS201659	3	t
4363	4	2025	150000.00	102000.00	0.00	0.00	BANQUE	0.00	0.00	0.00	0.00	0.00	0.00	0.00			0.00	0.00	150000.00	0.00	0.00	0.00	25000.00			0.00	t	2026-04-14 01:52:45.668412+01	2026-04-14 01:52:45.668418+01	AS201660	3	f
4364	4	2025	50000.00	0.00	0.00	0.00	BANQUE	0.00	0.00	0.00	0.00	0.00	300000.00	0.00			0.00	0.00	50000.00	0.00	0.00	0.00	25000.00			0.00	t	2026-04-14 01:52:45.671213+01	2026-04-14 01:52:45.671218+01	AS201661	3	f
4365	4	2025	0.00	50000.00	0.00	0.00	ESPECES	0.00	0.00	0.00	0.00	0.00	0.00	0.00			0.00	0.00	50000.00	3000.00	0.00	0.00	22000.00			0.00	t	2026-04-14 01:52:45.674746+01	2026-04-14 01:52:45.674751+01	AS201662	3	t
4366	4	2025	150000.00	0.00	0.00	0.00	BANQUE	0.00	0.00	0.00	0.00	0.00	0.00	0.00			0.00	0.00	176000.00	0.00	0.00	0.00	25000.00			0.00	t	2026-04-14 01:52:45.677501+01	2026-04-14 01:52:45.677506+01	AS201663	3	f
4367	5	2025	250000.00	0.00	0.00	0.00	BANQUE	0.00	0.00	0.00	0.00	0.00	0.00	0.00			0.00	0.00	250000.00	0.00	0.00	0.00	0.00			0.00	t	2026-04-14 01:52:45.731417+01	2026-04-14 01:52:45.731426+01	AS201648	3	f
4368	5	2025	100000.00	0.00	0.00	0.00	BANQUE	0.00	0.00	0.00	0.00	0.00	0.00	0.00			0.00	0.00	50000.00	5000.00	0.00	0.00	45000.00			0.00	t	2026-04-14 01:52:45.73503+01	2026-04-14 01:52:45.735035+01	AS201601	3	t
4369	5	2025	125000.00	0.00	0.00	0.00	BANQUE	0.00	0.00	0.00	0.00	0.00	0.00	0.00			0.00	0.00	125000.00	0.00	0.00	0.00	25000.00			0.00	t	2026-04-14 01:52:45.738642+01	2026-04-14 01:52:45.738647+01	AS201602	3	f
4370	5	2025	250000.00	252000.00	0.00	0.00	BANQUE	0.00	0.00	0.00	0.00	0.00	0.00	0.00			0.00	0.00	452000.00	0.00	0.00	0.00	25000.00			0.00	t	2026-04-14 01:52:45.742191+01	2026-04-14 01:52:45.742196+01	AS201604	3	f
4371	5	2025	150000.00	0.00	0.00	0.00	BANQUE	0.00	0.00	0.00	0.00	0.00	0.00	0.00			0.00	0.00	150000.00	0.00	0.00	0.00	25000.00			0.00	t	2026-04-14 01:52:45.746541+01	2026-04-14 01:52:45.746547+01	AS201605	3	f
4372	5	2025	260000.00	0.00	0.00	0.00	BANQUE	0.00	0.00	0.00	0.00	0.00	0.00	0.00			0.00	0.00	260000.00	0.00	0.00	0.00	35000.00			0.00	t	2026-04-14 01:52:45.750802+01	2026-04-14 01:52:45.750808+01	AS201608	3	f
4373	5	2025	50000.00	0.00	0.00	0.00	BANQUE	0.00	0.00	0.00	0.00	0.00	0.00	0.00			0.00	0.00	50000.00	0.00	0.00	0.00	25000.00			0.00	t	2026-04-14 01:52:45.754355+01	2026-04-14 01:52:45.75436+01	AS201609	3	f
4374	5	2025	125000.00	0.00	0.00	0.00	BANQUE	0.00	0.00	0.00	0.00	0.00	0.00	0.00			0.00	0.00	125000.00	0.00	0.00	0.00	25000.00			0.00	t	2026-04-14 01:52:45.758605+01	2026-04-14 01:52:45.75861+01	AS201611	3	f
4375	5	2025	250000.00	0.00	0.00	0.00	BANQUE	0.00	0.00	0.00	0.00	0.00	0.00	0.00			0.00	0.00	402000.00	0.00	0.00	0.00	50000.00			0.00	t	2026-04-14 01:52:45.762863+01	2026-04-14 01:52:45.762868+01	AS201613	3	f
4376	5	2025	150000.00	102000.00	0.00	0.00	BANQUE	0.00	0.00	0.00	0.00	0.00	0.00	0.00			0.00	0.00	150000.00	0.00	0.00	0.00	25000.00			0.00	t	2026-04-14 01:52:45.766512+01	2026-04-14 01:52:45.766518+01	AS201617	3	f
4377	5	2025	298500.00	27000.00	0.00	0.00	BANQUE	0.00	0.00	0.00	0.00	0.00	0.00	0.00			0.00	0.00	326000.00	0.00	0.00	0.00	25000.00			0.00	t	2026-04-14 01:52:45.770939+01	2026-04-14 01:52:45.770945+01	AS201619	3	f
4378	5	2025	0.00	0.00	0.00	0.00	ECHEC	0.00	0.00	0.00	0.00	0.00	0.00	0.00			0.00	0.00	0.00	0.00	0.00	0.00	0.00			0.00	t	2026-04-14 01:52:45.775262+01	2026-04-14 01:52:45.775267+01	AS201620	3	f
4379	5	2025	125000.00	0.00	0.00	0.00	BANQUE	0.00	0.00	0.00	0.00	0.00	0.00	0.00			0.00	0.00	125000.00	0.00	0.00	0.00	25000.00			0.00	t	2026-04-14 01:52:45.779641+01	2026-04-14 01:52:45.779646+01	AS201621	3	f
4380	5	2025	260000.00	0.00	0.00	0.00	BANQUE	0.00	0.00	0.00	0.00	0.00	0.00	0.00			0.00	0.00	455500.00	0.00	0.00	0.00	35000.00			0.00	t	2026-04-14 01:52:45.783244+01	2026-04-14 01:52:45.783249+01	AS201622	3	f
4381	5	2025	240000.00	283625.00	0.00	0.00	BANQUE	0.00	0.00	0.00	0.00	0.00	0.00	0.00			0.00	0.00	523625.00	0.00	0.00	0.00	40000.00			0.00	t	2026-04-14 01:52:45.787482+01	2026-04-14 01:52:45.787488+01	AS201624	3	f
4382	5	2025	250000.00	0.00	0.00	0.00	BANQUE	0.00	0.00	0.00	0.00	0.00	0.00	0.00			0.00	0.00	285000.00	0.00	0.00	0.00	25000.00			0.00	t	2026-04-14 01:52:45.791075+01	2026-04-14 01:52:45.791081+01	AS201626	3	f
4383	5	2025	345000.00	0.00	0.00	0.00	BANQUE	0.00	0.00	0.00	0.00	0.00	0.00	0.00			0.00	0.00	50000.00	0.00	0.00	0.00	25000.00			0.00	t	2026-04-14 01:52:45.796836+01	2026-04-14 01:52:45.796844+01	AS201628	3	f
4384	5	2025	125000.00	0.00	0.00	0.00	BANQUE	0.00	0.00	0.00	0.00	0.00	0.00	0.00			0.00	0.00	125000.00	0.00	0.00	0.00	25000.00			0.00	t	2026-04-14 01:52:45.800751+01	2026-04-14 01:52:45.800756+01	AS201633	3	f
4385	5	2025	150000.00	0.00	0.00	0.00	BANQUE	0.00	0.00	0.00	0.00	0.00	0.00	0.00			0.00	0.00	150000.00	0.00	0.00	0.00	25000.00			0.00	t	2026-04-14 01:52:45.803559+01	2026-04-14 01:52:45.803565+01	AS201638	3	f
4386	5	2025	0.00	203000.00	0.00	0.00	ESPECES	0.00	0.00	0.00	0.00	0.00	0.00	0.00			0.00	0.00	53000.00	3000.00	0.00	0.00	25000.00			0.00	t	2026-04-14 01:52:45.806478+01	2026-04-14 01:52:45.806483+01	AS201639	3	t
4387	5	2025	125000.00	0.00	0.00	0.00	BANQUE	0.00	0.00	0.00	0.00	0.00	0.00	0.00			0.00	0.00	176000.00	0.00	0.00	0.00	25000.00			0.00	t	2026-04-14 01:52:45.810145+01	2026-04-14 01:52:45.810151+01	AS201641	3	f
4388	5	2025	50000.00	0.00	0.00	0.00	BANQUE	0.00	0.00	0.00	0.00	0.00	0.00	0.00			0.00	0.00	50000.00	0.00	0.00	0.00	25000.00			0.00	t	2026-04-14 01:52:45.81363+01	2026-04-14 01:52:45.813636+01	AS201643	3	f
4389	5	2025	50000.00	0.00	0.00	0.00	BANQUE	0.00	0.00	0.00	0.00	0.00	0.00	0.00			0.00	0.00	50000.00	0.00	0.00	0.00	25000.00			0.00	t	2026-04-14 01:52:45.817207+01	2026-04-14 01:52:45.817212+01	AS201646	3	f
4390	5	2025	225000.00	0.00	0.00	0.00	BANQUE	0.00	0.00	0.00	0.00	0.00	0.00	0.00			0.00	0.00	225000.00	0.00	0.00	0.00	25000.00			0.00	t	2026-04-14 01:52:45.820807+01	2026-04-14 01:52:45.820812+01	AS201647	3	f
4391	5	2025	325000.00	202000.00	0.00	0.00	BANQUE	0.00	0.00	0.00	0.00	0.00	0.00	0.00			0.00	0.00	629000.00	0.00	0.00	0.00	25000.00			0.00	t	2026-04-14 01:52:45.824459+01	2026-04-14 01:52:45.824465+01	AS201649	3	f
4392	5	2025	50000.00	0.00	0.00	0.00	BANQUE	0.00	0.00	0.00	0.00	0.00	0.00	0.00			0.00	0.00	50000.00	0.00	0.00	0.00	25000.00			0.00	t	2026-04-14 01:52:45.828028+01	2026-04-14 01:52:45.828033+01	AS201651	3	f
4393	5	2025	250000.00	0.00	0.00	0.00	BANQUE	0.00	0.00	0.00	0.00	0.00	0.00	0.00			0.00	0.00	250000.00	0.00	0.00	0.00	25000.00			0.00	t	2026-04-14 01:52:45.831572+01	2026-04-14 01:52:45.831578+01	AS201653	3	f
4394	5	2025	81000.00	1500.00	0.00	0.00	BANQUE	0.00	0.00	0.00	0.00	0.00	0.00	0.00			0.00	0.00	82500.00	0.00	0.00	0.00	25000.00			0.00	t	2026-04-14 01:52:45.83681+01	2026-04-14 01:52:45.836816+01	AS201654	3	f
4395	5	2025	50000.00	0.00	0.00	0.00	BANQUE	0.00	0.00	0.00	0.00	0.00	0.00	0.00			0.00	0.00	50000.00	0.00	0.00	0.00	25000.00			0.00	t	2026-04-14 01:52:45.841963+01	2026-04-14 01:52:45.84197+01	AS201656	3	f
4396	5	2025	50000.00	30000.00	0.00	0.00	BANQUE	0.00	0.00	0.00	0.00	0.00	0.00	0.00			0.00	0.00	139000.00	0.00	0.00	0.00	25000.00			0.00	t	2026-04-14 01:52:45.848548+01	2026-04-14 01:52:45.848558+01	AS201657	3	f
4397	5	2025	125000.00	0.00	0.00	0.00	BANQUE	0.00	0.00	0.00	0.00	0.00	0.00	0.00			0.00	0.00	227000.00	0.00	0.00	0.00	25000.00			0.00	t	2026-04-14 01:52:45.85631+01	2026-04-14 01:52:45.856321+01	AS201658	3	f
4398	5	2025	0.00	53000.00	0.00	0.00	ESPECES	0.00	0.00	0.00	0.00	0.00	0.00	0.00			0.00	0.00	53000.00	3000.00	0.00	0.00	25000.00			0.00	t	2026-04-14 01:52:45.861834+01	2026-04-14 01:52:45.86184+01	AS201629	3	t
4399	5	2025	250000.00	0.00	0.00	0.00	BANQUE	0.00	0.00	0.00	0.00	0.00	0.00	0.00			0.00	0.00	250000.00	0.00	0.00	0.00	25000.00			0.00	t	2026-04-14 01:52:45.865471+01	2026-04-14 01:52:45.865477+01	AS201659	3	f
4400	5	2025	150000.00	0.00	0.00	0.00	BANQUE	0.00	0.00	0.00	0.00	0.00	0.00	0.00			0.00	0.00	251000.00	0.00	0.00	0.00	25000.00			0.00	t	2026-04-14 01:52:45.869718+01	2026-04-14 01:52:45.869723+01	AS201660	3	f
4401	5	2025	50000.00	0.00	0.00	0.00	BANQUE	0.00	0.00	0.00	0.00	0.00	0.00	0.00			0.00	0.00	50000.00	0.00	0.00	0.00	25000.00			0.00	t	2026-04-14 01:52:45.87273+01	2026-04-14 01:52:45.872736+01	AS201661	3	f
4402	5	2025	0.00	50000.00	0.00	0.00	ESPECES	0.00	0.00	0.00	0.00	0.00	0.00	0.00			0.00	0.00	50000.00	3000.00	0.00	0.00	22000.00			0.00	t	2026-04-14 01:52:45.87634+01	2026-04-14 01:52:45.876346+01	AS201662	3	t
4403	5	2025	150000.00	0.00	0.00	0.00	BANQUE	0.00	0.00	0.00	0.00	0.00	0.00	0.00			0.00	0.00	150000.00	0.00	0.00	0.00	25000.00			0.00	t	2026-04-14 01:52:45.879154+01	2026-04-14 01:52:45.879159+01	AS201663	3	f
4404	6	2025	250000.00	0.00	0.00	0.00	BANQUE	0.00	0.00	0.00	0.00	0.00	0.00	0.00			0.00	0.00	250000.00	0.00	0.00	0.00	0.00			0.00	t	2026-04-14 01:52:45.904907+01	2026-04-14 01:52:45.904914+01	AS201648	3	f
4405	6	2025	0.00	50000.00	0.00	0.00	ESPECES	0.00	0.00	0.00	0.00	0.00	0.00	0.00			0.00	0.00	50000.00	0.00	0.00	0.00	25000.00			0.00	t	2026-04-14 01:52:45.909795+01	2026-04-14 01:52:45.909801+01	AS201601	3	f
4406	6	2025	125000.00	0.00	0.00	0.00	BANQUE	0.00	0.00	0.00	0.00	0.00	500000.00	500000.00			0.00	0.00	625000.00	0.00	0.00	0.00	25000.00			0.00	t	2026-04-14 01:52:45.915953+01	2026-04-14 01:52:45.915959+01	AS201602	3	f
4407	6	2025	0.00	351000.00	0.00	0.00	ESPECES	0.00	0.00	0.00	0.00	0.00	0.00	0.00			0.00	0.00	250000.00	0.00	0.00	0.00	25000.00			0.00	t	2026-04-14 01:52:45.920262+01	2026-04-14 01:52:45.920268+01	AS201604	3	f
4408	6	2025	251000.00	0.00	0.00	0.00	BANQUE	0.00	0.00	0.00	0.00	0.00	0.00	0.00			0.00	0.00	357500.00	0.00	0.00	0.00	25000.00			0.00	t	2026-04-14 01:52:45.924615+01	2026-04-14 01:52:45.924621+01	AS201605	3	f
4409	6	2025	315000.00	0.00	0.00	0.00	BANQUE	0.00	0.00	0.00	0.00	0.00	0.00	0.00			0.00	0.00	518000.00	0.00	0.00	0.00	36000.00			0.00	t	2026-04-14 01:52:45.928996+01	2026-04-14 01:52:45.929002+01	AS201608	3	f
4410	6	2025	50000.00	0.00	0.00	0.00	BANQUE	0.00	0.00	0.00	0.00	0.00	0.00	0.00			0.00	0.00	50000.00	0.00	0.00	0.00	25000.00			0.00	t	2026-04-14 01:52:45.932585+01	2026-04-14 01:52:45.93259+01	AS201609	3	f
4411	6	2025	125000.00	0.00	0.00	0.00	BANQUE	0.00	0.00	0.00	0.00	0.00	0.00	0.00			0.00	0.00	125000.00	0.00	0.00	0.00	25000.00			0.00	t	2026-04-14 01:52:45.936927+01	2026-04-14 01:52:45.936932+01	AS201611	3	f
4412	6	2025	301000.00	0.00	0.00	0.00	BANQUE	0.00	0.00	0.00	0.00	0.00	0.00	0.00			0.00	0.00	301000.00	0.00	0.00	0.00	50000.00			0.00	t	2026-04-14 01:52:45.941266+01	2026-04-14 01:52:45.941271+01	AS201613	3	f
4413	6	2025	150000.00	0.00	0.00	0.00	BANQUE	0.00	0.00	0.00	0.00	0.00	0.00	0.00			0.00	0.00	256000.00	0.00	0.00	0.00	25000.00			0.00	t	2026-04-14 01:52:45.944776+01	2026-04-14 01:52:45.944782+01	AS201617	3	f
4414	6	2025	235000.00	0.00	0.00	0.00	BANQUE	0.00	0.00	0.00	0.00	0.00	0.00	0.00			0.00	0.00	235000.00	0.00	0.00	0.00	35000.00			0.00	t	2026-04-14 01:52:45.949144+01	2026-04-14 01:52:45.949149+01	AS201619	3	f
4415	6	2025	0.00	0.00	0.00	0.00	ECHEC	0.00	0.00	0.00	0.00	0.00	0.00	0.00			0.00	0.00	0.00	0.00	0.00	0.00	0.00			0.00	t	2026-04-14 01:52:45.953416+01	2026-04-14 01:52:45.953421+01	AS201620	3	f
4416	6	2025	125000.00	0.00	0.00	0.00	BANQUE	0.00	0.00	0.00	0.00	0.00	0.00	0.00			0.00	0.00	125000.00	0.00	0.00	0.00	25000.00			0.00	t	2026-04-14 01:52:45.957801+01	2026-04-14 01:52:45.957807+01	AS201621	3	f
4417	6	2025	260000.00	202500.00	0.00	0.00	BANQUE	0.00	0.00	0.00	0.00	0.00	0.00	0.00			0.00	0.00	466500.00	0.00	0.00	0.00	35000.00			0.00	t	2026-04-14 01:52:45.961398+01	2026-04-14 01:52:45.961403+01	AS201622	3	f
4418	6	2025	240000.00	0.00	0.00	0.00	BANQUE	0.00	0.00	0.00	0.00	0.00	0.00	0.00			0.00	0.00	497625.00	0.00	0.00	0.00	40000.00			0.00	t	2026-04-14 01:52:45.965706+01	2026-04-14 01:52:45.965712+01	AS201624	3	f
4419	6	2025	450000.00	0.00	0.00	0.00	BANQUE	0.00	0.00	0.00	0.00	0.00	0.00	0.00			0.00	0.00	351000.00	0.00	0.00	0.00	23000.00			0.00	t	2026-04-14 01:52:45.969264+01	2026-04-14 01:52:45.969269+01	AS201626	3	f
4420	6	2025	0.00	53000.00	0.00	0.00	ESPECES	0.00	0.00	0.00	0.00	0.00	1000000.00	1000000.00			0.00	0.00	1053000.00	3000.00	0.00	0.00	25000.00			0.00	t	2026-04-14 01:52:45.973573+01	2026-04-14 01:52:45.973579+01	AS201628	3	t
4421	6	2025	125000.00	0.00	0.00	0.00	BANQUE	0.00	0.00	0.00	0.00	0.00	0.00	0.00			0.00	0.00	125000.00	0.00	0.00	0.00	25000.00			0.00	t	2026-04-14 01:52:45.97713+01	2026-04-14 01:52:45.977135+01	AS201633	3	f
4422	6	2025	181000.00	0.00	0.00	0.00	BANQUE	0.00	0.00	0.00	0.00	0.00	0.00	0.00			0.00	0.00	181000.00	0.00	0.00	0.00	25500.00			0.00	t	2026-04-14 01:52:45.979913+01	2026-04-14 01:52:45.979919+01	AS201638	3	f
4423	6	2025	50000.00	0.00	0.00	0.00	BANQUE	0.00	0.00	0.00	0.00	0.00	0.00	0.00			0.00	0.00	50000.00	0.00	0.00	0.00	25000.00			0.00	t	2026-04-14 01:52:45.982911+01	2026-04-14 01:52:45.982917+01	AS201639	3	f
4424	6	2025	125000.00	102000.00	0.00	0.00	BANQUE	0.00	0.00	0.00	0.00	0.00	0.00	0.00			0.00	0.00	227000.00	0.00	0.00	0.00	25000.00			0.00	t	2026-04-14 01:52:45.990382+01	2026-04-14 01:52:45.990394+01	AS201641	3	f
4425	6	2025	50000.00	0.00	0.00	0.00	BANQUE	0.00	0.00	0.00	0.00	0.00	0.00	0.00			0.00	0.00	50000.00	0.00	0.00	0.00	25000.00			0.00	t	2026-04-14 01:52:45.998383+01	2026-04-14 01:52:45.998393+01	AS201643	3	f
4426	6	2025	0.00	50000.00	0.00	0.00	ESPECES	0.00	0.00	0.00	0.00	0.00	0.00	0.00			0.00	0.00	50000.00	3000.00	0.00	0.00	22000.00			0.00	t	2026-04-14 01:52:46.005913+01	2026-04-14 01:52:46.005924+01	AS201646	3	t
4427	6	2025	225000.00	0.00	0.00	0.00	BANQUE	0.00	0.00	0.00	0.00	0.00	0.00	0.00			0.00	0.00	225000.00	0.00	0.00	0.00	25000.00			0.00	t	2026-04-14 01:52:46.014105+01	2026-04-14 01:52:46.014115+01	AS201647	3	f
4428	6	2025	628000.00	0.00	0.00	0.00	BANQUE	0.00	0.00	0.00	0.00	0.00	1000000.00	1000000.00			0.00	0.00	1630500.00	0.00	0.00	0.00	24000.00			0.00	t	2026-04-14 01:52:46.021826+01	2026-04-14 01:52:46.021838+01	AS201649	3	f
4429	6	2025	50000.00	0.00	0.00	0.00	BANQUE	0.00	0.00	0.00	0.00	0.00	0.00	0.00			0.00	0.00	50000.00	0.00	0.00	0.00	25000.00			0.00	t	2026-04-14 01:52:46.027396+01	2026-04-14 01:52:46.027403+01	AS201651	3	f
4430	6	2025	250000.00	0.00	0.00	0.00	BANQUE	0.00	0.00	0.00	0.00	0.00	1000000.00	1000000.00			0.00	0.00	1250000.00	0.00	0.00	0.00	25000.00			0.00	t	2026-04-14 01:52:46.031022+01	2026-04-14 01:52:46.031028+01	AS201653	3	f
4431	6	2025	81000.00	0.00	0.00	0.00	BANQUE	0.00	0.00	0.00	0.00	0.00	0.00	0.00			0.00	0.00	81000.00	0.00	0.00	0.00	25500.00			0.00	t	2026-04-14 01:52:46.035364+01	2026-04-14 01:52:46.03537+01	AS201654	3	f
4432	6	2025	50000.00	0.00	0.00	0.00	BANQUE	0.00	0.00	0.00	0.00	0.00	0.00	0.00			0.00	0.00	50000.00	0.00	0.00	0.00	25000.00			0.00	t	2026-04-14 01:52:46.039042+01	2026-04-14 01:52:46.039047+01	AS201656	3	f
4433	6	2025	50000.00	0.00	0.00	0.00	BANQUE	0.00	0.00	0.00	0.00	0.00	0.00	0.00			0.00	0.00	109000.00	0.00	0.00	0.00	25000.00			0.00	t	2026-04-14 01:52:46.0427+01	2026-04-14 01:52:46.042705+01	AS201657	3	f
4434	6	2025	227000.00	0.00	0.00	0.00	BANQUE	0.00	0.00	0.00	0.00	0.00	0.00	0.00			0.00	0.00	227000.00	0.00	0.00	0.00	25000.00			0.00	t	2026-04-14 01:52:46.046287+01	2026-04-14 01:52:46.046293+01	AS201658	3	f
4435	6	2025	0.00	50000.00	0.00	0.00	ESPECES	0.00	0.00	0.00	0.00	0.00	0.00	0.00			0.00	0.00	50000.00	3000.00	0.00	0.00	22000.00			0.00	t	2026-04-14 01:52:46.049118+01	2026-04-14 01:52:46.049123+01	AS201629	3	t
4436	6	2025	0.00	253000.00	0.00	0.00	ESPECES	0.00	0.00	0.00	0.00	0.00	0.00	0.00			0.00	0.00	253000.00	3000.00	0.00	0.00	25000.00			0.00	t	2026-04-14 01:52:46.051904+01	2026-04-14 01:52:46.051909+01	AS201659	3	t
4437	6	2025	150000.00	0.00	0.00	0.00	BANQUE	0.00	0.00	0.00	0.00	0.00	0.00	0.00			0.00	0.00	150000.00	0.00	0.00	0.00	25000.00			0.00	t	2026-04-14 01:52:46.055509+01	2026-04-14 01:52:46.055515+01	AS201660	3	f
4438	6	2025	50000.00	0.00	0.00	0.00	BANQUE	0.00	0.00	0.00	0.00	0.00	0.00	300000.00			0.00	0.00	350000.00	0.00	0.00	0.00	25000.00			0.00	t	2026-04-14 01:52:46.058275+01	2026-04-14 01:52:46.058281+01	AS201661	3	f
4439	6	2025	0.00	50000.00	0.00	0.00	ESPECES	0.00	0.00	0.00	0.00	0.00	0.00	0.00			0.00	0.00	50000.00	3000.00	0.00	0.00	22000.00			0.00	t	2026-04-14 01:52:46.061893+01	2026-04-14 01:52:46.061898+01	AS201662	3	t
4440	6	2025	150000.00	0.00	0.00	0.00	BANQUE	0.00	0.00	0.00	0.00	0.00	0.00	0.00			0.00	0.00	150000.00	0.00	0.00	0.00	25000.00			0.00	t	2026-04-14 01:52:46.064631+01	2026-04-14 01:52:46.064636+01	AS201663	3	f
4441	7	2025	250000.00	0.00	0.00	0.00	BANQUE	0.00	0.00	0.00	0.00	0.00	0.00	0.00			0.00	0.00	250000.00	0.00	0.00	0.00	0.00			0.00	t	2026-04-14 01:52:46.119116+01	2026-04-14 01:52:46.119125+01	AS201648	3	f
4442	7	2025	0.00	50000.00	0.00	0.00	ESPECES	0.00	0.00	0.00	0.00	0.00	0.00	0.00			0.00	0.00	50000.00	0.00	0.00	0.00	25000.00			0.00	t	2026-04-14 01:52:46.122527+01	2026-04-14 01:52:46.122533+01	AS201601	3	f
4443	7	2025	125000.00	0.00	0.00	0.00	BANQUE	0.00	0.00	0.00	0.00	0.00	0.00	0.00			0.00	0.00	125000.00	0.00	0.00	0.00	25000.00			0.00	t	2026-04-14 01:52:46.126384+01	2026-04-14 01:52:46.12639+01	AS201602	3	f
4444	7	2025	0.00	291500.00	0.00	0.00	ESPECES	0.00	0.00	0.00	0.00	0.00	0.00	0.00			0.00	0.00	291500.00	0.00	0.00	0.00	25000.00			0.00	t	2026-04-14 01:52:46.130017+01	2026-04-14 01:52:46.130023+01	AS201604	3	f
4445	7	2025	290000.00	0.00	0.00	0.00	BANQUE	0.00	0.00	0.00	0.00	0.00	0.00	0.00			0.00	0.00	388500.00	0.00	0.00	0.00	25000.00			0.00	t	2026-04-14 01:52:46.1344+01	2026-04-14 01:52:46.134406+01	AS201605	3	f
4446	7	2025	466500.00	31000.00	0.00	0.00	BANQUE	0.00	0.00	0.00	0.00	0.00	0.00	0.00			0.00	0.00	497500.00	0.00	0.00	0.00	38500.00			0.00	t	2026-04-14 01:52:46.138804+01	2026-04-14 01:52:46.13881+01	AS201608	3	f
4447	7	2025	50000.00	0.00	0.00	0.00	BANQUE	0.00	0.00	0.00	0.00	0.00	0.00	0.00			0.00	0.00	50000.00	0.00	0.00	0.00	25000.00			0.00	t	2026-04-14 01:52:46.142489+01	2026-04-14 01:52:46.142494+01	AS201609	3	f
4448	7	2025	125000.00	0.00	0.00	0.00	BANQUE	0.00	0.00	0.00	0.00	0.00	0.00	0.00			0.00	0.00	125000.00	0.00	0.00	0.00	25000.00			0.00	t	2026-04-14 01:52:46.146887+01	2026-04-14 01:52:46.146893+01	AS201611	3	f
4449	7	2025	342000.00	0.00	0.00	0.00	BANQUE	0.00	0.00	0.00	0.00	0.00	500000.00	0.00			0.00	0.00	342000.00	0.00	0.00	0.00	39500.00			0.00	t	2026-04-14 01:52:46.15123+01	2026-04-14 01:52:46.151235+01	AS201613	3	f
4450	7	2025	180000.00	0.00	0.00	0.00	BANQUE	0.00	0.00	0.00	0.00	0.00	500000.00	500000.00			0.00	0.00	756000.00	0.00	0.00	0.00	25000.00			0.00	t	2026-04-14 01:52:46.154797+01	2026-04-14 01:52:46.154802+01	AS201617	3	f
4451	7	2025	376000.00	0.00	0.00	0.00	BANQUE	0.00	0.00	0.00	0.00	0.00	0.00	0.00			0.00	0.00	375000.00	0.00	0.00	0.00	34000.00			0.00	t	2026-04-14 01:52:46.159172+01	2026-04-14 01:52:46.159177+01	AS201619	3	f
4452	7	2025	0.00	0.00	0.00	0.00	ECHEC	0.00	0.00	0.00	0.00	0.00	0.00	0.00			0.00	0.00	0.00	0.00	0.00	0.00	0.00			0.00	t	2026-04-14 01:52:46.163535+01	2026-04-14 01:52:46.16354+01	AS201620	3	f
4453	7	2025	125000.00	0.00	0.00	0.00	BANQUE	0.00	0.00	0.00	0.00	0.00	0.00	0.00			0.00	0.00	125000.00	0.00	0.00	0.00	25000.00			0.00	t	2026-04-14 01:52:46.167888+01	2026-04-14 01:52:46.167893+01	AS201621	3	f
4454	7	2025	481500.00	0.00	0.00	0.00	BANQUE	0.00	0.00	0.00	0.00	0.00	0.00	0.00			0.00	0.00	466500.00	0.00	0.00	0.00	35000.00			0.00	t	2026-04-14 01:52:46.171438+01	2026-04-14 01:52:46.171444+01	AS201622	3	f
4455	7	2025	240000.00	0.00	0.00	0.00	BANQUE	0.00	0.00	0.00	0.00	0.00	0.00	0.00			0.00	0.00	501625.00	0.00	0.00	0.00	40000.00			0.00	t	2026-04-14 01:52:46.178816+01	2026-04-14 01:52:46.178829+01	AS201624	3	f
4456	7	2025	343000.00	0.00	0.00	0.00	BANQUE	0.00	0.00	0.00	0.00	0.00	0.00	0.00			0.00	0.00	343000.00	0.00	0.00	0.00	15000.00			0.00	t	2026-04-14 01:52:46.186592+01	2026-04-14 01:52:46.186603+01	AS201626	3	f
4457	7	2025	50000.00	0.00	0.00	0.00	BANQUE	0.00	0.00	0.00	0.00	0.00	0.00	0.00			0.00	0.00	50000.00	0.00	0.00	0.00	25000.00			0.00	t	2026-04-14 01:52:46.192874+01	2026-04-14 01:52:46.19288+01	AS201628	3	f
4458	7	2025	125000.00	0.00	0.00	0.00	BANQUE	0.00	0.00	0.00	0.00	0.00	0.00	0.00			0.00	0.00	125000.00	0.00	0.00	0.00	25000.00			0.00	t	2026-04-14 01:52:46.196487+01	2026-04-14 01:52:46.196492+01	AS201633	3	f
4459	7	2025	175000.00	0.00	0.00	0.00	BANQUE	0.00	0.00	0.00	0.00	0.00	0.00	0.00			0.00	0.00	150000.00	0.00	0.00	0.00	25000.00			0.00	t	2026-04-14 01:52:46.199304+01	2026-04-14 01:52:46.19931+01	AS201638	3	f
4460	7	2025	50000.00	0.00	0.00	0.00	BANQUE	0.00	0.00	0.00	0.00	0.00	0.00	0.00			0.00	0.00	50000.00	0.00	0.00	0.00	25000.00			0.00	t	2026-04-14 01:52:46.202057+01	2026-04-14 01:52:46.202062+01	AS201639	3	f
4461	7	2025	227000.00	0.00	0.00	0.00	BANQUE	0.00	0.00	0.00	0.00	0.00	0.00	0.00			0.00	0.00	227000.00	0.00	0.00	0.00	25000.00			0.00	t	2026-04-14 01:52:46.205628+01	2026-04-14 01:52:46.205633+01	AS201641	3	f
4462	7	2025	50000.00	0.00	0.00	0.00	BANQUE	0.00	0.00	0.00	0.00	0.00	0.00	0.00			0.00	0.00	50000.00	0.00	0.00	0.00	25000.00			0.00	t	2026-04-14 01:52:46.209179+01	2026-04-14 01:52:46.209185+01	AS201643	3	f
4463	7	2025	50000.00	0.00	0.00	0.00	BANQUE	0.00	0.00	0.00	0.00	0.00	0.00	0.00			0.00	0.00	50000.00	0.00	0.00	0.00	25000.00			0.00	t	2026-04-14 01:52:46.21294+01	2026-04-14 01:52:46.212945+01	AS201646	3	f
4464	7	2025	225000.00	0.00	0.00	0.00	BANQUE	0.00	0.00	0.00	0.00	0.00	0.00	0.00			0.00	0.00	225000.00	0.00	0.00	0.00	25000.00			0.00	t	2026-04-14 01:52:46.216531+01	2026-04-14 01:52:46.216536+01	AS201647	3	f
4465	7	2025	530000.00	0.00	0.00	0.00	BANQUE	0.00	0.00	0.00	0.00	0.00	0.00	0.00			0.00	0.00	631500.00	0.00	0.00	0.00	25000.00			0.00	t	2026-04-14 01:52:46.220096+01	2026-04-14 01:52:46.220102+01	AS201649	3	f
4466	7	2025	50000.00	0.00	0.00	0.00	BANQUE	0.00	0.00	0.00	0.00	0.00	0.00	0.00			0.00	0.00	50000.00	0.00	0.00	0.00	25000.00			0.00	t	2026-04-14 01:52:46.223622+01	2026-04-14 01:52:46.223628+01	AS201651	3	f
4467	7	2025	250000.00	0.00	0.00	0.00	BANQUE	0.00	0.00	0.00	0.00	0.00	0.00	0.00			0.00	0.00	250000.00	0.00	0.00	0.00	25000.00			0.00	t	2026-04-14 01:52:46.227203+01	2026-04-14 01:52:46.227209+01	AS201653	3	f
4468	7	2025	50000.00	0.00	0.00	0.00	BANQUE	0.00	0.00	0.00	0.00	0.00	0.00	0.00			0.00	0.00	50000.00	0.00	0.00	0.00	25000.00			0.00	t	2026-04-14 01:52:46.231456+01	2026-04-14 01:52:46.231462+01	AS201654	3	f
4469	7	2025	50000.00	0.00	0.00	0.00	BANQUE	0.00	0.00	0.00	0.00	0.00	0.00	0.00			0.00	0.00	50000.00	0.00	0.00	0.00	25000.00			0.00	t	2026-04-14 01:52:46.235082+01	2026-04-14 01:52:46.235087+01	AS201656	3	f
4470	7	2025	50000.00	0.00	0.00	0.00	BANQUE	0.00	0.00	0.00	0.00	0.00	0.00	0.00			0.00	0.00	109000.00	0.00	0.00	0.00	25000.00			0.00	t	2026-04-14 01:52:46.23866+01	2026-04-14 01:52:46.238665+01	AS201657	3	f
4471	7	2025	125000.00	0.00	0.00	0.00	BANQUE	0.00	0.00	0.00	0.00	0.00	0.00	0.00			0.00	0.00	125000.00	0.00	0.00	0.00	25000.00			0.00	t	2026-04-14 01:52:46.242252+01	2026-04-14 01:52:46.242258+01	AS201658	3	f
4472	7	2025	0.00	50000.00	0.00	0.00	ESPECES	0.00	0.00	0.00	0.00	0.00	0.00	0.00			0.00	0.00	50000.00	3000.00	0.00	0.00	22000.00			0.00	t	2026-04-14 01:52:46.245043+01	2026-04-14 01:52:46.245048+01	AS201629	3	t
4473	7	2025	250000.00	0.00	0.00	0.00	BANQUE	0.00	0.00	0.00	0.00	0.00	0.00	0.00			0.00	0.00	250000.00	0.00	0.00	0.00	25000.00			0.00	t	2026-04-14 01:52:46.247771+01	2026-04-14 01:52:46.247776+01	AS201659	3	f
4474	7	2025	150000.00	0.00	0.00	0.00	BANQUE	0.00	0.00	0.00	0.00	0.00	0.00	0.00			0.00	0.00	150000.00	0.00	0.00	0.00	25000.00			0.00	t	2026-04-14 01:52:46.251351+01	2026-04-14 01:52:46.251356+01	AS201660	3	f
4475	7	2025	75000.00	0.00	0.00	0.00	BANQUE	0.00	0.00	0.00	0.00	0.00	0.00	0.00			0.00	0.00	50000.00	0.00	0.00	0.00	25000.00			0.00	t	2026-04-14 01:52:46.25418+01	2026-04-14 01:52:46.254185+01	AS201661	3	f
4476	7	2025	0.00	53000.00	0.00	0.00	ESPECES	0.00	0.00	0.00	0.00	0.00	0.00	0.00			0.00	0.00	53000.00	3000.00	0.00	0.00	25000.00			0.00	t	2026-04-14 01:52:46.257716+01	2026-04-14 01:52:46.257722+01	AS201662	3	t
4477	7	2025	150000.00	0.00	0.00	0.00	BANQUE	0.00	0.00	0.00	0.00	0.00	0.00	0.00			0.00	0.00	150000.00	0.00	0.00	0.00	25000.00			0.00	t	2026-04-14 01:52:46.260483+01	2026-04-14 01:52:46.260488+01	AS201663	3	f
4478	8	2025	250000.00	0.00	0.00	0.00	BANQUE	0.00	0.00	0.00	0.00	0.00	0.00	0.00			0.00	0.00	250000.00	0.00	0.00	0.00	0.00			0.00	t	2026-04-14 01:52:46.313616+01	2026-04-14 01:52:46.313624+01	AS201648	3	f
4479	8	2025	0.00	50000.00	0.00	0.00	ESPECES	0.00	0.00	0.00	0.00	0.00	0.00	0.00			0.00	0.00	50000.00	0.00	0.00	0.00	25000.00			0.00	t	2026-04-14 01:52:46.31846+01	2026-04-14 01:52:46.318466+01	AS201601	3	f
4480	8	2025	125000.00	0.00	0.00	0.00	BANQUE	0.00	0.00	0.00	0.00	0.00	0.00	0.00			0.00	0.00	125000.00	0.00	0.00	0.00	25000.00			0.00	t	2026-04-14 01:52:46.32508+01	2026-04-14 01:52:46.32509+01	AS201602	3	f
4481	8	2025	0.00	453500.00	0.00	0.00	ESPECES	0.00	0.00	0.00	0.00	0.00	0.00	0.00			0.00	0.00	453500.00	0.00	0.00	0.00	25000.00			0.00	t	2026-04-14 01:52:46.332902+01	2026-04-14 01:52:46.332911+01	AS201604	3	f
4482	8	2025	400000.00	0.00	0.00	0.00	BANQUE	0.00	0.00	0.00	0.00	0.00	0.00	0.00			0.00	0.00	400000.00	0.00	0.00	0.00	275000.00			0.00	t	2026-04-14 01:52:46.34305+01	2026-04-14 01:52:46.343057+01	AS201605	3	f
4483	8	2025	529500.00	0.00	0.00	0.00	BANQUE	0.00	0.00	0.00	0.00	0.00	1000000.00	1000000.00			0.00	0.00	1499500.00	0.00	0.00	0.00	37500.00			0.00	t	2026-04-14 01:52:46.352163+01	2026-04-14 01:52:46.352171+01	AS201608	3	f
4484	8	2025	50000.00	0.00	0.00	0.00	BANQUE	0.00	0.00	0.00	0.00	0.00	0.00	0.00			0.00	0.00	50000.00	0.00	0.00	0.00	25000.00			0.00	t	2026-04-14 01:52:46.358714+01	2026-04-14 01:52:46.358721+01	AS201609	3	f
4485	8	2025	125000.00	0.00	0.00	0.00	BANQUE	0.00	0.00	0.00	0.00	0.00	0.00	0.00			0.00	0.00	125000.00	0.00	0.00	0.00	25000.00			0.00	t	2026-04-14 01:52:46.364104+01	2026-04-14 01:52:46.364109+01	AS201611	3	f
4486	8	2025	250000.00	0.00	0.00	0.00	BANQUE	0.00	0.00	0.00	0.00	0.00	0.00	100000.00			0.00	0.00	350000.00	0.00	0.00	0.00	50000.00			0.00	t	2026-04-14 01:52:46.368491+01	2026-04-14 01:52:46.368496+01	AS201613	3	f
4487	8	2025	150000.00	0.00	0.00	0.00	BANQUE	0.00	0.00	0.00	0.00	0.00	0.00	0.00			0.00	0.00	150000.00	0.00	0.00	0.00	25000.00			0.00	t	2026-04-14 01:52:46.372099+01	2026-04-14 01:52:46.372104+01	AS201617	3	f
4488	8	2025	370000.00	0.00	0.00	0.00	BANQUE	0.00	0.00	0.00	0.00	0.00	0.00	0.00			0.00	0.00	370000.00	0.00	0.00	0.00	38000.00			0.00	t	2026-04-14 01:52:46.376982+01	2026-04-14 01:52:46.376987+01	AS201619	3	f
4489	8	2025	0.00	0.00	0.00	0.00	ECHEC	0.00	0.00	0.00	0.00	0.00	0.00	0.00			0.00	0.00	0.00	0.00	0.00	0.00	0.00			0.00	t	2026-04-14 01:52:46.381352+01	2026-04-14 01:52:46.381358+01	AS201620	3	f
4490	8	2025	125000.00	0.00	0.00	0.00	BANQUE	0.00	0.00	0.00	0.00	0.00	0.00	0.00			0.00	0.00	125000.00	0.00	0.00	0.00	25000.00			0.00	t	2026-04-14 01:52:46.385657+01	2026-04-14 01:52:46.385662+01	AS201621	3	f
4491	8	2025	466000.00	0.00	0.00	0.00	BANQUE	0.00	0.00	0.00	0.00	0.00	0.00	0.00			0.00	0.00	466000.00	0.00	0.00	0.00	35000.00			0.00	t	2026-04-14 01:52:46.390267+01	2026-04-14 01:52:46.390277+01	AS201622	3	f
4492	8	2025	365000.00	0.00	0.00	0.00	BANQUE	0.00	0.00	0.00	0.00	0.00	0.00	0.00			0.00	0.00	361000.00	0.00	0.00	0.00	39500.00			0.00	t	2026-04-14 01:52:46.399729+01	2026-04-14 01:52:46.399735+01	AS201624	3	f
4493	8	2025	320000.00	0.00	0.00	0.00	BANQUE	0.00	0.00	0.00	0.00	0.00	0.00	0.00			0.00	0.00	453500.00	0.00	0.00	0.00	25000.00			0.00	t	2026-04-14 01:52:46.404022+01	2026-04-14 01:52:46.404028+01	AS201626	3	f
4494	8	2025	50000.00	0.00	0.00	0.00	BANQUE	0.00	0.00	0.00	0.00	0.00	0.00	0.00			0.00	0.00	50000.00	0.00	0.00	0.00	25000.00			0.00	t	2026-04-14 01:52:46.412892+01	2026-04-14 01:52:46.412897+01	AS201628	3	f
4495	8	2025	125000.00	0.00	0.00	0.00	BANQUE	0.00	0.00	0.00	0.00	0.00	0.00	0.00			0.00	0.00	125000.00	0.00	0.00	0.00	25000.00			0.00	t	2026-04-14 01:52:46.417763+01	2026-04-14 01:52:46.417769+01	AS201633	3	f
4496	8	2025	185000.00	0.00	0.00	0.00	BANQUE	0.00	0.00	0.00	0.00	0.00	0.00	0.00			0.00	0.00	185000.00	0.00	0.00	0.00	29500.00			0.00	t	2026-04-14 01:52:46.420749+01	2026-04-14 01:52:46.420755+01	AS201638	3	f
4497	8	2025	50000.00	0.00	0.00	0.00	BANQUE	0.00	0.00	0.00	0.00	0.00	0.00	0.00			0.00	0.00	50000.00	0.00	0.00	0.00	25000.00			0.00	t	2026-04-14 01:52:46.425592+01	2026-04-14 01:52:46.425598+01	AS201639	3	f
4498	8	2025	227000.00	0.00	0.00	0.00	BANQUE	0.00	0.00	0.00	0.00	0.00	0.00	0.00			0.00	0.00	227000.00	0.00	0.00	0.00	25000.00			0.00	t	2026-04-14 01:52:46.429256+01	2026-04-14 01:52:46.429261+01	AS201641	3	f
4499	8	2025	50000.00	0.00	0.00	0.00	BANQUE	0.00	0.00	0.00	0.00	0.00	0.00	0.00			0.00	0.00	50000.00	0.00	0.00	0.00	25000.00			0.00	t	2026-04-14 01:52:46.432829+01	2026-04-14 01:52:46.432835+01	AS201643	3	f
4500	8	2025	50000.00	0.00	0.00	0.00	BANQUE	0.00	0.00	0.00	0.00	0.00	0.00	0.00			0.00	0.00	50000.00	0.00	0.00	0.00	25000.00			0.00	t	2026-04-14 01:52:46.436474+01	2026-04-14 01:52:46.436479+01	AS201646	3	f
4501	8	2025	225000.00	0.00	0.00	0.00	BANQUE	0.00	0.00	0.00	0.00	0.00	0.00	0.00			0.00	0.00	225000.00	0.00	0.00	0.00	25000.00			0.00	t	2026-04-14 01:52:46.440682+01	2026-04-14 01:52:46.440688+01	AS201647	3	f
4502	8	2025	634500.00	0.00	0.00	0.00	BANQUE	0.00	0.00	0.00	0.00	0.00	0.00	0.00			0.00	0.00	534500.00	0.00	0.00	0.00	28000.00			0.00	t	2026-04-14 01:52:46.444242+01	2026-04-14 01:52:46.444247+01	AS201649	3	f
4503	8	2025	50000.00	0.00	0.00	0.00	BANQUE	0.00	0.00	0.00	0.00	0.00	0.00	0.00			0.00	0.00	50000.00	0.00	0.00	0.00	25000.00			0.00	t	2026-04-14 01:52:46.447789+01	2026-04-14 01:52:46.447794+01	AS201651	3	f
4504	8	2025	250000.00	0.00	0.00	0.00	BANQUE	0.00	0.00	0.00	0.00	0.00	0.00	0.00			0.00	0.00	250000.00	0.00	0.00	0.00	25000.00			0.00	t	2026-04-14 01:52:46.451346+01	2026-04-14 01:52:46.451351+01	AS201653	3	f
4505	8	2025	77000.00	0.00	0.00	0.00	BANQUE	0.00	0.00	0.00	0.00	0.00	0.00	0.00			0.00	0.00	77000.00	0.00	0.00	0.00	25500.00			0.00	t	2026-04-14 01:52:46.455771+01	2026-04-14 01:52:46.455776+01	AS201654	3	f
4506	8	2025	50000.00	0.00	0.00	0.00	BANQUE	0.00	0.00	0.00	0.00	0.00	0.00	0.00			0.00	0.00	50000.00	0.00	0.00	0.00	25000.00			0.00	t	2026-04-14 01:52:46.459531+01	2026-04-14 01:52:46.459536+01	AS201656	3	f
4507	8	2025	50000.00	0.00	0.00	0.00	BANQUE	0.00	0.00	0.00	0.00	0.00	0.00	0.00			0.00	0.00	109000.00	0.00	0.00	0.00	25000.00			0.00	t	2026-04-14 01:52:46.463165+01	2026-04-14 01:52:46.46317+01	AS201657	3	f
4508	8	2025	125000.00	0.00	0.00	0.00	BANQUE	0.00	0.00	0.00	0.00	0.00	0.00	0.00			0.00	0.00	125000.00	0.00	0.00	0.00	25000.00			0.00	t	2026-04-14 01:52:46.466674+01	2026-04-14 01:52:46.466679+01	AS201658	3	f
4509	8	2025	0.00	50000.00	0.00	0.00	ESPECES	0.00	0.00	300000.00	0.00	0.00	0.00	0.00			0.00	0.00	50000.00	3000.00	0.00	0.00	22000.00			0.00	t	2026-04-14 01:52:46.46942+01	2026-04-14 01:52:46.469425+01	AS201629	3	t
4510	8	2025	0.00	253000.00	0.00	0.00	ESPECES	0.00	0.00	0.00	0.00	0.00	0.00	0.00			0.00	0.00	253000.00	3000.00	0.00	0.00	25000.00			0.00	t	2026-04-14 01:52:46.472724+01	2026-04-14 01:52:46.472735+01	AS201659	3	t
4511	8	2025	150000.00	0.00	0.00	0.00	BANQUE	0.00	0.00	0.00	0.00	0.00	0.00	0.00			0.00	0.00	150000.00	0.00	0.00	0.00	25000.00			0.00	t	2026-04-14 01:52:46.48066+01	2026-04-14 01:52:46.480671+01	AS201660	3	f
4512	8	2025	50000.00	0.00	0.00	0.00	BANQUE	0.00	0.00	0.00	0.00	0.00	0.00	0.00			0.00	0.00	50000.00	0.00	0.00	0.00	25000.00			0.00	t	2026-04-14 01:52:46.487024+01	2026-04-14 01:52:46.487036+01	AS201661	3	f
4513	8	2025	50000.00	0.00	0.00	0.00	BANQUE	0.00	0.00	0.00	0.00	0.00	0.00	0.00			0.00	0.00	50000.00	0.00	0.00	0.00	25000.00			0.00	t	2026-04-14 01:52:46.494708+01	2026-04-14 01:52:46.494717+01	AS201662	3	f
4514	8	2025	251000.00	0.00	0.00	0.00	BANQUE	0.00	0.00	0.00	0.00	0.00	0.00	0.00			0.00	0.00	251000.00	0.00	0.00	0.00	24000.00			0.00	t	2026-04-14 01:52:46.499874+01	2026-04-14 01:52:46.499883+01	AS201663	3	f
4515	9	2025	250000.00	0.00	0.00	0.00	BANQUE	0.00	0.00	0.00	0.00	0.00	0.00	0.00			0.00	0.00	250000.00	0.00	0.00	0.00	0.00			0.00	t	2026-04-14 01:52:46.57666+01	2026-04-14 01:52:46.576669+01	AS201648	3	f
4516	9	2025	0.00	50000.00	0.00	0.00	ESPECES	0.00	0.00	0.00	0.00	0.00	0.00	0.00			0.00	0.00	50000.00	0.00	0.00	0.00	25000.00			0.00	t	2026-04-14 01:52:46.581757+01	2026-04-14 01:52:46.581763+01	AS201601	3	f
4517	9	2025	125000.00	0.00	0.00	0.00	BANQUE	0.00	0.00	0.00	0.00	0.00	0.00	0.00			0.00	0.00	125000.00	0.00	0.00	0.00	25000.00			0.00	t	2026-04-14 01:52:46.587142+01	2026-04-14 01:52:46.587147+01	AS201602	3	f
4518	9	2025	0.00	382000.00	0.00	0.00	ESPECES	0.00	0.00	0.00	0.00	0.00	0.00	0.00			0.00	0.00	382000.00	0.00	0.00	0.00	25000.00			0.00	t	2026-04-14 01:52:46.592349+01	2026-04-14 01:52:46.592356+01	AS201604	3	f
4519	9	2025	150000.00	0.00	0.00	0.00	BANQUE	0.00	0.00	0.00	0.00	0.00	0.00	0.00			0.00	0.00	150000.00	0.00	0.00	0.00	25000.00			0.00	t	2026-04-14 01:52:46.596815+01	2026-04-14 01:52:46.59682+01	AS201605	3	f
4520	9	2025	361000.00	0.00	0.00	0.00	BANQUE	0.00	0.00	0.00	0.00	0.00	0.00	0.00			0.00	0.00	361000.00	0.00	0.00	0.00	35000.00			0.00	t	2026-04-14 01:52:46.601139+01	2026-04-14 01:52:46.601145+01	AS201608	3	f
4521	9	2025	50000.00	0.00	0.00	0.00	BANQUE	0.00	0.00	0.00	0.00	0.00	0.00	0.00			0.00	0.00	50000.00	0.00	0.00	0.00	25000.00			0.00	t	2026-04-14 01:52:46.604746+01	2026-04-14 01:52:46.604751+01	AS201609	3	f
4522	9	2025	125000.00	0.00	0.00	0.00	BANQUE	0.00	0.00	0.00	0.00	0.00	0.00	0.00			0.00	0.00	125000.00	0.00	0.00	0.00	25000.00			0.00	t	2026-04-14 01:52:46.609226+01	2026-04-14 01:52:46.609231+01	AS201611	3	f
4523	9	2025	484000.00	0.00	0.00	0.00	BANQUE	0.00	0.00	0.00	0.00	0.00	0.00	0.00			0.00	0.00	484000.00	0.00	0.00	0.00	50000.00			0.00	t	2026-04-14 01:52:46.613584+01	2026-04-14 01:52:46.613589+01	AS201613	3	f
4524	9	2025	150000.00	0.00	0.00	0.00	BANQUE	0.00	0.00	0.00	0.00	0.00	0.00	0.00			0.00	0.00	150000.00	0.00	0.00	0.00	25000.00			0.00	t	2026-04-14 01:52:46.61739+01	2026-04-14 01:52:46.617395+01	AS201617	3	f
4525	9	2025	641000.00	30500.00	0.00	0.00	BANQUE	0.00	0.00	0.00	0.00	0.00	0.00	0.00			0.00	0.00	671500.00	0.00	0.00	0.00	35000.00			0.00	t	2026-04-14 01:52:46.621819+01	2026-04-14 01:52:46.621824+01	AS201619	3	f
4526	9	2025	0.00	0.00	0.00	0.00	ECHEC	0.00	0.00	0.00	0.00	0.00	0.00	0.00			0.00	0.00	0.00	0.00	0.00	0.00	0.00			0.00	t	2026-04-14 01:52:46.626208+01	2026-04-14 01:52:46.626213+01	AS201620	3	f
4527	9	2025	125000.00	0.00	0.00	0.00	BANQUE	0.00	0.00	0.00	0.00	0.00	0.00	0.00			0.00	0.00	125000.00	0.00	0.00	0.00	25000.00			0.00	t	2026-04-14 01:52:46.630528+01	2026-04-14 01:52:46.630533+01	AS201621	3	f
4528	9	2025	462000.00	0.00	0.00	0.00	BANQUE	0.00	0.00	0.00	0.00	0.00	0.00	0.00			0.00	0.00	462000.00	0.00	0.00	0.00	35000.00			0.00	t	2026-04-14 01:52:46.634111+01	2026-04-14 01:52:46.634117+01	AS201622	3	f
4529	9	2025	52500.00	240000.00	0.00	0.00	BANQUE	0.00	0.00	0.00	0.00	0.00	0.00	0.00			0.00	0.00	292500.00	3000.00	0.00	0.00	37000.00			0.00	t	2026-04-14 01:52:46.638452+01	2026-04-14 01:52:46.638458+01	AS201624	3	t
4530	9	2025	350000.00	0.00	0.00	0.00	BANQUE	0.00	0.00	0.00	0.00	0.00	0.00	0.00			0.00	0.00	350000.00	0.00	0.00	0.00	24000.00			0.00	t	2026-04-14 01:52:46.642036+01	2026-04-14 01:52:46.642041+01	AS201626	3	f
4531	9	2025	50000.00	0.00	0.00	0.00	BANQUE	0.00	0.00	0.00	0.00	0.00	0.00	0.00			0.00	0.00	50000.00	0.00	0.00	0.00	25000.00			0.00	t	2026-04-14 01:52:46.646329+01	2026-04-14 01:52:46.646335+01	AS201628	3	f
4532	9	2025	125000.00	0.00	0.00	0.00	BANQUE	0.00	0.00	0.00	0.00	0.00	0.00	0.00			0.00	0.00	125000.00	0.00	0.00	0.00	25000.00			0.00	t	2026-04-14 01:52:46.649897+01	2026-04-14 01:52:46.649903+01	AS201633	3	f
4533	9	2025	0.00	0.00	0.00	0.00	ECHEC	0.00	0.00	0.00	0.00	0.00	0.00	0.00			0.00	0.00	30500.00	0.00	0.00	0.00	0.00			0.00	t	2026-04-14 01:52:46.652673+01	2026-04-14 01:52:46.652678+01	AS201638	3	f
4534	9	2025	50000.00	0.00	0.00	0.00	BANQUE	0.00	0.00	0.00	0.00	0.00	0.00	0.00			0.00	0.00	50000.00	0.00	0.00	0.00	25000.00			0.00	t	2026-04-14 01:52:46.655462+01	2026-04-14 01:52:46.655467+01	AS201639	3	f
4535	9	2025	327000.00	0.00	0.00	0.00	BANQUE	0.00	0.00	0.00	0.00	0.00	0.00	0.00			0.00	0.00	327000.00	0.00	0.00	0.00	25000.00			0.00	t	2026-04-14 01:52:46.659168+01	2026-04-14 01:52:46.659173+01	AS201641	3	f
4536	9	2025	50000.00	0.00	0.00	0.00	BANQUE	0.00	0.00	0.00	0.00	0.00	0.00	0.00			0.00	0.00	50000.00	0.00	0.00	0.00	25000.00			0.00	t	2026-04-14 01:52:46.662725+01	2026-04-14 01:52:46.662731+01	AS201643	3	f
4537	9	2025	50000.00	0.00	0.00	0.00	BANQUE	0.00	0.00	0.00	0.00	0.00	0.00	0.00			0.00	0.00	50000.00	0.00	0.00	0.00	25000.00			0.00	t	2026-04-14 01:52:46.666254+01	2026-04-14 01:52:46.66626+01	AS201646	3	f
4538	9	2025	225000.00	0.00	0.00	0.00	BANQUE	0.00	0.00	0.00	0.00	0.00	0.00	0.00			0.00	0.00	225000.00	0.00	0.00	0.00	25000.00			0.00	t	2026-04-14 01:52:46.669767+01	2026-04-14 01:52:46.669773+01	AS201647	3	f
4539	9	2025	471000.00	261000.00	0.00	0.00	BANQUE	0.00	0.00	0.00	0.00	0.00	0.00	0.00			0.00	0.00	732000.00	3000.00	0.00	0.00	25000.00			0.00	t	2026-04-14 01:52:46.673427+01	2026-04-14 01:52:46.673432+01	AS201649	3	t
4540	9	2025	50000.00	0.00	0.00	0.00	BANQUE	0.00	0.00	0.00	0.00	0.00	0.00	0.00			0.00	0.00	50000.00	0.00	0.00	0.00	25000.00			0.00	t	2026-04-14 01:52:46.677+01	2026-04-14 01:52:46.677005+01	AS201651	3	f
4541	9	2025	250000.00	0.00	0.00	0.00	BANQUE	0.00	0.00	0.00	0.00	0.00	0.00	0.00			0.00	0.00	250000.00	0.00	0.00	0.00	25000.00			0.00	t	2026-04-14 01:52:46.680537+01	2026-04-14 01:52:46.680543+01	AS201653	3	f
4542	9	2025	50000.00	61000.00	0.00	0.00	BANQUE	0.00	0.00	0.00	0.00	0.00	0.00	0.00			0.00	0.00	111000.00	3000.00	0.00	0.00	22000.00			0.00	t	2026-04-14 01:52:46.684922+01	2026-04-14 01:52:46.684927+01	AS201654	3	t
4543	9	2025	50000.00	0.00	0.00	0.00	BANQUE	0.00	0.00	0.00	0.00	0.00	0.00	0.00			0.00	0.00	50000.00	0.00	0.00	0.00	25000.00			0.00	t	2026-04-14 01:52:46.688457+01	2026-04-14 01:52:46.688462+01	AS201656	3	f
4544	9	2025	50000.00	0.00	0.00	0.00	BANQUE	0.00	0.00	0.00	0.00	0.00	0.00	0.00			0.00	0.00	109000.00	0.00	0.00	0.00	25000.00			0.00	t	2026-04-14 01:52:46.69203+01	2026-04-14 01:52:46.692035+01	AS201657	3	f
4545	9	2025	232000.00	0.00	0.00	0.00	BANQUE	0.00	0.00	0.00	0.00	0.00	0.00	0.00			0.00	0.00	232000.00	0.00	0.00	0.00	30000.00			0.00	t	2026-04-14 01:52:46.695582+01	2026-04-14 01:52:46.695587+01	AS201658	3	f
4546	9	2025	50000.00	0.00	0.00	0.00	BANQUE	0.00	0.00	0.00	0.00	0.00	0.00	0.00			0.00	0.00	50000.00	0.00	0.00	0.00	25000.00			0.00	t	2026-04-14 01:52:46.698344+01	2026-04-14 01:52:46.698349+01	AS201629	3	f
4547	9	2025	250000.00	0.00	0.00	0.00	BANQUE	0.00	0.00	0.00	0.00	0.00	0.00	0.00			0.00	0.00	250000.00	0.00	0.00	0.00	25000.00			0.00	t	2026-04-14 01:52:46.701122+01	2026-04-14 01:52:46.701128+01	AS201659	3	f
4548	9	2025	150000.00	0.00	0.00	0.00	BANQUE	0.00	0.00	0.00	0.00	0.00	0.00	0.00			0.00	0.00	150000.00	0.00	0.00	0.00	25000.00			0.00	t	2026-04-14 01:52:46.704712+01	2026-04-14 01:52:46.704718+01	AS201660	3	f
4549	9	2025	50000.00	0.00	0.00	0.00	BANQUE	0.00	0.00	0.00	0.00	0.00	0.00	0.00			0.00	0.00	50000.00	0.00	0.00	0.00	25000.00			0.00	t	2026-04-14 01:52:46.707584+01	2026-04-14 01:52:46.707589+01	AS201661	3	f
4550	9	2025	50000.00	0.00	0.00	0.00	BANQUE	0.00	0.00	0.00	0.00	0.00	0.00	0.00			0.00	0.00	50000.00	0.00	0.00	0.00	25000.00			0.00	t	2026-04-14 01:52:46.711129+01	2026-04-14 01:52:46.711135+01	AS201662	3	f
4551	9	2025	150000.00	0.00	0.00	0.00	BANQUE	0.00	120000.00	175000.00	0.00	0.00	0.00	0.00			0.00	0.00	950000.00	0.00	0.00	0.00	825000.00			0.00	t	2026-04-14 01:52:46.713876+01	2026-04-14 01:52:46.713881+01	AS201663	3	f
4552	10	2025	250000.00	0.00	0.00	0.00	BANQUE	0.00	0.00	0.00	0.00	0.00	0.00	0.00			0.00	0.00	250000.00	0.00	0.00	0.00	0.00			0.00	t	2026-04-14 01:52:46.739459+01	2026-04-14 01:52:46.739466+01	AS201648	3	f
4553	10	2025	0.00	50000.00	0.00	0.00	ESPECES	0.00	0.00	0.00	0.00	0.00	0.00	0.00			0.00	0.00	50000.00	0.00	0.00	0.00	25000.00			0.00	t	2026-04-14 01:52:46.74395+01	2026-04-14 01:52:46.743955+01	AS201601	3	f
4554	10	2025	125000.00	101000.00	0.00	0.00	BANQUE	0.00	0.00	0.00	0.00	0.00	500000.00	500000.00			0.00	0.00	726000.00	0.00	0.00	0.00	25000.00			0.00	t	2026-04-14 01:52:46.748498+01	2026-04-14 01:52:46.748503+01	AS201602	3	f
4555	10	2025	0.00	426500.00	0.00	0.00	ESPECES	0.00	0.00	0.00	0.00	0.00	0.00	0.00			0.00	0.00	426500.00	0.00	0.00	0.00	25000.00			0.00	t	2026-04-14 01:52:46.752136+01	2026-04-14 01:52:46.752142+01	AS201604	3	f
4556	10	2025	150000.00	205500.00	0.00	0.00	BANQUE	0.00	0.00	0.00	0.00	0.00	0.00	0.00			0.00	0.00	356500.00	3000.00	0.00	0.00	25000.00			0.00	t	2026-04-14 01:52:46.756524+01	2026-04-14 01:52:46.75653+01	AS201605	3	t
4557	10	2025	1125000.00	0.00	0.00	0.00	BANQUE	0.00	0.00	0.00	0.00	0.00	150000.00	1000000.00			0.00	0.00	1273500.00	0.00	0.00	0.00	48500.00			0.00	t	2026-04-14 01:52:46.760884+01	2026-04-14 01:52:46.76089+01	AS201608	3	f
4558	10	2025	50000.00	0.00	0.00	0.00	BANQUE	0.00	0.00	0.00	0.00	0.00	0.00	0.00			0.00	0.00	50000.00	3000.00	0.00	0.00	22000.00			0.00	t	2026-04-14 01:52:46.7644+01	2026-04-14 01:52:46.764405+01	AS201609	3	t
4559	10	2025	125000.00	0.00	0.00	0.00	BANQUE	0.00	0.00	0.00	0.00	0.00	0.00	0.00			0.00	0.00	125000.00	0.00	0.00	0.00	25000.00			0.00	t	2026-04-14 01:52:46.7688+01	2026-04-14 01:52:46.768806+01	AS201611	3	f
4560	10	2025	351500.00	0.00	0.00	0.00	BANQUE	0.00	0.00	0.00	0.00	0.00	400000.00	400000.00			0.00	0.00	751500.00	0.00	0.00	0.00	50000.00			0.00	t	2026-04-14 01:52:46.773173+01	2026-04-14 01:52:46.773179+01	AS201613	3	f
4561	10	2025	100000.00	50000.00	0.00	0.00	BANQUE	0.00	0.00	0.00	0.00	0.00	0.00	0.00			0.00	0.00	150000.00	0.00	0.00	0.00	25000.00			0.00	t	2026-04-14 01:52:46.77677+01	2026-04-14 01:52:46.776775+01	AS201617	3	f
4562	10	2025	0.00	336000.00	0.00	0.00	ESPECES	0.00	0.00	0.00	0.00	0.00	0.00	0.00			0.00	0.00	437000.00	3000.00	0.00	0.00	32000.00			0.00	t	2026-04-14 01:52:46.781153+01	2026-04-14 01:52:46.781158+01	AS201619	3	t
4563	10	2025	0.00	0.00	0.00	0.00	ECHEC	0.00	0.00	0.00	0.00	0.00	0.00	0.00			0.00	0.00	0.00	0.00	0.00	0.00	0.00			0.00	t	2026-04-14 01:52:46.785502+01	2026-04-14 01:52:46.785508+01	AS201620	3	f
4564	10	2025	125000.00	0.00	0.00	0.00	BANQUE	0.00	0.00	0.00	0.00	0.00	0.00	0.00			0.00	0.00	125000.00	0.00	0.00	0.00	25000.00			0.00	t	2026-04-14 01:52:46.789841+01	2026-04-14 01:52:46.789846+01	AS201621	3	f
4565	10	2025	275000.00	102500.00	0.00	0.00	BANQUE	0.00	0.00	0.00	0.00	0.00	500000.00	500000.00			0.00	0.00	862500.00	0.00	0.00	0.00	35000.00			0.00	t	2026-04-14 01:52:46.793438+01	2026-04-14 01:52:46.793444+01	AS201622	3	f
4566	10	2025	240000.00	237500.00	0.00	0.00	BANQUE	0.00	0.00	0.00	0.00	0.00	0.00	0.00			0.00	0.00	341000.00	0.00	0.00	0.00	40000.00			0.00	t	2026-04-14 01:52:46.797747+01	2026-04-14 01:52:46.797752+01	AS201624	3	f
4567	10	2025	460000.00	0.00	0.00	0.00	BANQUE	0.00	0.00	0.00	0.00	0.00	0.00	0.00			0.00	0.00	460000.00	0.00	0.00	0.00	30000.00			0.00	t	2026-04-14 01:52:46.802203+01	2026-04-14 01:52:46.802209+01	AS201626	3	f
4568	10	2025	50000.00	0.00	0.00	0.00	BANQUE	0.00	0.00	0.00	0.00	0.00	1000000.00	1000000.00			0.00	0.00	1050000.00	0.00	0.00	0.00	25000.00			0.00	t	2026-04-14 01:52:46.806649+01	2026-04-14 01:52:46.806654+01	AS201628	3	f
4569	10	2025	125000.00	0.00	0.00	0.00	BANQUE	0.00	0.00	0.00	0.00	0.00	0.00	0.00			0.00	0.00	125000.00	0.00	0.00	0.00	25000.00			0.00	t	2026-04-14 01:52:46.810306+01	2026-04-14 01:52:46.810311+01	AS201633	3	f
4570	10	2025	0.00	500000.00	0.00	0.00	ESPECES	0.00	0.00	0.00	0.00	0.00	0.00	500000.00			0.00	0.00	530500.00	0.00	0.00	0.00	0.00			0.00	t	2026-04-14 01:52:46.813119+01	2026-04-14 01:52:46.813124+01	AS201638	3	f
4571	10	2025	50000.00	0.00	0.00	0.00	BANQUE	0.00	0.00	0.00	0.00	0.00	0.00	0.00			0.00	0.00	50000.00	0.00	0.00	0.00	25000.00			0.00	t	2026-04-14 01:52:46.815884+01	2026-04-14 01:52:46.81589+01	AS201639	3	f
4572	10	2025	125000.00	202500.00	0.00	0.00	BANQUE	0.00	0.00	0.00	0.00	0.00	0.00	0.00			0.00	0.00	327500.00	0.00	0.00	0.00	25000.00			0.00	t	2026-04-14 01:52:46.819435+01	2026-04-14 01:52:46.819441+01	AS201641	3	f
4573	10	2025	50000.00	0.00	0.00	0.00	BANQUE	0.00	0.00	0.00	0.00	0.00	0.00	0.00			0.00	0.00	50000.00	0.00	0.00	0.00	25000.00			0.00	t	2026-04-14 01:52:46.823005+01	2026-04-14 01:52:46.823011+01	AS201643	3	f
4574	10	2025	50000.00	0.00	0.00	0.00	BANQUE	0.00	0.00	0.00	0.00	0.00	0.00	0.00			0.00	0.00	50000.00	0.00	0.00	0.00	25000.00			0.00	t	2026-04-14 01:52:46.826594+01	2026-04-14 01:52:46.8266+01	AS201646	3	f
4575	10	2025	225000.00	0.00	0.00	0.00	BANQUE	0.00	0.00	0.00	0.00	0.00	0.00	0.00			0.00	0.00	225000.00	0.00	0.00	0.00	25000.00			0.00	t	2026-04-14 01:52:46.830179+01	2026-04-14 01:52:46.830184+01	AS201647	3	f
4576	10	2025	428500.00	205000.00	0.00	0.00	BANQUE	0.00	0.00	0.00	0.00	0.00	1000000.00	1000000.00			0.00	0.00	1633500.00	3000.00	0.00	0.00	27500.00			0.00	t	2026-04-14 01:52:46.833749+01	2026-04-14 01:52:46.833754+01	AS201649	3	t
4577	10	2025	50000.00	0.00	0.00	0.00	BANQUE	0.00	0.00	0.00	0.00	0.00	0.00	0.00			0.00	0.00	50000.00	0.00	0.00	0.00	25000.00			0.00	t	2026-04-14 01:52:46.837349+01	2026-04-14 01:52:46.837354+01	AS201651	3	f
4578	10	2025	250000.00	206500.00	0.00	0.00	BANQUE	0.00	0.00	0.00	0.00	0.00	1000000.00	1000000.00			0.00	0.00	1456500.00	3000.00	0.00	0.00	25000.00			0.00	t	2026-04-14 01:52:46.840972+01	2026-04-14 01:52:46.840978+01	AS201653	3	t
4579	10	2025	50000.00	0.00	0.00	0.00	BANQUE	0.00	0.00	0.00	0.00	0.00	0.00	0.00			0.00	0.00	50000.00	0.00	0.00	0.00	25000.00			0.00	t	2026-04-14 01:52:46.845344+01	2026-04-14 01:52:46.845349+01	AS201654	3	f
4580	10	2025	50000.00	0.00	0.00	0.00	BANQUE	0.00	0.00	0.00	0.00	0.00	0.00	0.00			0.00	0.00	50000.00	0.00	0.00	0.00	25000.00			0.00	t	2026-04-14 01:52:46.848943+01	2026-04-14 01:52:46.848948+01	AS201656	3	f
4581	10	2025	50000.00	0.00	0.00	0.00	BANQUE	0.00	0.00	0.00	0.00	0.00	0.00	0.00			0.00	0.00	109000.00	0.00	0.00	0.00	25000.00			0.00	t	2026-04-14 01:52:46.852546+01	2026-04-14 01:52:46.852551+01	AS201657	3	f
4582	10	2025	125000.00	0.00	0.00	0.00	BANQUE	0.00	0.00	0.00	0.00	0.00	0.00	0.00			0.00	0.00	125000.00	0.00	0.00	0.00	25000.00			0.00	t	2026-04-14 01:52:46.85617+01	2026-04-14 01:52:46.856175+01	AS201658	3	f
4583	10	2025	50000.00	0.00	0.00	0.00	BANQUE	0.00	0.00	0.00	0.00	0.00	0.00	0.00			0.00	0.00	50000.00	0.00	0.00	0.00	25000.00			0.00	t	2026-04-14 01:52:46.859033+01	2026-04-14 01:52:46.859038+01	AS201629	3	f
4584	10	2025	0.00	253000.00	0.00	0.00	ESPECES	0.00	0.00	0.00	0.00	0.00	0.00	0.00			0.00	0.00	253000.00	3000.00	0.00	0.00	25000.00			0.00	t	2026-04-14 01:52:46.86213+01	2026-04-14 01:52:46.862139+01	AS201659	3	t
4585	10	2025	150000.00	0.00	0.00	0.00	BANQUE	0.00	0.00	0.00	0.00	0.00	0.00	0.00			0.00	0.00	150000.00	0.00	0.00	0.00	25000.00			0.00	t	2026-04-14 01:52:46.868404+01	2026-04-14 01:52:46.868414+01	AS201660	3	f
4586	10	2025	50000.00	0.00	0.00	0.00	BANQUE	0.00	0.00	0.00	0.00	0.00	0.00	0.00			0.00	0.00	50000.00	0.00	0.00	0.00	25000.00			0.00	t	2026-04-14 01:52:46.87328+01	2026-04-14 01:52:46.873314+01	AS201661	3	f
4587	10	2025	0.00	50000.00	0.00	0.00	ESPECES	0.00	0.00	0.00	0.00	0.00	0.00	0.00			0.00	0.00	50000.00	3000.00	0.00	0.00	22000.00			0.00	t	2026-04-14 01:52:46.877383+01	2026-04-14 01:52:46.877389+01	AS201662	3	t
4588	10	2025	150000.00	0.00	0.00	0.00	BANQUE	0.00	0.00	0.00	0.00	0.00	0.00	0.00			0.00	0.00	150000.00	0.00	0.00	0.00	25000.00			0.00	t	2026-04-14 01:52:46.880181+01	2026-04-14 01:52:46.880186+01	AS201663	3	f
4589	11	2025	250000.00	0.00	0.00	0.00	BANQUE	0.00	0.00	0.00	0.00	0.00	0.00	0.00			0.00	0.00	250000.00	0.00	0.00	0.00	0.00			0.00	t	2026-04-14 01:52:46.936095+01	2026-04-14 01:52:46.936103+01	AS201648	3	f
4590	11	2025	0.00	50000.00	0.00	0.00	ESPECES	0.00	0.00	0.00	0.00	0.00	0.00	0.00			0.00	0.00	50000.00	0.00	0.00	0.00	25000.00			0.00	t	2026-04-14 01:52:46.941265+01	2026-04-14 01:52:46.941275+01	AS201601	3	f
4591	11	2025	378000.00	0.00	0.00	0.00	BANQUE	0.00	0.00	0.00	0.00	0.00	0.00	0.00			0.00	0.00	377500.00	0.00	0.00	0.00	25000.00			0.00	t	2026-04-14 01:52:46.949267+01	2026-04-14 01:52:46.949277+01	AS201602	3	f
4592	11	2025	100000.00	404500.00	0.00	0.00	BANQUE	0.00	0.00	0.00	0.00	0.00	0.00	0.00			0.00	0.00	504500.00	0.00	0.00	0.00	25000.00			0.00	t	2026-04-14 01:52:46.956751+01	2026-04-14 01:52:46.95676+01	AS201604	3	f
4593	11	2025	150000.00	0.00	0.00	0.00	BANQUE	0.00	0.00	0.00	0.00	0.00	0.00	0.00			0.00	0.00	366000.00	0.00	0.00	0.00	25000.00			0.00	t	2026-04-14 01:52:46.964695+01	2026-04-14 01:52:46.964703+01	AS201605	3	f
4594	11	2025	600000.00	0.00	0.00	0.00	BANQUE	0.00	0.00	0.00	0.00	0.00	0.00	150000.00			0.00	0.00	600000.00	0.00	0.00	0.00	225000.00			0.00	t	2026-04-14 01:52:46.969646+01	2026-04-14 01:52:46.969652+01	AS201608	3	f
4595	11	2025	50000.00	0.00	0.00	0.00	BANQUE	0.00	0.00	0.00	0.00	0.00	0.00	0.00			0.00	0.00	50000.00	0.00	0.00	0.00	25000.00			0.00	t	2026-04-14 01:52:46.973751+01	2026-04-14 01:52:46.973756+01	AS201609	3	f
4596	11	2025	125000.00	0.00	0.00	0.00	BANQUE	0.00	0.00	0.00	0.00	0.00	0.00	0.00			0.00	0.00	125000.00	0.00	0.00	0.00	25000.00			0.00	t	2026-04-14 01:52:46.97812+01	2026-04-14 01:52:46.978126+01	AS201611	3	f
4597	11	2025	395500.00	50500.00	0.00	0.00	BANQUE	0.00	0.00	0.00	0.00	0.00	400000.00	400000.00			0.00	0.00	791500.00	0.00	0.00	0.00	40000.00			0.00	t	2026-04-14 01:52:46.9827+01	2026-04-14 01:52:46.982709+01	AS201613	3	f
4598	11	2025	0.00	150000.00	0.00	0.00	ESPECES	0.00	0.00	0.00	0.00	0.00	0.00	0.00			0.00	0.00	303500.00	3000.00	0.00	0.00	22000.00			0.00	t	2026-04-14 01:52:46.986605+01	2026-04-14 01:52:46.986613+01	AS201617	3	t
4599	11	2025	335000.00	0.00	0.00	0.00	BANQUE	0.00	0.00	0.00	0.00	0.00	0.00	0.00			0.00	0.00	232000.00	0.00	0.00	0.00	32000.00			0.00	t	2026-04-14 01:52:46.995341+01	2026-04-14 01:52:46.995352+01	AS201619	3	f
4600	11	2025	0.00	0.00	0.00	0.00	ECHEC	0.00	0.00	0.00	0.00	0.00	0.00	0.00			0.00	0.00	0.00	0.00	0.00	0.00	0.00			0.00	t	2026-04-14 01:52:47.004757+01	2026-04-14 01:52:47.004766+01	AS201620	3	f
4601	11	2025	125000.00	0.00	0.00	0.00	BANQUE	0.00	0.00	0.00	0.00	0.00	0.00	0.00			0.00	0.00	125000.00	0.00	0.00	0.00	25000.00			0.00	t	2026-04-14 01:52:47.0141+01	2026-04-14 01:52:47.01411+01	AS201621	3	f
4602	11	2025	362500.00	0.00	0.00	0.00	BANQUE	0.00	0.00	0.00	0.00	0.00	0.00	0.00			0.00	0.00	362500.00	0.00	0.00	0.00	35000.00			0.00	t	2026-04-14 01:52:47.020845+01	2026-04-14 01:52:47.020855+01	AS201622	3	f
4603	11	2025	240000.00	0.00	0.00	0.00	BANQUE	0.00	0.00	0.00	0.00	0.00	0.00	0.00			0.00	0.00	341500.00	0.00	0.00	0.00	40000.00			0.00	t	2026-04-14 01:52:47.027849+01	2026-04-14 01:52:47.027856+01	AS201624	3	f
4604	11	2025	410500.00	0.00	0.00	0.00	BANQUE	0.00	0.00	0.00	0.00	0.00	0.00	0.00			0.00	0.00	410500.00	0.00	0.00	0.00	32500.00			0.00	t	2026-04-14 01:52:47.031513+01	2026-04-14 01:52:47.031518+01	AS201626	3	f
4605	11	2025	100500.00	0.00	0.00	0.00	BANQUE	0.00	0.00	0.00	0.00	0.00	0.00	0.00			0.00	0.00	99500.00	0.00	0.00	0.00	24000.00			0.00	t	2026-04-14 01:52:47.036418+01	2026-04-14 01:52:47.036423+01	AS201628	3	f
4606	11	2025	125000.00	0.00	0.00	0.00	BANQUE	0.00	0.00	0.00	0.00	0.00	0.00	0.00			0.00	0.00	125000.00	0.00	0.00	0.00	25000.00			0.00	t	2026-04-14 01:52:47.040069+01	2026-04-14 01:52:47.040074+01	AS201633	3	f
4607	11	2025	0.00	0.00	0.00	0.00	ECHEC	0.00	0.00	0.00	0.00	0.00	0.00	0.00			0.00	0.00	30500.00	0.00	0.00	0.00	0.00			0.00	t	2026-04-14 01:52:47.04292+01	2026-04-14 01:52:47.042925+01	AS201638	3	f
4608	11	2025	50000.00	0.00	0.00	0.00	BANQUE	0.00	0.00	0.00	0.00	0.00	0.00	0.00			0.00	0.00	50000.00	0.00	0.00	0.00	25000.00			0.00	t	2026-04-14 01:52:47.045631+01	2026-04-14 01:52:47.045636+01	AS201639	3	f
4609	11	2025	277000.00	0.00	0.00	0.00	BANQUE	0.00	0.00	0.00	0.00	0.00	0.00	0.00			0.00	0.00	277000.00	0.00	0.00	0.00	25000.00			0.00	t	2026-04-14 01:52:47.049177+01	2026-04-14 01:52:47.049182+01	AS201641	3	f
4610	11	2025	50000.00	0.00	0.00	0.00	BANQUE	0.00	0.00	0.00	0.00	0.00	0.00	0.00			0.00	0.00	267500.00	0.00	0.00	0.00	242500.00			0.00	t	2026-04-14 01:52:47.052734+01	2026-04-14 01:52:47.052739+01	AS201643	3	f
4611	11	2025	50000.00	0.00	0.00	0.00	BANQUE	0.00	0.00	0.00	0.00	0.00	0.00	0.00			0.00	0.00	47000.00	0.00	0.00	0.00	22000.00			0.00	t	2026-04-14 01:52:47.056247+01	2026-04-14 01:52:47.056252+01	AS201646	3	f
4612	11	2025	225000.00	0.00	0.00	0.00	BANQUE	0.00	0.00	0.00	0.00	0.00	0.00	0.00			0.00	0.00	225000.00	0.00	0.00	0.00	25000.00			0.00	t	2026-04-14 01:52:47.059729+01	2026-04-14 01:52:47.059734+01	AS201647	3	f
4613	11	2025	784400.00	0.00	0.00	0.00	BANQUE	0.00	0.00	0.00	0.00	0.00	0.00	0.00			0.00	0.00	784400.00	0.00	0.00	0.00	25400.00			0.00	t	2026-04-14 01:52:47.063226+01	2026-04-14 01:52:47.063231+01	AS201649	3	f
4614	11	2025	50000.00	0.00	0.00	0.00	BANQUE	0.00	0.00	0.00	0.00	0.00	0.00	0.00			0.00	0.00	50000.00	0.00	0.00	0.00	25000.00			0.00	t	2026-04-14 01:52:47.066797+01	2026-04-14 01:52:47.066802+01	AS201651	3	f
4615	11	2025	508000.00	0.00	0.00	0.00	BANQUE	0.00	0.00	0.00	0.00	0.00	0.00	0.00			0.00	0.00	508000.00	0.00	0.00	0.00	25000.00			0.00	t	2026-04-14 01:52:47.070388+01	2026-04-14 01:52:47.070394+01	AS201653	3	f
4616	11	2025	101000.00	0.00	0.00	0.00	BANQUE	0.00	0.00	0.00	0.00	0.00	0.00	0.00			0.00	0.00	101000.00	0.00	0.00	0.00	25000.00			0.00	t	2026-04-14 01:52:47.074644+01	2026-04-14 01:52:47.074648+01	AS201654	3	f
4617	11	2025	50000.00	150000.00	0.00	0.00	BANQUE	0.00	0.00	0.00	0.00	0.00	250000.00	150000.00			0.00	0.00	200000.00	0.00	0.00	0.00	25000.00			0.00	t	2026-04-14 01:52:47.078161+01	2026-04-14 01:52:47.078167+01	AS201656	3	f
4618	11	2025	50000.00	0.00	0.00	0.00	BANQUE	0.00	0.00	0.00	0.00	0.00	0.00	0.00			0.00	0.00	109000.00	0.00	0.00	0.00	25000.00			0.00	t	2026-04-14 01:52:47.081672+01	2026-04-14 01:52:47.081677+01	AS201657	3	f
4619	11	2025	125000.00	152500.00	0.00	0.00	BANQUE	0.00	0.00	0.00	0.00	0.00	0.00	892500.00			0.00	0.00	1170000.00	0.00	0.00	0.00	25000.00			0.00	t	2026-04-14 01:52:47.085364+01	2026-04-14 01:52:47.085369+01	AS201658	3	f
4620	11	2025	0.00	50000.00	0.00	0.00	ESPECES	0.00	0.00	0.00	0.00	0.00	0.00	0.00			0.00	0.00	50000.00	3000.00	0.00	0.00	22000.00			0.00	t	2026-04-14 01:52:47.090252+01	2026-04-14 01:52:47.090264+01	AS201629	3	t
4621	11	2025	0.00	253000.00	0.00	0.00	ESPECES	0.00	0.00	0.00	0.00	0.00	0.00	0.00			0.00	0.00	253000.00	3000.00	0.00	0.00	25000.00			0.00	t	2026-04-14 01:52:47.095554+01	2026-04-14 01:52:47.09556+01	AS201659	3	t
4622	11	2025	150000.00	102500.00	0.00	0.00	BANQUE	0.00	0.00	0.00	0.00	0.00	0.00	0.00			0.00	0.00	252500.00	0.00	0.00	0.00	25000.00			0.00	t	2026-04-14 01:52:47.099552+01	2026-04-14 01:52:47.099557+01	AS201660	3	f
4623	11	2025	50000.00	0.00	0.00	0.00	BANQUE	0.00	0.00	0.00	0.00	0.00	0.00	0.00			0.00	0.00	101000.00	0.00	0.00	0.00	25000.00			0.00	t	2026-04-14 01:52:47.102607+01	2026-04-14 01:52:47.102612+01	AS201661	3	f
4624	11	2025	0.00	50000.00	0.00	0.00	ESPECES	0.00	0.00	0.00	0.00	0.00	0.00	0.00			0.00	0.00	50000.00	3000.00	0.00	0.00	22000.00			0.00	t	2026-04-14 01:52:47.106552+01	2026-04-14 01:52:47.106557+01	AS201662	3	t
4625	11	2025	150000.00	0.00	0.00	0.00	BANQUE	0.00	0.00	0.00	0.00	0.00	0.00	0.00			0.00	0.00	150000.00	0.00	0.00	0.00	25000.00			0.00	t	2026-04-14 01:52:47.109625+01	2026-04-14 01:52:47.10963+01	AS201663	3	f
4626	12	2025	250000.00	80000.00	0.00	0.00	BANQUE	0.00	0.00	0.00	0.00	0.00	0.00	0.00			0.00	0.00	250000.00	0.00	0.00	0.00	0.00			0.00	t	2026-04-14 01:52:47.196201+01	2026-04-14 01:52:47.196211+01	AS201648	3	f
4627	12	2025	0.00	1050000.00	0.00	0.00	ESPECES	0.00	0.00	0.00	0.00	0.00	1000000.00	1000000.00			0.00	0.00	1050000.00	0.00	0.00	0.00	25000.00			0.00	t	2026-04-14 01:52:47.199409+01	2026-04-14 01:52:47.199416+01	AS201601	3	f
4628	12	2025	125000.00	500000.00	0.00	0.00	BANQUE	0.00	0.00	0.00	0.00	0.00	500000.00	500000.00			0.00	0.00	625000.00	0.00	0.00	0.00	25000.00			0.00	t	2026-04-14 01:52:47.203416+01	2026-04-14 01:52:47.203422+01	AS201602	3	f
4629	12	2025	0.00	1457000.00	0.00	0.00	ESPECES	0.00	0.00	0.00	0.00	0.00	1000000.00	1000000.00			0.00	0.00	1457000.00	0.00	0.00	0.00	25000.00			0.00	t	2026-04-14 01:52:47.207465+01	2026-04-14 01:52:47.207471+01	AS201604	3	f
4630	12	2025	0.00	1101500.00	0.00	0.00	ESPECES	0.00	0.00	0.00	0.00	0.00	1000000.00	1000000.00			0.00	0.00	1370000.00	0.00	0.00	0.00	25000.00			0.00	t	2026-04-14 01:52:47.212426+01	2026-04-14 01:52:47.212432+01	AS201605	3	f
4631	12	2025	260000.00	101500.00	0.00	0.00	BANQUE	0.00	0.00	0.00	0.00	0.00	1000000.00	0.00			0.00	0.00	361500.00	0.00	0.00	0.00	35000.00			0.00	t	2026-04-14 01:52:47.217358+01	2026-04-14 01:52:47.217364+01	AS201608	3	f
4632	12	2025	0.00	50000.00	0.00	0.00	ESPECES	0.00	0.00	0.00	0.00	0.00	0.00	0.00			0.00	0.00	50000.00	0.00	0.00	0.00	25000.00			0.00	t	2026-04-14 01:52:47.221348+01	2026-04-14 01:52:47.221353+01	AS201609	3	f
4633	12	2025	125000.00	26000.00	0.00	0.00	BANQUE	0.00	0.00	0.00	0.00	0.00	0.00	0.00			0.00	0.00	125000.00	0.00	0.00	0.00	25000.00			0.00	t	2026-04-14 01:52:47.226476+01	2026-04-14 01:52:47.226482+01	AS201611	3	f
4634	12	2025	250000.00	603000.00	0.00	0.00	BANQUE	0.00	0.00	0.00	0.00	0.00	400000.00	400000.00			0.00	0.00	853000.00	0.00	0.00	0.00	50000.00			0.00	t	2026-04-14 01:52:47.231395+01	2026-04-14 01:52:47.2314+01	AS201613	3	f
4635	12	2025	250000.00	20000.00	0.00	0.00	BANQUE	0.00	0.00	0.00	0.00	0.00	500000.00	500000.00			0.00	0.00	913500.00	0.00	0.00	0.00	25000.00			0.00	t	2026-04-14 01:52:47.23538+01	2026-04-14 01:52:47.235386+01	AS201617	3	f
4636	12	2025	208000.00	1235000.00	0.00	0.00	BANQUE	0.00	0.00	0.00	0.00	0.00	1000000.00	1000000.00			0.00	0.00	1443000.00	0.00	0.00	0.00	35000.00			0.00	t	2026-04-14 01:52:47.240417+01	2026-04-14 01:52:47.240423+01	AS201619	3	f
4637	12	2025	0.00	50000.00	0.00	0.00	ECHEC	0.00	0.00	0.00	0.00	0.00	0.00	0.00			0.00	0.00	0.00	0.00	0.00	0.00	0.00			0.00	t	2026-04-14 01:52:47.245283+01	2026-04-14 01:52:47.245289+01	AS201620	3	f
4638	12	2025	125000.00	26000.00	0.00	0.00	BANQUE	0.00	0.00	0.00	0.00	0.00	900000.00	900000.00			0.00	0.00	1025000.00	0.00	0.00	0.00	25000.00			0.00	t	2026-04-14 01:52:47.250362+01	2026-04-14 01:52:47.250368+01	AS201621	3	f
4639	12	2025	760000.00	203000.00	0.00	0.00	BANQUE	0.00	0.00	0.00	0.00	0.00	500000.00	500000.00			0.00	0.00	963000.00	0.00	0.00	0.00	35000.00			0.00	t	2026-04-14 01:52:47.254369+01	2026-04-14 01:52:47.254375+01	AS201622	3	f
4640	12	2025	1550000.00	0.00	0.00	0.00	BANQUE	0.00	0.00	0.00	0.00	0.00	1000000.00	1000000.00			0.00	0.00	1550000.00	0.00	0.00	0.00	42500.00			0.00	t	2026-04-14 01:52:47.259433+01	2026-04-14 01:52:47.259439+01	AS201624	3	f
4641	12	2025	450000.00	0.00	0.00	0.00	BANQUE	0.00	0.00	0.00	0.00	0.00	1000000.00	0.00			0.00	0.00	450000.00	0.00	0.00	0.00	18500.00			0.00	t	2026-04-14 01:52:47.263538+01	2026-04-14 01:52:47.263543+01	AS201626	3	f
4642	12	2025	51500.00	1050000.00	0.00	0.00	BANQUE	0.00	0.00	0.00	0.00	0.00	1000000.00	1000000.00			0.00	0.00	1101500.00	0.00	0.00	0.00	25000.00			0.00	t	2026-04-14 01:52:47.268574+01	2026-04-14 01:52:47.268579+01	AS201628	3	f
4643	12	2025	125000.00	0.00	0.00	0.00	BANQUE	0.00	0.00	0.00	0.00	0.00	0.00	0.00			0.00	0.00	125000.00	0.00	0.00	0.00	25000.00			0.00	t	2026-04-14 01:52:47.272648+01	2026-04-14 01:52:47.272654+01	AS201633	3	f
4644	12	2025	0.00	0.00	0.00	0.00	ECHEC	0.00	0.00	0.00	0.00	0.00	0.00	500000.00			0.00	0.00	530500.00	0.00	0.00	0.00	0.00			0.00	t	2026-04-14 01:52:47.275738+01	2026-04-14 01:52:47.275744+01	AS201638	3	f
4645	12	2025	0.00	50000.00	0.00	0.00	ESPECES	0.00	0.00	0.00	0.00	0.00	0.00	0.00			0.00	0.00	50000.00	0.00	0.00	0.00	25000.00			0.00	t	2026-04-14 01:52:47.278801+01	2026-04-14 01:52:47.278806+01	AS201639	3	f
4646	12	2025	125000.00	1000000.00	0.00	0.00	BANQUE	0.00	0.00	0.00	0.00	0.00	1000000.00	1000000.00			0.00	0.00	1125000.00	0.00	0.00	0.00	25000.00			0.00	t	2026-04-14 01:52:47.282743+01	2026-04-14 01:52:47.282749+01	AS201641	3	f
4647	12	2025	50000.00	0.00	0.00	0.00	BANQUE	0.00	0.00	0.00	0.00	0.00	0.00	0.00			0.00	0.00	50000.00	0.00	0.00	0.00	25000.00			0.00	t	2026-04-14 01:52:47.286673+01	2026-04-14 01:52:47.286679+01	AS201643	3	f
4648	12	2025	0.00	50000.00	0.00	0.00	ESPECES	0.00	0.00	0.00	0.00	0.00	0.00	0.00			0.00	0.00	50000.00	0.00	0.00	0.00	25000.00			0.00	t	2026-04-14 01:52:47.290835+01	2026-04-14 01:52:47.29084+01	AS201646	3	f
4649	12	2025	225000.00	0.00	0.00	0.00	BANQUE	0.00	0.00	0.00	0.00	0.00	0.00	0.00			0.00	0.00	225000.00	0.00	0.00	0.00	25000.00			0.00	t	2026-04-14 01:52:47.294747+01	2026-04-14 01:52:47.294753+01	AS201647	3	f
4650	12	2025	0.00	1471000.00	0.00	0.00	ESPECES	0.00	0.00	0.00	0.00	0.00	1000000.00	1000000.00			0.00	0.00	1471000.00	0.00	0.00	0.00	25000.00			0.00	t	2026-04-14 01:52:47.298733+01	2026-04-14 01:52:47.298739+01	AS201649	3	f
4651	12	2025	50000.00	0.00	0.00	0.00	BANQUE	0.00	0.00	0.00	0.00	0.00	0.00	0.00			0.00	0.00	50000.00	0.00	0.00	0.00	25000.00			0.00	t	2026-04-14 01:52:47.302749+01	2026-04-14 01:52:47.302754+01	AS201651	3	f
4652	12	2025	250000.00	1203000.00	0.00	0.00	BANQUE	0.00	0.00	0.00	0.00	0.00	1000000.00	1000000.00			0.00	0.00	1453000.00	0.00	0.00	0.00	25000.00			0.00	t	2026-04-14 01:52:47.306731+01	2026-04-14 01:52:47.306737+01	AS201653	3	f
4653	12	2025	70000.00	1000500.00	0.00	0.00	BANQUE	0.00	0.00	0.00	0.00	0.00	1000000.00	1000000.00			0.00	0.00	1070500.00	0.00	0.00	0.00	25000.00			0.00	t	2026-04-14 01:52:47.311596+01	2026-04-14 01:52:47.311601+01	AS201654	3	f
4654	12	2025	300000.00	0.00	0.00	0.00	BANQUE	0.00	0.00	0.00	0.00	0.00	0.00	250000.00			0.00	0.00	300000.00	0.00	0.00	0.00	25000.00			0.00	t	2026-04-14 01:52:47.315566+01	2026-04-14 01:52:47.315572+01	AS201656	3	f
4655	12	2025	110000.00	0.00	0.00	0.00	BANQUE	0.00	0.00	0.00	0.00	0.00	900000.00	1000000.00			0.00	0.00	1110000.00	0.00	0.00	0.00	26000.00			0.00	t	2026-04-14 01:52:47.319607+01	2026-04-14 01:52:47.319612+01	AS201657	3	f
4656	12	2025	232500.00	0.00	0.00	0.00	BANQUE	0.00	0.00	0.00	0.00	0.00	500000.00	107500.00			0.00	0.00	232500.00	0.00	0.00	0.00	25000.00			0.00	t	2026-04-14 01:52:47.323726+01	2026-04-14 01:52:47.323732+01	AS201658	3	f
4657	12	2025	50000.00	10000.00	0.00	0.00	BANQUE	0.00	0.00	0.00	0.00	0.00	0.00	0.00			0.00	0.00	354500.00	-3000.00	0.00	0.00	332500.00			0.00	t	2026-04-14 01:52:47.326815+01	2026-04-14 01:52:47.32682+01	AS201629	3	f
4658	12	2025	0.00	453000.00	0.00	0.00	ESPECES	0.00	0.00	0.00	0.00	0.00	0.00	0.00			0.00	0.00	453000.00	0.00	0.00	0.00	25000.00			0.00	t	2026-04-14 01:52:47.329803+01	2026-04-14 01:52:47.329808+01	AS201659	3	f
4659	12	2025	1150000.00	3500.00	0.00	0.00	BANQUE	0.00	0.00	0.00	0.00	0.00	1000000.00	1000000.00			0.00	0.00	1253500.00	0.00	0.00	0.00	25000.00			0.00	t	2026-04-14 01:52:47.333797+01	2026-04-14 01:52:47.333804+01	AS201660	3	f
4660	12	2025	50000.00	53000.00	0.00	0.00	BANQUE	0.00	0.00	0.00	0.00	0.00	0.00	0.00			0.00	0.00	103000.00	0.00	0.00	0.00	25000.00			0.00	t	2026-04-14 01:52:47.336863+01	2026-04-14 01:52:47.336869+01	AS201661	3	f
4661	12	2025	50000.00	13300.00	0.00	0.00	BANQUE	0.00	0.00	0.00	0.00	0.00	0.00	0.00			0.00	0.00	347500.00	0.00	0.00	0.00	322500.00			0.00	t	2026-04-14 01:52:47.340969+01	2026-04-14 01:52:47.340975+01	AS201662	3	f
4662	12	2025	150000.00	203000.00	0.00	0.00	BANQUE	0.00	0.00	0.00	0.00	0.00	0.00	0.00			0.00	0.00	353000.00	0.00	0.00	0.00	25000.00			0.00	t	2026-04-14 01:52:47.344076+01	2026-04-14 01:52:47.344081+01	AS201663	3	f
\.


--
-- Data for Name: tontines_niveautontine; Type: TABLE DATA; Schema: public; Owner: postgres
--

COPY public.tontines_niveautontine (id, code, taux_mensuel, versement_mensuel_par_part, diviseur_interet, config_exercice_id) FROM stdin;
16	T35	35000.00	60000.00	35	3
17	T75	75000.00	75000.00	13	3
18	T100	100000.00	100000.00	24	3
21	T100	100000.00	100000.00	17	4
19	T60	35000.00	60000.00	36	4
20	T75	75000.00	75000.00	13	4
\.


--
-- Data for Name: tontines_participationtontine; Type: TABLE DATA; Schema: public; Owner: postgres
--

COPY public.tontines_participationtontine (id, nombre_parts, mode_versement, montant_verse, penalite_especes, penalite_echec, nb_echecs_cumules, en_liste_rouge, complement_epargne, numero_cheque, a_obtenu_lot_principal, montant_lot_principal, interet_lot_principal, vente_petit_lot, interet_petit_lot, remboursement_petit_lot, mode_remboursement_petit_lot, adherent_id, session_id) FROM stdin;
4621	2	BANQUE	150000.00	0.00	0.00	0	f	0.00		t	1785000.00	32000.00	0.00	0.00	0.00		AS201648	182
5611	1	BANQUE	100000.00	0.00	0.00	0	f	0.00		f	0.00	0.00	0.00	0.00	0.00		AS201648	220
5612	1	ESPECES	100000.00	0.00	0.00	0	f	0.00		f	0.00	0.00	0.00	0.00	0.00		AS201604	220
5613	1	BANQUE	100000.00	0.00	0.00	0	f	0.00		f	0.00	0.00	0.00	0.00	0.00		AS201605	220
5614	3	BANQUE	300000.00	0.00	0.00	0	f	0.00		f	0.00	0.00	0.00	0.00	0.00		AS201608	220
5615	1	BANQUE	100000.00	0.00	0.00	0	f	0.00		f	0.00	0.00	0.00	0.00	0.00		AS201613	220
5616	1	BANQUE	100000.00	0.00	0.00	0	f	0.00		f	0.00	0.00	0.00	0.00	0.00		AS201617	220
5617	1	ESPECES	100000.00	0.00	0.00	0	f	0.00		f	0.00	0.00	0.00	0.00	0.00		AS201619	220
5618	1	BANQUE	100000.00	0.00	0.00	0	f	0.00		f	0.00	0.00	0.00	0.00	0.00		AS201649	220
5619	2	BANQUE	200000.00	0.00	0.00	0	f	0.00		f	0.00	0.00	0.00	0.00	0.00		AS201622	220
5547	1	ESPECES	100000.00	0.00	0.00	0	f	0.00		f	0.00	0.00	502000.00	7000.00	509000.00		AS201605	217
5549	1	BANQUE	100000.00	0.00	0.00	0	f	0.00		t	1190000.00	0.00	0.00	0.00	0.00		AS201613	217
5550	1	BANQUE	100000.00	0.00	0.00	0	f	0.00		t	1190000.00	0.00	0.00	0.00	0.00		AS201617	217
5551	1	BANQUE	100000.00	0.00	0.00	0	f	0.00		t	1135000.00	0.00	200000.00	2000.00	202000.00		AS201619	217
5552	1	ESPECES	100000.00	0.00	0.00	0	f	0.00		t	1190000.00	0.00	347500.00	3500.00	351000.00		AS201649	217
5553	2	BANQUE	200000.00	0.00	0.00	0	f	0.00		f	0.00	0.00	0.00	0.00	0.00		AS201622	217
5554	1	BANQUE	100000.00	0.00	0.00	0	f	0.00		f	0.00	0.00	300000.00	3500.00	303500.00		AS201624	217
5555	2	BANQUE	200000.00	0.00	0.00	0	f	0.00		t	1135000.00	0.00	100000.00	1500.00	101500.00		AS201626	217
5556	1	ESPECES	100000.00	0.00	0.00	0	f	0.00		f	0.00	0.00	241000.00	3000.00	244000.00		AS201628	217
5557	2	BANQUE	200000.00	0.00	0.00	0	f	0.00		f	0.00	0.00	0.00	0.00	0.00		AS201653	217
5558	1	BANQUE	100000.00	0.00	0.00	0	f	0.00		f	0.00	0.00	0.00	0.00	0.00		AS201629	217
5559	1	BANQUE	100000.00	0.00	0.00	0	f	0.00		t	1170000.00	0.00	0.00	0.00	0.00		AS201660	217
5560	2	ESPECES	200000.00	0.00	0.00	0	f	0.00		t	1175000.00	0.00	300000.00	3500.00	303500.00		AS201659	217
5561	1	BANQUE	100000.00	0.00	0.00	0	f	0.00		f	0.00	0.00	0.00	0.00	0.00		AS201647	217
5562	1	BANQUE	35000.00	0.00	0.00	0	f	0.00		f	0.00	0.00	0.00	0.00	0.00		AS201601	218
5563	1	BANQUE	35000.00	0.00	0.00	0	f	0.00		f	0.00	0.00	0.00	0.00	0.00		AS201602	218
5564	1	BANQUE	35000.00	0.00	0.00	0	f	0.00		t	404000.00	0.00	0.00	0.00	0.00		AS201604	218
5565	1	BANQUE	35000.00	0.00	0.00	0	f	0.00		t	414000.00	0.00	0.00	0.00	0.00		AS201654	218
5566	1	ESPECES	35000.00	0.00	0.00	0	f	0.00		t	405000.00	0.00	0.00	0.00	0.00		AS201605	218
5567	1	BANQUE	35000.00	0.00	0.00	0	f	0.00		f	0.00	0.00	44000.00	1000.00	45000.00		AS201608	218
5568	1	BANQUE	35000.00	0.00	0.00	0	f	0.00		f	0.00	0.00	0.00	0.00	0.00		AS201651	218
5569	1	BANQUE	35000.00	0.00	0.00	0	f	0.00		f	0.00	0.00	0.00	0.00	0.00		AS201609	218
5570	1	ESPECES	35000.00	0.00	0.00	0	f	0.00		f	0.00	0.00	0.00	0.00	0.00		AS201663	218
5571	1	BANQUE	35000.00	0.00	0.00	0	f	0.00		f	0.00	0.00	0.00	0.00	0.00		AS201610	218
5572	1	BANQUE	35000.00	0.00	0.00	0	f	0.00		f	0.00	0.00	0.00	0.00	0.00		AS201611	218
5573	1	BANQUE	35000.00	0.00	0.00	0	f	0.00		t	407000.00	0.00	0.00	0.00	0.00		AS201613	218
5575	1	BANQUE	35000.00	0.00	0.00	0	f	0.00		f	0.00	0.00	0.00	0.00	0.00		AS201619	218
5576	1	ESPECES	35000.00	0.00	0.00	0	f	0.00		f	0.00	0.00	0.00	0.00	0.00		AS201620	218
5577	1	BANQUE	35000.00	0.00	0.00	0	f	0.00		f	0.00	0.00	0.00	0.00	0.00		AS201661	218
5578	1	ESPECES	35000.00	0.00	0.00	0	f	0.00		t	414000.00	0.00	0.00	0.00	0.00		AS201649	218
5579	1	ESPECES	35000.00	0.00	0.00	0	f	0.00		f	0.00	0.00	0.00	0.00	0.00		AS201639	218
5580	1	BANQUE	35000.00	0.00	0.00	0	f	0.00		f	0.00	0.00	0.00	0.00	0.00		AS201621	218
5581	1	BANQUE	35000.00	0.00	0.00	0	f	0.00		f	0.00	0.00	0.00	0.00	0.00		AS201622	218
5582	1	BANQUE	35000.00	0.00	0.00	0	f	0.00		t	407000.00	0.00	0.00	0.00	0.00		AS201624	218
5583	1	BANQUE	35000.00	0.00	0.00	0	f	0.00		t	406000.00	0.00	0.00	0.00	0.00		AS201626	218
5584	1	ESPECES	35000.00	0.00	0.00	0	f	0.00		t	413000.00	0.00	0.00	0.00	0.00		AS201628	218
5585	1	BANQUE	35000.00	0.00	0.00	0	f	0.00		f	0.00	0.00	0.00	0.00	0.00		AS201656	218
5586	1	BANQUE	35000.00	0.00	0.00	0	f	0.00		f	0.00	0.00	0.00	0.00	0.00		AS201633	218
5587	1	BANQUE	35000.00	0.00	0.00	0	f	0.00		f	0.00	0.00	0.00	0.00	0.00		AS201657	218
5588	1	BANQUE	35000.00	0.00	0.00	0	f	0.00		f	0.00	0.00	0.00	0.00	0.00		AS201653	218
5589	1	BANQUE	35000.00	0.00	0.00	0	f	0.00		f	0.00	0.00	0.00	0.00	0.00		AS201629	218
5590	1	BANQUE	35000.00	0.00	0.00	0	f	0.00		f	0.00	0.00	0.00	0.00	0.00		AS201641	218
5591	1	BANQUE	35000.00	0.00	0.00	0	f	0.00		f	0.00	0.00	0.00	0.00	0.00		AS201660	218
5592	1	BANQUE	35000.00	0.00	0.00	0	f	0.00		f	0.00	0.00	78000.00	6000.00	84000.00		AS201643	218
5593	1	BANQUE	35000.00	0.00	0.00	0	f	0.00		f	0.00	0.00	0.00	0.00	0.00		AS201662	218
5594	1	BANQUE	35000.00	0.00	0.00	0	f	0.00		f	0.00	0.00	0.00	0.00	0.00		AS201658	218
5595	1	ESPECES	35000.00	0.00	0.00	0	f	0.00		f	0.00	0.00	0.00	0.00	0.00		AS201646	218
5596	1	ESPECES	35000.00	0.00	0.00	0	f	0.00		t	409000.00	0.00	0.00	0.00	0.00		AS201659	218
5597	1	BANQUE	35000.00	0.00	0.00	0	f	0.00		f	0.00	0.00	0.00	0.00	0.00		AS201647	218
5598	2	BANQUE	150000.00	0.00	0.00	0	f	0.00		f	0.00	0.00	0.00	0.00	0.00		AS201648	219
5599	1	BANQUE	75000.00	0.00	0.00	0	f	0.00		f	0.00	0.00	100000.00	2000.00	102000.00		AS201602	219
5600	1	BANQUE	75000.00	0.00	0.00	0	f	0.00		f	0.00	0.00	100000.00	2000.00	102000.00		AS201604	219
5601	1	BANQUE	75000.00	0.00	0.00	0	f	0.00		f	0.00	0.00	0.00	0.00	0.00		AS201619	219
5602	1	BANQUE	75000.00	0.00	0.00	0	f	0.00		f	0.00	0.00	0.00	0.00	0.00		AS201611	219
5604	1	BANQUE	75000.00	0.00	0.00	0	f	0.00		f	0.00	0.00	100000.00	2000.00	102000.00		AS201621	219
5605	1	BANQUE	75000.00	0.00	0.00	0	f	0.00		t	892500.00	0.00	0.00	0.00	0.00		AS201626	219
5606	1	BANQUE	75000.00	0.00	0.00	0	f	0.00		t	880000.00	0.00	150000.00	3000.00	153000.00		AS201624	219
5607	1	BANQUE	75000.00	0.00	0.00	0	f	0.00		f	0.00	0.00	0.00	0.00	0.00		AS201633	219
5608	1	BANQUE	75000.00	0.00	0.00	0	f	0.00		t	892500.00	0.00	0.00	0.00	0.00		AS201641	219
5609	1	BANQUE	75000.00	0.00	0.00	0	f	0.00		f	0.00	0.00	211500.00	4000.00	215500.00		AS201658	219
5620	1	ESPECES	100000.00	0.00	0.00	0	f	0.00		f	0.00	0.00	0.00	0.00	0.00		AS201624	220
4624	1	BANQUE	35000.00	0.00	0.00	0	f	0.00		t	297500.00	10000.00	50000.00	500.00	50500.00		AS201602	181
5621	2	BANQUE	200000.00	0.00	0.00	0	f	0.00		f	0.00	0.00	0.00	0.00	0.00		AS201626	220
5622	1	BANQUE	100000.00	0.00	0.00	0	f	0.00		f	0.00	0.00	0.00	0.00	0.00		AS201628	220
5623	2	BANQUE	200000.00	0.00	0.00	0	f	0.00		f	0.00	0.00	0.00	0.00	0.00		AS201653	220
5624	1	BANQUE	100000.00	0.00	0.00	0	f	0.00		f	0.00	0.00	0.00	0.00	0.00		AS201629	220
5625	1	BANQUE	100000.00	0.00	0.00	0	f	0.00		f	0.00	0.00	0.00	0.00	0.00		AS201660	220
5626	2	BANQUE	200000.00	0.00	0.00	0	f	0.00		f	0.00	0.00	0.00	0.00	0.00		AS201659	220
5627	1	BANQUE	100000.00	0.00	0.00	0	f	0.00		f	0.00	0.00	0.00	0.00	0.00		AS201647	220
5628	1	ESPECES	35000.00	0.00	0.00	0	f	0.00		f	0.00	0.00	0.00	0.00	0.00		AS201601	221
5629	1	BANQUE	35000.00	0.00	0.00	0	f	0.00		f	0.00	0.00	0.00	0.00	0.00		AS201602	221
5630	1	ESPECES	35000.00	0.00	0.00	0	f	0.00		f	0.00	0.00	0.00	0.00	0.00		AS201604	221
5631	1	ESPECES	35000.00	0.00	0.00	0	f	0.00		f	0.00	0.00	0.00	0.00	0.00		AS201654	221
5632	1	BANQUE	35000.00	0.00	0.00	0	f	0.00		f	0.00	0.00	0.00	0.00	0.00		AS201605	221
5633	1	BANQUE	35000.00	0.00	0.00	0	f	0.00		f	0.00	0.00	0.00	0.00	0.00		AS201608	221
5634	1	BANQUE	35000.00	0.00	0.00	0	f	0.00		f	0.00	0.00	0.00	0.00	0.00		AS201651	221
5635	1	ESPECES	35000.00	0.00	0.00	0	f	0.00		f	0.00	0.00	0.00	0.00	0.00		AS201609	221
5636	1	BANQUE	35000.00	0.00	0.00	0	f	0.00		f	0.00	0.00	0.00	0.00	0.00		AS201663	221
5637	1	BANQUE	35000.00	0.00	0.00	0	f	0.00		f	0.00	0.00	0.00	0.00	0.00		AS201610	221
5638	1	BANQUE	35000.00	0.00	0.00	0	f	0.00		f	0.00	0.00	0.00	0.00	0.00		AS201611	221
5639	1	BANQUE	35000.00	0.00	0.00	0	f	0.00		f	0.00	0.00	0.00	0.00	0.00		AS201613	221
5640	1	BANQUE	35000.00	0.00	0.00	0	f	0.00		f	0.00	0.00	0.00	0.00	0.00		AS201617	221
5641	1	ESPECES	35000.00	0.00	0.00	0	f	0.00		f	0.00	0.00	0.00	0.00	0.00		AS201619	221
5642	1	BANQUE	35000.00	0.00	0.00	0	f	0.00		f	0.00	0.00	0.00	0.00	0.00		AS201620	221
5643	1	BANQUE	35000.00	0.00	0.00	0	f	0.00		f	0.00	0.00	0.00	0.00	0.00		AS201661	221
5644	1	BANQUE	35000.00	0.00	0.00	0	f	0.00		f	0.00	0.00	0.00	0.00	0.00		AS201649	221
5645	1	BANQUE	35000.00	0.00	0.00	0	f	0.00		f	0.00	0.00	0.00	0.00	0.00		AS201639	221
5646	1	BANQUE	35000.00	0.00	0.00	0	f	0.00		f	0.00	0.00	0.00	0.00	0.00		AS201621	221
5647	1	BANQUE	35000.00	0.00	0.00	0	f	0.00		f	0.00	0.00	0.00	0.00	0.00		AS201622	221
5648	1	ESPECES	35000.00	0.00	0.00	0	f	0.00		f	0.00	0.00	0.00	0.00	0.00		AS201624	221
5649	1	BANQUE	35000.00	0.00	0.00	0	f	0.00		f	0.00	0.00	0.00	0.00	0.00		AS201626	221
5650	1	BANQUE	35000.00	0.00	0.00	0	f	0.00		f	0.00	0.00	0.00	0.00	0.00		AS201628	221
5651	1	BANQUE	35000.00	0.00	0.00	0	f	0.00		f	0.00	0.00	0.00	0.00	0.00		AS201656	221
5652	1	BANQUE	35000.00	0.00	0.00	0	f	0.00		f	0.00	0.00	0.00	0.00	0.00		AS201633	221
5653	1	BANQUE	35000.00	0.00	0.00	0	f	0.00		f	0.00	0.00	0.00	0.00	0.00		AS201657	221
5654	1	BANQUE	35000.00	0.00	0.00	0	f	0.00		f	0.00	0.00	0.00	0.00	0.00		AS201653	221
5655	1	BANQUE	35000.00	0.00	0.00	0	f	0.00		f	0.00	0.00	0.00	0.00	0.00		AS201629	221
5656	1	BANQUE	35000.00	0.00	0.00	0	f	0.00		f	0.00	0.00	0.00	0.00	0.00		AS201641	221
5657	1	BANQUE	35000.00	0.00	0.00	0	f	0.00		f	0.00	0.00	0.00	0.00	0.00		AS201660	221
5658	1	BANQUE	35000.00	0.00	0.00	0	f	0.00		f	0.00	0.00	0.00	0.00	0.00		AS201643	221
5659	1	ESPECES	35000.00	0.00	0.00	0	f	0.00		f	0.00	0.00	0.00	0.00	0.00		AS201662	221
5660	1	BANQUE	35000.00	0.00	0.00	0	f	0.00		f	0.00	0.00	0.00	0.00	0.00		AS201658	221
5661	1	BANQUE	35000.00	0.00	0.00	0	f	0.00		f	0.00	0.00	0.00	0.00	0.00		AS201646	221
5662	1	BANQUE	35000.00	0.00	0.00	0	f	0.00		f	0.00	0.00	0.00	0.00	0.00		AS201659	221
5663	1	BANQUE	35000.00	0.00	0.00	0	f	0.00		f	0.00	0.00	0.00	0.00	0.00		AS201647	221
5664	2	BANQUE	150000.00	0.00	0.00	0	f	0.00		f	0.00	0.00	0.00	0.00	0.00		AS201648	222
5665	1	BANQUE	75000.00	0.00	0.00	0	f	0.00		f	0.00	0.00	0.00	0.00	0.00		AS201602	222
5666	1	ESPECES	75000.00	0.00	0.00	0	f	0.00		f	0.00	0.00	0.00	0.00	0.00		AS201604	222
5667	1	ESPECES	75000.00	0.00	0.00	0	f	0.00		f	0.00	0.00	0.00	0.00	0.00		AS201619	222
5668	1	BANQUE	75000.00	0.00	0.00	0	f	0.00		f	0.00	0.00	0.00	0.00	0.00		AS201611	222
5669	1	BANQUE	75000.00	0.00	0.00	0	f	0.00		f	0.00	0.00	0.00	0.00	0.00		AS201649	222
5670	1	BANQUE	75000.00	0.00	0.00	0	f	0.00		f	0.00	0.00	0.00	0.00	0.00		AS201621	222
5671	1	BANQUE	75000.00	0.00	0.00	0	f	0.00		f	0.00	0.00	0.00	0.00	0.00		AS201626	222
5672	1	ESPECES	75000.00	0.00	0.00	0	f	0.00		f	0.00	0.00	0.00	0.00	0.00		AS201624	222
5673	1	BANQUE	75000.00	0.00	0.00	0	f	0.00		f	0.00	0.00	0.00	0.00	0.00		AS201633	222
5674	1	BANQUE	75000.00	0.00	0.00	0	f	0.00		f	0.00	0.00	0.00	0.00	0.00		AS201641	222
5675	1	BANQUE	75000.00	0.00	0.00	0	f	0.00		f	0.00	0.00	0.00	0.00	0.00		AS201658	222
5676	1	BANQUE	75000.00	0.00	0.00	0	f	0.00		f	0.00	0.00	0.00	0.00	0.00		AS201647	222
5677	1	BANQUE	100000.00	0.00	0.00	0	f	0.00		f	0.00	0.00	0.00	0.00	0.00		AS201648	223
5678	1	BANQUE	100000.00	0.00	0.00	0	f	0.00		f	0.00	0.00	0.00	0.00	0.00		AS201604	223
5679	1	BANQUE	100000.00	0.00	0.00	0	f	0.00		f	0.00	0.00	0.00	0.00	0.00		AS201605	223
5680	3	BANQUE	300000.00	0.00	0.00	0	f	0.00		f	0.00	0.00	0.00	0.00	0.00		AS201608	223
5681	1	BANQUE	100000.00	0.00	0.00	0	f	0.00		f	0.00	0.00	0.00	0.00	0.00		AS201613	223
5682	1	ESPECES	100000.00	0.00	0.00	0	f	0.00		f	0.00	0.00	0.00	0.00	0.00		AS201617	223
5683	1	ESPECES	100000.00	0.00	0.00	0	f	0.00		f	0.00	0.00	0.00	0.00	0.00		AS201619	223
5684	1	BANQUE	100000.00	0.00	0.00	0	f	0.00		f	0.00	0.00	0.00	0.00	0.00		AS201649	223
5685	2	BANQUE	200000.00	0.00	0.00	0	f	0.00		f	0.00	0.00	0.00	0.00	0.00		AS201622	223
5686	1	BANQUE	100000.00	0.00	0.00	0	f	0.00		f	0.00	0.00	0.00	0.00	0.00		AS201624	223
5687	2	BANQUE	200000.00	0.00	0.00	0	f	0.00		f	0.00	0.00	0.00	0.00	0.00		AS201626	223
5688	1	BANQUE	100000.00	0.00	0.00	0	f	0.00		f	0.00	0.00	0.00	0.00	0.00		AS201628	223
5689	2	BANQUE	200000.00	0.00	0.00	0	f	0.00		f	0.00	0.00	0.00	0.00	0.00		AS201653	223
5690	1	ESPECES	100000.00	0.00	0.00	0	f	0.00		f	0.00	0.00	0.00	0.00	0.00		AS201629	223
5691	1	BANQUE	100000.00	0.00	0.00	0	f	0.00		f	0.00	0.00	0.00	0.00	0.00		AS201660	223
5692	2	BANQUE	200000.00	0.00	0.00	0	f	0.00		f	0.00	0.00	0.00	0.00	0.00		AS201659	223
5693	1	BANQUE	100000.00	0.00	0.00	0	f	0.00		f	0.00	0.00	0.00	0.00	0.00		AS201647	223
5694	1	BANQUE	35000.00	0.00	0.00	0	f	0.00		f	0.00	0.00	0.00	0.00	0.00		AS201601	224
5695	1	BANQUE	35000.00	0.00	0.00	0	f	0.00		f	0.00	0.00	0.00	0.00	0.00		AS201602	224
5696	1	BANQUE	35000.00	0.00	0.00	0	f	0.00		f	0.00	0.00	0.00	0.00	0.00		AS201604	224
5697	1	BANQUE	35000.00	0.00	0.00	0	f	0.00		f	0.00	0.00	0.00	0.00	0.00		AS201654	224
5698	1	BANQUE	35000.00	0.00	0.00	0	f	0.00		f	0.00	0.00	0.00	0.00	0.00		AS201605	224
5699	1	BANQUE	35000.00	0.00	0.00	0	f	0.00		f	0.00	0.00	0.00	0.00	0.00		AS201608	224
5700	1	BANQUE	35000.00	0.00	0.00	0	f	0.00		f	0.00	0.00	0.00	0.00	0.00		AS201651	224
5701	1	ESPECES	35000.00	0.00	0.00	0	f	0.00		f	0.00	0.00	0.00	0.00	0.00		AS201609	224
5702	1	BANQUE	35000.00	0.00	0.00	0	f	0.00		f	0.00	0.00	0.00	0.00	0.00		AS201663	224
5703	0	ECHEC	0.00	0.00	0.00	0	f	0.00		f	0.00	0.00	0.00	0.00	0.00		AS201610	224
5704	1	BANQUE	35000.00	0.00	0.00	0	f	0.00		f	0.00	0.00	0.00	0.00	0.00		AS201611	224
5705	1	BANQUE	35000.00	0.00	0.00	0	f	0.00		f	0.00	0.00	0.00	0.00	0.00		AS201613	224
5706	1	ESPECES	35000.00	0.00	0.00	0	f	0.00		f	0.00	0.00	0.00	0.00	0.00		AS201617	224
5707	1	ESPECES	35000.00	0.00	0.00	0	f	0.00		f	0.00	0.00	0.00	0.00	0.00		AS201619	224
5708	1	BANQUE	35000.00	0.00	0.00	0	f	0.00		f	0.00	0.00	0.00	0.00	0.00		AS201620	224
5709	1	BANQUE	35000.00	0.00	0.00	0	f	0.00		f	0.00	0.00	0.00	0.00	0.00		AS201661	224
5710	1	BANQUE	35000.00	0.00	0.00	0	f	0.00		f	0.00	0.00	0.00	0.00	0.00		AS201649	224
5711	1	BANQUE	35000.00	0.00	0.00	0	f	0.00		f	0.00	0.00	0.00	0.00	0.00		AS201639	224
5712	1	BANQUE	35000.00	0.00	0.00	0	f	0.00		f	0.00	0.00	0.00	0.00	0.00		AS201621	224
5713	1	BANQUE	35000.00	0.00	0.00	0	f	0.00		f	0.00	0.00	0.00	0.00	0.00		AS201622	224
5714	1	BANQUE	35000.00	0.00	0.00	0	f	0.00		f	0.00	0.00	0.00	0.00	0.00		AS201624	224
5715	1	BANQUE	35000.00	0.00	0.00	0	f	0.00		f	0.00	0.00	0.00	0.00	0.00		AS201626	224
5716	1	BANQUE	35000.00	0.00	0.00	0	f	0.00		f	0.00	0.00	0.00	0.00	0.00		AS201628	224
5717	1	BANQUE	35000.00	0.00	0.00	0	f	0.00		f	0.00	0.00	0.00	0.00	0.00		AS201656	224
5718	1	BANQUE	35000.00	0.00	0.00	0	f	0.00		f	0.00	0.00	0.00	0.00	0.00		AS201633	224
5719	1	ESPECES	35000.00	0.00	0.00	0	f	0.00		f	0.00	0.00	0.00	0.00	0.00		AS201657	224
5720	1	BANQUE	35000.00	0.00	0.00	0	f	0.00		f	0.00	0.00	0.00	0.00	0.00		AS201653	224
5721	1	ESPECES	35000.00	0.00	0.00	0	f	0.00		f	0.00	0.00	0.00	0.00	0.00		AS201629	224
5722	1	BANQUE	35000.00	0.00	0.00	0	f	0.00		f	0.00	0.00	0.00	0.00	0.00		AS201641	224
5723	1	BANQUE	35000.00	0.00	0.00	0	f	0.00		f	0.00	0.00	0.00	0.00	0.00		AS201660	224
5724	1	BANQUE	35000.00	0.00	0.00	0	f	0.00		f	0.00	0.00	0.00	0.00	0.00		AS201643	224
5725	1	ESPECES	35000.00	0.00	0.00	0	f	0.00		f	0.00	0.00	0.00	0.00	0.00		AS201662	224
5726	1	BANQUE	35000.00	0.00	0.00	0	f	0.00		f	0.00	0.00	0.00	0.00	0.00		AS201658	224
5727	1	BANQUE	35000.00	0.00	0.00	0	f	0.00		f	0.00	0.00	0.00	0.00	0.00		AS201646	224
5728	1	BANQUE	35000.00	0.00	0.00	0	f	0.00		f	0.00	0.00	0.00	0.00	0.00		AS201659	224
5729	1	BANQUE	35000.00	0.00	0.00	0	f	0.00		f	0.00	0.00	0.00	0.00	0.00		AS201647	224
5730	2	BANQUE	150000.00	0.00	0.00	0	f	0.00		f	0.00	0.00	0.00	0.00	0.00		AS201648	225
5731	1	BANQUE	75000.00	0.00	0.00	0	f	0.00		f	0.00	0.00	0.00	0.00	0.00		AS201602	225
5732	1	BANQUE	75000.00	0.00	0.00	0	f	0.00		f	0.00	0.00	0.00	0.00	0.00		AS201604	225
5733	1	ESPECES	75000.00	0.00	0.00	0	f	0.00		f	0.00	0.00	0.00	0.00	0.00		AS201619	225
5734	1	BANQUE	75000.00	0.00	0.00	0	f	0.00		f	0.00	0.00	0.00	0.00	0.00		AS201611	225
5735	1	BANQUE	75000.00	0.00	0.00	0	f	0.00		f	0.00	0.00	0.00	0.00	0.00		AS201649	225
5736	1	BANQUE	75000.00	0.00	0.00	0	f	0.00		f	0.00	0.00	0.00	0.00	0.00		AS201621	225
5737	1	BANQUE	75000.00	0.00	0.00	0	f	0.00		f	0.00	0.00	0.00	0.00	0.00		AS201626	225
5738	1	BANQUE	75000.00	0.00	0.00	0	f	0.00		f	0.00	0.00	0.00	0.00	0.00		AS201624	225
5739	1	BANQUE	75000.00	0.00	0.00	0	f	0.00		f	0.00	0.00	0.00	0.00	0.00		AS201633	225
5740	1	BANQUE	75000.00	0.00	0.00	0	f	0.00		f	0.00	0.00	0.00	0.00	0.00		AS201641	225
5741	1	BANQUE	75000.00	0.00	0.00	0	f	0.00		f	0.00	0.00	0.00	0.00	0.00		AS201658	225
5742	1	BANQUE	75000.00	0.00	0.00	0	f	0.00		f	0.00	0.00	0.00	0.00	0.00		AS201647	225
5546	1	BANQUE	100000.00	0.00	0.00	0	f	0.00		f	0.00	0.00	200000.00	3000.00	203000.00		AS201604	217
5574	1	BANQUE	35000.00	0.00	0.00	0	f	0.00		f	0.00	0.00	29000.00	500.00	29500.00		AS201617	218
5603	1	ESPECES	75000.00	0.00	0.00	0	f	0.00		t	883000.00	0.00	317000.00	6500.00	323500.00		AS201649	219
4625	1	BANQUE	75000.00	0.00	0.00	0	f	0.00		t	892500.00	16000.00	400000.00	6000.00	406000.00		AS201602	182
4626	1	BANQUE	35000.00	0.00	0.00	0	f	0.00		t	269000.00	10000.00	119500.00	3000.00	122500.00		AS201604	181
4628	1	BANQUE	35000.00	0.00	0.00	0	f	0.00		t	293500.00	10000.00	130500.00	2500.00	133000.00		AS201605	181
4630	1	BANQUE	100000.00	0.00	0.00	0	f	0.00		t	1165000.00	48000.00	1025000.00	25500.00	1157000.00		AS201605	183
4629	1	BANQUE	75000.00	0.00	0.00	0	f	0.00		f	0.00	0.00	0.00	0.00	0.00		AS201605	182
4632	1	BANQUE	75000.00	0.00	0.00	0	f	0.00		f	0.00	0.00	0.00	0.00	0.00		AS201608	182
4635	1	BANQUE	75000.00	0.00	0.00	0	f	0.00		f	0.00	0.00	0.00	0.00	0.00		AS201609	182
4638	1	BANQUE	100000.00	0.00	0.00	0	f	0.00		f	0.00	0.00	0.00	0.00	0.00		AS201611	183
4647	1	ECHEC	0.00	0.00	0.00	0	f	0.00		f	0.00	0.00	0.00	0.00	0.00		AS201620	181
4648	1	ECHEC	0.00	0.00	0.00	0	f	0.00		f	0.00	0.00	0.00	0.00	0.00		AS201620	182
4649	1	ECHEC	0.00	0.00	0.00	0	f	0.00		f	0.00	0.00	0.00	0.00	0.00		AS201620	183
4652	1	BANQUE	100000.00	0.00	0.00	0	f	0.00		f	0.00	0.00	0.00	0.00	0.00		AS201621	183
4659	1	BANQUE	75000.00	0.00	0.00	0	f	0.00		f	0.00	0.00	0.00	0.00	0.00		AS201626	182
4661	1	BANQUE	75000.00	0.00	0.00	0	f	0.00		f	0.00	0.00	0.00	0.00	0.00		AS201628	182
4662	1	BANQUE	100000.00	0.00	0.00	0	f	0.00		f	0.00	0.00	0.00	0.00	0.00		AS201628	183
4664	1	BANQUE	100000.00	0.00	0.00	0	f	0.00		f	0.00	0.00	0.00	0.00	0.00		AS201633	183
4633	2	BANQUE	200000.00	0.00	0.00	0	f	0.00		t	2355000.00	96000.00	600000.00	12000.00	815000.00		AS201608	183
4641	1	BANQUE	100000.00	0.00	0.00	0	f	0.00		t	1170000.00	48000.00	532000.00	6000.00	538000.00		AS201613	183
4646	1	BANQUE	100000.00	0.00	0.00	0	f	0.00		t	1095000.00	48000.00	985000.00	17500.00	901500.00		AS201619	183
4654	1	BANQUE	100000.00	0.00	0.00	0	f	0.00		t	2380000.00	96000.00	1593000.00	29500.00	1626500.00		AS201622	183
4657	1	BANQUE	100000.00	0.00	0.00	0	f	0.00		t	1160000.00	48000.00	663000.00	12000.00	679000.00		AS201624	183
4665	1	BANQUE	100000.00	0.00	0.00	0	f	0.00		t	1130000.00	48000.00	0.00	0.00	0.00		AS201638	183
4640	1	BANQUE	75000.00	0.00	0.00	0	f	0.00		t	892500.00	16000.00	491125.00	9000.00	500125.00		AS201613	182
4645	1	BANQUE	75000.00	0.00	0.00	0	f	0.00		t	892500.00	16000.00	541500.00	9000.00	550500.00		AS201619	182
4637	1	BANQUE	75000.00	0.00	0.00	0	f	0.00		t	891500.00	16000.00	0.00	0.00	0.00		AS201611	182
4651	1	BANQUE	75000.00	0.00	0.00	0	f	0.00		t	892500.00	16000.00	0.00	0.00	0.00		AS201621	182
4634	1	BANQUE	35000.00	0.00	0.00	0	f	0.00		t	297500.00	10000.00	0.00	0.00	0.00		AS201609	181
4636	1	BANQUE	35000.00	0.00	0.00	0	f	0.00		t	296500.00	10000.00	0.00	0.00	0.00		AS201611	181
4642	1	BANQUE	35000.00	0.00	0.00	0	f	0.00		t	280000.00	10000.00	101000.00	3000.00	104000.00		AS201617	181
4644	1	BANQUE	35000.00	0.00	0.00	0	f	0.00		t	274000.00	10000.00	30000.00	500.00	30500.00		AS201619	181
4666	1	BANQUE	35000.00	0.00	0.00	0	f	0.00		t	290000.00	10000.00	0.00	0.00	0.00		AS201639	181
4650	1	BANQUE	35000.00	0.00	0.00	0	f	0.00		t	297500.00	10000.00	0.00	0.00	0.00		AS201621	181
4653	1	BANQUE	35000.00	0.00	0.00	0	f	0.00		t	297500.00	10000.00	0.00	0.00	0.00		AS201622	181
4655	1	BANQUE	35000.00	0.00	0.00	0	f	0.00		t	297500.00	10000.00	0.00	0.00	0.00		AS201624	181
4658	1	BANQUE	35000.00	0.00	0.00	0	f	0.00		t	274000.00	10000.00	82000.00	3500.00	85500.00		AS201626	181
4660	1	BANQUE	35000.00	0.00	0.00	0	f	0.00		t	273000.00	10000.00	182500.00	3500.00	186000.00		AS201628	181
4663	1	BANQUE	35000.00	0.00	0.00	0	f	0.00		t	297500.00	10000.00	0.00	0.00	0.00		AS201633	181
5548	3	BANQUE	300000.00	0.00	0.00	0	f	0.00		f	0.00	0.00	250000.00	2500.00	252500.00		AS201608	217
4668	1	BANQUE	100000.00	0.00	0.00	0	f	0.00		f	0.00	0.00	0.00	0.00	0.00		AS201641	183
4670	1	BANQUE	100000.00	0.00	0.00	0	f	0.00		f	0.00	0.00	0.00	0.00	0.00		AS201643	183
4672	1	ESPECES	100000.00	0.00	0.00	0	f	0.00		f	0.00	0.00	0.00	0.00	0.00		AS201646	183
4678	1	BANQUE	100000.00	0.00	0.00	0	f	0.00		f	0.00	0.00	0.00	0.00	0.00		AS201651	183
4682	1	ESPECES	75000.00	0.00	0.00	0	f	0.00		f	0.00	0.00	0.00	0.00	0.00		AS201654	182
4683	1	ESPECES	100000.00	0.00	0.00	0	f	0.00		f	0.00	0.00	0.00	0.00	0.00		AS201654	183
4685	1	BANQUE	100000.00	0.00	0.00	0	f	0.00		f	0.00	0.00	0.00	0.00	0.00		AS201656	183
4687	1	BANQUE	100000.00	0.00	0.00	0	f	0.00		f	0.00	0.00	0.00	0.00	0.00		AS201657	183
4689	1	BANQUE	100000.00	0.00	0.00	0	f	0.00		f	0.00	0.00	0.00	0.00	0.00		AS201658	183
4680	1	BANQUE	100000.00	0.00	0.00	0	f	0.00		t	2370000.00	96000.00	600000.00	13500.00	613500.00		AS201653	183
4674	1	BANQUE	100000.00	0.00	0.00	0	f	0.00		t	1190000.00	48000.00	0.00	0.00	0.00		AS201647	183
4681	1	ESPECES	35000.00	0.00	0.00	0	f	0.00		t	270000.00	10000.00	296000.00	9000.00	305000.00		AS201654	181
4677	1	BANQUE	35000.00	0.00	0.00	0	f	0.00		t	294500.00	10000.00	0.00	0.00	0.00		AS201651	181
4684	1	BANQUE	35000.00	0.00	0.00	0	f	0.00		t	297500.00	10000.00	0.00	0.00	0.00		AS201656	181
4690	1	BANQUE	35000.00	0.00	0.00	0	f	0.00		t	297500.00	10000.00	0.00	0.00	0.00		AS201629	181
4669	1	BANQUE	35000.00	0.00	0.00	0	f	0.00		t	297500.00	10000.00	0.00	0.00	0.00		AS201643	181
4688	1	BANQUE	35000.00	0.00	0.00	0	f	0.00		t	260000.00	10000.00	50000.00	1000.00	51000.00		AS201658	181
4691	1	BANQUE	35000.00	0.00	0.00	0	f	0.00		t	296500.00	10000.00	0.00	0.00	0.00		AS201659	181
4673	1	BANQUE	35000.00	0.00	0.00	0	f	0.00		t	297500.00	10000.00	0.00	0.00	0.00		AS201647	181
5545	1	BANQUE	100000.00	0.00	0.00	0	f	0.00		f	0.00	0.00	0.00	0.00	0.00		AS201648	217
5610	1	BANQUE	75000.00	0.00	0.00	0	f	0.00		f	0.00	0.00	0.00	0.00	0.00		AS201647	219
4694	1	BANQUE	35000.00	0.00	0.00	0	f	0.00		t	297500.00	10000.00	101000.00	3000.00	104000.00		AS201661	181
4696	1	ESPECES	100000.00	0.00	0.00	0	f	0.00		f	0.00	0.00	0.00	0.00	0.00		AS201662	183
4698	2	BANQUE	150000.00	0.00	0.00	0	f	0.00		f	0.00	0.00	0.00	0.00	0.00		AS201648	185
4699	1	BANQUE	100000.00	0.00	0.00	0	f	0.00		f	0.00	0.00	0.00	0.00	0.00		AS201648	186
4700	1	ESPECES	35000.00	0.00	0.00	0	f	0.00		f	0.00	0.00	0.00	0.00	0.00		AS201601	184
4701	1	BANQUE	35000.00	0.00	0.00	0	f	0.00		f	0.00	0.00	0.00	0.00	0.00		AS201602	184
4702	1	BANQUE	75000.00	0.00	0.00	0	f	0.00		f	0.00	0.00	0.00	0.00	0.00		AS201602	185
4703	1	BANQUE	35000.00	0.00	0.00	0	f	0.00		f	0.00	0.00	0.00	0.00	0.00		AS201604	184
4704	2	BANQUE	200000.00	0.00	0.00	0	f	0.00		f	0.00	0.00	0.00	0.00	0.00		AS201604	186
4705	1	BANQUE	35000.00	0.00	0.00	0	f	0.00		f	0.00	0.00	0.00	0.00	0.00		AS201605	184
4706	1	BANQUE	75000.00	0.00	0.00	0	f	0.00		f	0.00	0.00	0.00	0.00	0.00		AS201605	185
4623	1	ESPECES	35000.00	0.00	0.00	0	f	0.00		t	297500.00	10000.00	0.00	0.00	0.00		AS201601	181
4707	1	BANQUE	100000.00	0.00	0.00	0	f	0.00		f	0.00	0.00	0.00	0.00	0.00		AS201605	186
4708	1	BANQUE	35000.00	0.00	0.00	0	f	0.00		f	0.00	0.00	0.00	0.00	0.00		AS201608	184
4709	1	BANQUE	75000.00	0.00	0.00	0	f	0.00		f	0.00	0.00	0.00	0.00	0.00		AS201608	185
4710	2	BANQUE	200000.00	0.00	0.00	0	f	0.00		f	0.00	0.00	0.00	0.00	0.00		AS201608	186
4711	1	BANQUE	35000.00	0.00	0.00	0	f	0.00		f	0.00	0.00	0.00	0.00	0.00		AS201609	184
4712	1	BANQUE	75000.00	0.00	0.00	0	f	0.00		f	0.00	0.00	0.00	0.00	0.00		AS201609	185
4713	1	BANQUE	35000.00	0.00	0.00	0	f	0.00		f	0.00	0.00	0.00	0.00	0.00		AS201611	184
4714	1	BANQUE	75000.00	0.00	0.00	0	f	0.00		f	0.00	0.00	0.00	0.00	0.00		AS201611	185
4715	1	BANQUE	100000.00	0.00	0.00	0	f	0.00		f	0.00	0.00	0.00	0.00	0.00		AS201611	186
4716	1	BANQUE	35000.00	0.00	0.00	0	f	0.00		f	0.00	0.00	0.00	0.00	0.00		AS201613	184
4717	1	BANQUE	75000.00	0.00	0.00	0	f	0.00		f	0.00	0.00	0.00	0.00	0.00		AS201613	185
4718	1	BANQUE	100000.00	0.00	0.00	0	f	0.00		f	0.00	0.00	0.00	0.00	0.00		AS201613	186
4719	1	BANQUE	35000.00	0.00	0.00	0	f	0.00		f	0.00	0.00	0.00	0.00	0.00		AS201617	184
4720	1	BANQUE	100000.00	0.00	0.00	0	f	0.00		f	0.00	0.00	0.00	0.00	0.00		AS201617	186
4721	1	BANQUE	35000.00	0.00	0.00	0	f	0.00		f	0.00	0.00	0.00	0.00	0.00		AS201619	184
4722	1	BANQUE	75000.00	0.00	0.00	0	f	0.00		f	0.00	0.00	0.00	0.00	0.00		AS201619	185
4723	1	BANQUE	100000.00	0.00	0.00	0	f	0.00		f	0.00	0.00	0.00	0.00	0.00		AS201619	186
4724	1	ECHEC	0.00	0.00	0.00	0	f	0.00		f	0.00	0.00	0.00	0.00	0.00		AS201620	184
4725	1	ECHEC	0.00	0.00	0.00	0	f	0.00		f	0.00	0.00	0.00	0.00	0.00		AS201620	185
4726	1	ECHEC	0.00	0.00	0.00	0	f	0.00		f	0.00	0.00	0.00	0.00	0.00		AS201620	186
4727	1	BANQUE	35000.00	0.00	0.00	0	f	0.00		f	0.00	0.00	0.00	0.00	0.00		AS201621	184
4728	1	BANQUE	75000.00	0.00	0.00	0	f	0.00		f	0.00	0.00	0.00	0.00	0.00		AS201621	185
4729	1	BANQUE	100000.00	0.00	0.00	0	f	0.00		f	0.00	0.00	0.00	0.00	0.00		AS201621	186
4730	1	BANQUE	35000.00	0.00	0.00	0	f	0.00		f	0.00	0.00	0.00	0.00	0.00		AS201622	184
4731	1	BANQUE	100000.00	0.00	0.00	0	f	0.00		f	0.00	0.00	0.00	0.00	0.00		AS201622	186
4732	1	BANQUE	35000.00	0.00	0.00	0	f	0.00		f	0.00	0.00	0.00	0.00	0.00		AS201624	184
4733	1	BANQUE	75000.00	0.00	0.00	0	f	0.00		f	0.00	0.00	0.00	0.00	0.00		AS201624	185
4734	1	BANQUE	100000.00	0.00	0.00	0	f	0.00		f	0.00	0.00	0.00	0.00	0.00		AS201624	186
4735	1	BANQUE	35000.00	0.00	0.00	0	f	0.00		f	0.00	0.00	0.00	0.00	0.00		AS201626	184
4736	1	BANQUE	75000.00	0.00	0.00	0	f	0.00		f	0.00	0.00	0.00	0.00	0.00		AS201626	185
4737	1	BANQUE	35000.00	0.00	0.00	0	f	0.00		f	0.00	0.00	0.00	0.00	0.00		AS201628	184
4738	1	BANQUE	75000.00	0.00	0.00	0	f	0.00		f	0.00	0.00	0.00	0.00	0.00		AS201628	185
4739	1	BANQUE	100000.00	0.00	0.00	0	f	0.00		f	0.00	0.00	0.00	0.00	0.00		AS201628	186
4740	1	BANQUE	35000.00	0.00	0.00	0	f	0.00		f	0.00	0.00	0.00	0.00	0.00		AS201633	184
4741	1	BANQUE	100000.00	0.00	0.00	0	f	0.00		f	0.00	0.00	0.00	0.00	0.00		AS201633	186
4742	1	BANQUE	100000.00	0.00	0.00	0	f	0.00		f	0.00	0.00	0.00	0.00	0.00		AS201638	186
4743	1	BANQUE	35000.00	0.00	0.00	0	f	0.00		f	0.00	0.00	0.00	0.00	0.00		AS201639	184
4744	1	BANQUE	35000.00	0.00	0.00	0	f	0.00		f	0.00	0.00	0.00	0.00	0.00		AS201641	184
4745	1	BANQUE	100000.00	0.00	0.00	0	f	0.00		f	0.00	0.00	0.00	0.00	0.00		AS201641	186
4746	1	BANQUE	35000.00	0.00	0.00	0	f	0.00		f	0.00	0.00	0.00	0.00	0.00		AS201643	184
4747	1	BANQUE	100000.00	0.00	0.00	0	f	0.00		f	0.00	0.00	0.00	0.00	0.00		AS201643	186
4748	1	ESPECES	35000.00	0.00	0.00	0	f	0.00		f	0.00	0.00	0.00	0.00	0.00		AS201646	184
4749	1	ESPECES	100000.00	0.00	0.00	0	f	0.00		f	0.00	0.00	0.00	0.00	0.00		AS201646	186
4750	1	BANQUE	35000.00	0.00	0.00	0	f	0.00		f	0.00	0.00	0.00	0.00	0.00		AS201647	184
4751	1	BANQUE	100000.00	0.00	0.00	0	f	0.00		f	0.00	0.00	0.00	0.00	0.00		AS201647	186
4752	1	BANQUE	35000.00	0.00	0.00	0	f	0.00		f	0.00	0.00	0.00	0.00	0.00		AS201649	184
4753	1	BANQUE	100000.00	0.00	0.00	0	f	0.00		f	0.00	0.00	0.00	0.00	0.00		AS201649	186
4754	1	BANQUE	35000.00	0.00	0.00	0	f	0.00		f	0.00	0.00	0.00	0.00	0.00		AS201651	184
4755	1	BANQUE	100000.00	0.00	0.00	0	f	0.00		f	0.00	0.00	0.00	0.00	0.00		AS201651	186
4756	1	BANQUE	35000.00	0.00	0.00	0	f	0.00		f	0.00	0.00	0.00	0.00	0.00		AS201653	184
4757	1	BANQUE	100000.00	0.00	0.00	0	f	0.00		f	0.00	0.00	0.00	0.00	0.00		AS201653	186
4758	1	BANQUE	35000.00	0.00	0.00	0	f	0.00		f	0.00	0.00	0.00	0.00	0.00		AS201654	184
4759	1	BANQUE	75000.00	0.00	0.00	0	f	0.00		f	0.00	0.00	0.00	0.00	0.00		AS201654	185
4760	1	BANQUE	100000.00	0.00	0.00	0	f	0.00		f	0.00	0.00	0.00	0.00	0.00		AS201654	186
4761	1	BANQUE	35000.00	0.00	0.00	0	f	0.00		f	0.00	0.00	0.00	0.00	0.00		AS201656	184
4762	1	BANQUE	100000.00	0.00	0.00	0	f	0.00		f	0.00	0.00	0.00	0.00	0.00		AS201656	186
4763	1	BANQUE	35000.00	0.00	0.00	0	f	0.00		f	0.00	0.00	0.00	0.00	0.00		AS201657	184
4764	1	BANQUE	100000.00	0.00	0.00	0	f	0.00		f	0.00	0.00	0.00	0.00	0.00		AS201657	186
4765	1	BANQUE	35000.00	0.00	0.00	0	f	0.00		f	0.00	0.00	0.00	0.00	0.00		AS201658	184
4766	1	BANQUE	100000.00	0.00	0.00	0	f	0.00		f	0.00	0.00	0.00	0.00	0.00		AS201658	186
4692	1	BANQUE	35000.00	0.00	0.00	0	f	0.00		t	297500.00	10000.00	0.00	0.00	0.00		AS201660	181
4695	1	ESPECES	35000.00	0.00	0.00	0	f	0.00		t	297500.00	10000.00	0.00	0.00	0.00		AS201662	181
4767	1	BANQUE	35000.00	0.00	0.00	0	f	0.00		f	0.00	0.00	0.00	0.00	0.00		AS201629	184
4768	1	BANQUE	35000.00	0.00	0.00	0	f	0.00		f	0.00	0.00	0.00	0.00	0.00		AS201659	184
4769	1	BANQUE	35000.00	0.00	0.00	0	f	0.00		f	0.00	0.00	0.00	0.00	0.00		AS201660	184
4770	1	BANQUE	100000.00	0.00	0.00	0	f	0.00		f	0.00	0.00	0.00	0.00	0.00		AS201660	186
4771	1	BANQUE	35000.00	0.00	0.00	0	f	0.00		f	0.00	0.00	0.00	0.00	0.00		AS201661	184
4772	1	ESPECES	35000.00	0.00	0.00	0	f	0.00		f	0.00	0.00	0.00	0.00	0.00		AS201662	184
4773	1	ESPECES	100000.00	0.00	0.00	0	f	0.00		f	0.00	0.00	0.00	0.00	0.00		AS201662	186
4774	1	ESPECES	35000.00	0.00	0.00	0	f	0.00		f	0.00	0.00	0.00	0.00	0.00		AS201663	184
4775	2	BANQUE	150000.00	0.00	0.00	0	f	0.00		f	0.00	0.00	0.00	0.00	0.00		AS201648	188
4776	1	BANQUE	100000.00	0.00	0.00	0	f	0.00		f	0.00	0.00	0.00	0.00	0.00		AS201648	189
4777	1	ESPECES	35000.00	0.00	0.00	0	f	0.00		f	0.00	0.00	0.00	0.00	0.00		AS201601	187
4778	1	BANQUE	35000.00	0.00	0.00	0	f	0.00		f	0.00	0.00	0.00	0.00	0.00		AS201602	187
4779	1	BANQUE	75000.00	0.00	0.00	0	f	0.00		f	0.00	0.00	0.00	0.00	0.00		AS201602	188
4780	1	BANQUE	35000.00	0.00	0.00	0	f	0.00		f	0.00	0.00	0.00	0.00	0.00		AS201604	187
4781	2	BANQUE	200000.00	0.00	0.00	0	f	0.00		f	0.00	0.00	0.00	0.00	0.00		AS201604	189
4782	1	BANQUE	35000.00	0.00	0.00	0	f	0.00		f	0.00	0.00	0.00	0.00	0.00		AS201605	187
4783	1	BANQUE	75000.00	0.00	0.00	0	f	0.00		f	0.00	0.00	0.00	0.00	0.00		AS201605	188
4784	1	BANQUE	100000.00	0.00	0.00	0	f	0.00		f	0.00	0.00	0.00	0.00	0.00		AS201605	189
4785	1	BANQUE	35000.00	0.00	0.00	0	f	0.00		f	0.00	0.00	0.00	0.00	0.00		AS201608	187
4786	1	BANQUE	75000.00	0.00	0.00	0	f	0.00		f	0.00	0.00	0.00	0.00	0.00		AS201608	188
4787	2	BANQUE	200000.00	0.00	0.00	0	f	0.00		f	0.00	0.00	0.00	0.00	0.00		AS201608	189
4788	1	BANQUE	35000.00	0.00	0.00	0	f	0.00		f	0.00	0.00	0.00	0.00	0.00		AS201609	187
4789	1	BANQUE	75000.00	0.00	0.00	0	f	0.00		f	0.00	0.00	0.00	0.00	0.00		AS201609	188
4790	1	BANQUE	35000.00	0.00	0.00	0	f	0.00		f	0.00	0.00	0.00	0.00	0.00		AS201611	187
4791	1	BANQUE	75000.00	0.00	0.00	0	f	0.00		f	0.00	0.00	0.00	0.00	0.00		AS201611	188
4792	1	BANQUE	100000.00	0.00	0.00	0	f	0.00		f	0.00	0.00	0.00	0.00	0.00		AS201611	189
4793	1	BANQUE	35000.00	0.00	0.00	0	f	0.00		f	0.00	0.00	0.00	0.00	0.00		AS201613	187
4794	1	BANQUE	75000.00	0.00	0.00	0	f	0.00		f	0.00	0.00	0.00	0.00	0.00		AS201613	188
4795	1	BANQUE	100000.00	0.00	0.00	0	f	0.00		f	0.00	0.00	0.00	0.00	0.00		AS201613	189
4796	1	BANQUE	35000.00	0.00	0.00	0	f	0.00		f	0.00	0.00	0.00	0.00	0.00		AS201617	187
4797	1	BANQUE	100000.00	0.00	0.00	0	f	0.00		f	0.00	0.00	0.00	0.00	0.00		AS201617	189
4798	1	BANQUE	35000.00	0.00	0.00	0	f	0.00		f	0.00	0.00	0.00	0.00	0.00		AS201619	187
4799	1	BANQUE	75000.00	0.00	0.00	0	f	0.00		f	0.00	0.00	0.00	0.00	0.00		AS201619	188
4800	1	BANQUE	100000.00	0.00	0.00	0	f	0.00		f	0.00	0.00	0.00	0.00	0.00		AS201619	189
4801	1	ECHEC	0.00	0.00	0.00	0	f	0.00		f	0.00	0.00	0.00	0.00	0.00		AS201620	187
4802	1	ECHEC	0.00	0.00	0.00	0	f	0.00		f	0.00	0.00	0.00	0.00	0.00		AS201620	188
4803	1	ECHEC	0.00	0.00	0.00	0	f	0.00		f	0.00	0.00	0.00	0.00	0.00		AS201620	189
4804	1	BANQUE	35000.00	0.00	0.00	0	f	0.00		f	0.00	0.00	0.00	0.00	0.00		AS201621	187
4805	1	BANQUE	75000.00	0.00	0.00	0	f	0.00		f	0.00	0.00	0.00	0.00	0.00		AS201621	188
4806	1	BANQUE	100000.00	0.00	0.00	0	f	0.00		f	0.00	0.00	0.00	0.00	0.00		AS201621	189
4807	1	BANQUE	35000.00	0.00	0.00	0	f	0.00		f	0.00	0.00	0.00	0.00	0.00		AS201622	187
4808	1	BANQUE	100000.00	0.00	0.00	0	f	0.00		f	0.00	0.00	0.00	0.00	0.00		AS201622	189
4809	1	BANQUE	35000.00	0.00	0.00	0	f	0.00		f	0.00	0.00	0.00	0.00	0.00		AS201624	187
4810	1	BANQUE	75000.00	0.00	0.00	0	f	0.00		f	0.00	0.00	0.00	0.00	0.00		AS201624	188
4811	1	BANQUE	100000.00	0.00	0.00	0	f	0.00		f	0.00	0.00	0.00	0.00	0.00		AS201624	189
4812	1	BANQUE	35000.00	0.00	0.00	0	f	0.00		f	0.00	0.00	0.00	0.00	0.00		AS201626	187
4813	1	BANQUE	75000.00	0.00	0.00	0	f	0.00		f	0.00	0.00	0.00	0.00	0.00		AS201626	188
4814	1	BANQUE	35000.00	0.00	0.00	0	f	0.00		f	0.00	0.00	0.00	0.00	0.00		AS201628	187
4815	1	BANQUE	75000.00	0.00	0.00	0	f	0.00		f	0.00	0.00	0.00	0.00	0.00		AS201628	188
4816	1	BANQUE	100000.00	0.00	0.00	0	f	0.00		f	0.00	0.00	0.00	0.00	0.00		AS201628	189
4817	1	BANQUE	35000.00	0.00	0.00	0	f	0.00		f	0.00	0.00	0.00	0.00	0.00		AS201633	187
4818	1	BANQUE	100000.00	0.00	0.00	0	f	0.00		f	0.00	0.00	0.00	0.00	0.00		AS201633	189
4819	1	BANQUE	100000.00	0.00	0.00	0	f	0.00		f	0.00	0.00	0.00	0.00	0.00		AS201638	189
4820	1	BANQUE	35000.00	0.00	0.00	0	f	0.00		f	0.00	0.00	0.00	0.00	0.00		AS201639	187
4821	1	BANQUE	35000.00	0.00	0.00	0	f	0.00		f	0.00	0.00	0.00	0.00	0.00		AS201641	187
4822	1	BANQUE	100000.00	0.00	0.00	0	f	0.00		f	0.00	0.00	0.00	0.00	0.00		AS201641	189
4823	1	BANQUE	35000.00	0.00	0.00	0	f	0.00		f	0.00	0.00	0.00	0.00	0.00		AS201643	187
4824	1	BANQUE	100000.00	0.00	0.00	0	f	0.00		f	0.00	0.00	0.00	0.00	0.00		AS201643	189
4825	1	BANQUE	35000.00	0.00	0.00	0	f	0.00		f	0.00	0.00	0.00	0.00	0.00		AS201646	187
4826	1	BANQUE	100000.00	0.00	0.00	0	f	0.00		f	0.00	0.00	0.00	0.00	0.00		AS201646	189
4827	1	BANQUE	35000.00	0.00	0.00	0	f	0.00		f	0.00	0.00	0.00	0.00	0.00		AS201647	187
4828	1	BANQUE	100000.00	0.00	0.00	0	f	0.00		f	0.00	0.00	0.00	0.00	0.00		AS201647	189
4829	1	BANQUE	35000.00	0.00	0.00	0	f	0.00		f	0.00	0.00	0.00	0.00	0.00		AS201649	187
4830	1	BANQUE	100000.00	0.00	0.00	0	f	0.00		f	0.00	0.00	0.00	0.00	0.00		AS201649	189
4831	1	BANQUE	35000.00	0.00	0.00	0	f	0.00		f	0.00	0.00	0.00	0.00	0.00		AS201651	187
4832	1	BANQUE	100000.00	0.00	0.00	0	f	0.00		f	0.00	0.00	0.00	0.00	0.00		AS201651	189
4833	1	ESPECES	35000.00	0.00	0.00	0	f	0.00		f	0.00	0.00	0.00	0.00	0.00		AS201653	187
4834	1	ESPECES	100000.00	0.00	0.00	0	f	0.00		f	0.00	0.00	0.00	0.00	0.00		AS201653	189
4835	1	BANQUE	35000.00	0.00	0.00	0	f	0.00		f	0.00	0.00	0.00	0.00	0.00		AS201654	187
4836	1	BANQUE	75000.00	0.00	0.00	0	f	0.00		f	0.00	0.00	0.00	0.00	0.00		AS201654	188
4837	1	BANQUE	100000.00	0.00	0.00	0	f	0.00		f	0.00	0.00	0.00	0.00	0.00		AS201654	189
4838	1	BANQUE	35000.00	0.00	0.00	0	f	0.00		f	0.00	0.00	0.00	0.00	0.00		AS201656	187
4839	1	BANQUE	100000.00	0.00	0.00	0	f	0.00		f	0.00	0.00	0.00	0.00	0.00		AS201656	189
4840	1	BANQUE	35000.00	0.00	0.00	0	f	0.00		f	0.00	0.00	0.00	0.00	0.00		AS201657	187
4841	1	BANQUE	100000.00	0.00	0.00	0	f	0.00		f	0.00	0.00	0.00	0.00	0.00		AS201657	189
4842	1	BANQUE	35000.00	0.00	0.00	0	f	0.00		f	0.00	0.00	0.00	0.00	0.00		AS201658	187
4843	1	BANQUE	100000.00	0.00	0.00	0	f	0.00		f	0.00	0.00	0.00	0.00	0.00		AS201658	189
4844	1	BANQUE	35000.00	0.00	0.00	0	f	0.00		f	0.00	0.00	0.00	0.00	0.00		AS201629	187
4845	1	ESPECES	35000.00	0.00	0.00	0	f	0.00		f	0.00	0.00	0.00	0.00	0.00		AS201659	187
4846	1	BANQUE	35000.00	0.00	0.00	0	f	0.00		f	0.00	0.00	0.00	0.00	0.00		AS201660	187
4847	1	BANQUE	100000.00	0.00	0.00	0	f	0.00		f	0.00	0.00	0.00	0.00	0.00		AS201660	189
4848	1	BANQUE	35000.00	0.00	0.00	0	f	0.00		f	0.00	0.00	0.00	0.00	0.00		AS201661	187
4849	1	ESPECES	35000.00	0.00	0.00	0	f	0.00		f	0.00	0.00	0.00	0.00	0.00		AS201662	187
4850	1	ESPECES	100000.00	0.00	0.00	0	f	0.00		f	0.00	0.00	0.00	0.00	0.00		AS201662	189
4851	1	BANQUE	35000.00	0.00	0.00	0	f	0.00		f	0.00	0.00	0.00	0.00	0.00		AS201663	187
4852	2	BANQUE	150000.00	0.00	0.00	0	f	0.00		f	0.00	0.00	0.00	0.00	0.00		AS201648	191
4853	1	BANQUE	100000.00	0.00	0.00	0	f	0.00		f	0.00	0.00	0.00	0.00	0.00		AS201648	192
4854	1	ECHEC	0.00	0.00	0.00	0	f	0.00		f	0.00	0.00	0.00	0.00	0.00		AS201601	190
4855	1	BANQUE	35000.00	0.00	0.00	0	f	0.00		f	0.00	0.00	0.00	0.00	0.00		AS201602	190
4856	1	BANQUE	75000.00	0.00	0.00	0	f	0.00		f	0.00	0.00	0.00	0.00	0.00		AS201602	191
4857	1	ESPECES	35000.00	0.00	0.00	0	f	0.00		f	0.00	0.00	0.00	0.00	0.00		AS201604	190
4858	2	ESPECES	200000.00	0.00	0.00	0	f	0.00		f	0.00	0.00	0.00	0.00	0.00		AS201604	192
4859	1	BANQUE	35000.00	0.00	0.00	0	f	0.00		f	0.00	0.00	0.00	0.00	0.00		AS201605	190
4860	1	BANQUE	75000.00	0.00	0.00	0	f	0.00		f	0.00	0.00	0.00	0.00	0.00		AS201605	191
4861	1	BANQUE	100000.00	0.00	0.00	0	f	0.00		f	0.00	0.00	0.00	0.00	0.00		AS201605	192
4862	1	BANQUE	35000.00	0.00	0.00	0	f	0.00		f	0.00	0.00	0.00	0.00	0.00		AS201608	190
4863	1	BANQUE	75000.00	0.00	0.00	0	f	0.00		f	0.00	0.00	0.00	0.00	0.00		AS201608	191
4864	2	BANQUE	200000.00	0.00	0.00	0	f	0.00		f	0.00	0.00	0.00	0.00	0.00		AS201608	192
4865	1	BANQUE	35000.00	0.00	0.00	0	f	0.00		f	0.00	0.00	0.00	0.00	0.00		AS201609	190
4866	1	BANQUE	75000.00	0.00	0.00	0	f	0.00		f	0.00	0.00	0.00	0.00	0.00		AS201609	191
4867	1	BANQUE	35000.00	0.00	0.00	0	f	0.00		f	0.00	0.00	0.00	0.00	0.00		AS201611	190
4868	1	BANQUE	75000.00	0.00	0.00	0	f	0.00		f	0.00	0.00	0.00	0.00	0.00		AS201611	191
4869	1	BANQUE	100000.00	0.00	0.00	0	f	0.00		f	0.00	0.00	0.00	0.00	0.00		AS201611	192
4870	1	BANQUE	35000.00	0.00	0.00	0	f	0.00		f	0.00	0.00	0.00	0.00	0.00		AS201613	190
4871	1	BANQUE	75000.00	0.00	0.00	0	f	0.00		f	0.00	0.00	0.00	0.00	0.00		AS201613	191
4872	1	BANQUE	100000.00	0.00	0.00	0	f	0.00		f	0.00	0.00	0.00	0.00	0.00		AS201613	192
4873	1	BANQUE	35000.00	0.00	0.00	0	f	0.00		f	0.00	0.00	0.00	0.00	0.00		AS201617	190
4874	1	BANQUE	100000.00	0.00	0.00	0	f	0.00		f	0.00	0.00	0.00	0.00	0.00		AS201617	192
4875	1	BANQUE	35000.00	0.00	0.00	0	f	0.00		f	0.00	0.00	0.00	0.00	0.00		AS201619	190
4876	1	BANQUE	75000.00	0.00	0.00	0	f	0.00		f	0.00	0.00	0.00	0.00	0.00		AS201619	191
4877	1	BANQUE	100000.00	0.00	0.00	0	f	0.00		f	0.00	0.00	0.00	0.00	0.00		AS201619	192
4878	1	ECHEC	0.00	0.00	0.00	0	f	0.00		f	0.00	0.00	0.00	0.00	0.00		AS201620	190
4879	1	ECHEC	0.00	0.00	0.00	0	f	0.00		f	0.00	0.00	0.00	0.00	0.00		AS201620	191
4880	1	ECHEC	0.00	0.00	0.00	0	f	0.00		f	0.00	0.00	0.00	0.00	0.00		AS201620	192
4881	1	BANQUE	35000.00	0.00	0.00	0	f	0.00		f	0.00	0.00	0.00	0.00	0.00		AS201621	190
4882	1	BANQUE	75000.00	0.00	0.00	0	f	0.00		f	0.00	0.00	0.00	0.00	0.00		AS201621	191
4883	1	BANQUE	100000.00	0.00	0.00	0	f	0.00		f	0.00	0.00	0.00	0.00	0.00		AS201621	192
4884	1	BANQUE	35000.00	0.00	0.00	0	f	0.00		f	0.00	0.00	0.00	0.00	0.00		AS201622	190
4885	1	BANQUE	100000.00	0.00	0.00	0	f	0.00		f	0.00	0.00	0.00	0.00	0.00		AS201622	192
4886	1	BANQUE	35000.00	0.00	0.00	0	f	0.00		f	0.00	0.00	0.00	0.00	0.00		AS201624	190
4887	1	BANQUE	75000.00	0.00	0.00	0	f	0.00		f	0.00	0.00	0.00	0.00	0.00		AS201624	191
4888	1	BANQUE	100000.00	0.00	0.00	0	f	0.00		f	0.00	0.00	0.00	0.00	0.00		AS201624	192
4889	1	BANQUE	35000.00	0.00	0.00	0	f	0.00		f	0.00	0.00	0.00	0.00	0.00		AS201626	190
4890	1	BANQUE	75000.00	0.00	0.00	0	f	0.00		f	0.00	0.00	0.00	0.00	0.00		AS201626	191
4891	1	BANQUE	35000.00	0.00	0.00	0	f	0.00		f	0.00	0.00	0.00	0.00	0.00		AS201628	190
4892	1	BANQUE	75000.00	0.00	0.00	0	f	0.00		f	0.00	0.00	0.00	0.00	0.00		AS201628	191
4893	1	BANQUE	100000.00	0.00	0.00	0	f	0.00		f	0.00	0.00	0.00	0.00	0.00		AS201628	192
4894	1	BANQUE	35000.00	0.00	0.00	0	f	0.00		f	0.00	0.00	0.00	0.00	0.00		AS201633	190
4895	1	BANQUE	100000.00	0.00	0.00	0	f	0.00		f	0.00	0.00	0.00	0.00	0.00		AS201633	192
4896	1	BANQUE	100000.00	0.00	0.00	0	f	0.00		f	0.00	0.00	0.00	0.00	0.00		AS201638	192
4897	1	BANQUE	35000.00	0.00	0.00	0	f	0.00		f	0.00	0.00	0.00	0.00	0.00		AS201639	190
4898	1	BANQUE	35000.00	0.00	0.00	0	f	0.00		f	0.00	0.00	0.00	0.00	0.00		AS201641	190
4899	1	BANQUE	100000.00	0.00	0.00	0	f	0.00		f	0.00	0.00	0.00	0.00	0.00		AS201641	192
4900	1	BANQUE	35000.00	0.00	0.00	0	f	0.00		f	0.00	0.00	0.00	0.00	0.00		AS201643	190
4901	1	BANQUE	100000.00	0.00	0.00	0	f	0.00		f	0.00	0.00	0.00	0.00	0.00		AS201643	192
4902	1	ESPECES	35000.00	0.00	0.00	0	f	0.00		f	0.00	0.00	0.00	0.00	0.00		AS201646	190
4903	1	ESPECES	100000.00	0.00	0.00	0	f	0.00		f	0.00	0.00	0.00	0.00	0.00		AS201646	192
4904	1	BANQUE	35000.00	0.00	0.00	0	f	0.00		f	0.00	0.00	0.00	0.00	0.00		AS201647	190
4905	1	BANQUE	100000.00	0.00	0.00	0	f	0.00		f	0.00	0.00	0.00	0.00	0.00		AS201647	192
4906	1	BANQUE	35000.00	0.00	0.00	0	f	0.00		f	0.00	0.00	0.00	0.00	0.00		AS201649	190
4907	1	BANQUE	100000.00	0.00	0.00	0	f	0.00		f	0.00	0.00	0.00	0.00	0.00		AS201649	192
4908	1	BANQUE	35000.00	0.00	0.00	0	f	0.00		f	0.00	0.00	0.00	0.00	0.00		AS201651	190
4909	1	BANQUE	100000.00	0.00	0.00	0	f	0.00		f	0.00	0.00	0.00	0.00	0.00		AS201651	192
4910	1	BANQUE	35000.00	0.00	0.00	0	f	0.00		f	0.00	0.00	0.00	0.00	0.00		AS201653	190
4911	1	BANQUE	100000.00	0.00	0.00	0	f	0.00		f	0.00	0.00	0.00	0.00	0.00		AS201653	192
4912	1	BANQUE	35000.00	0.00	0.00	0	f	0.00		f	0.00	0.00	0.00	0.00	0.00		AS201654	190
4913	1	BANQUE	75000.00	0.00	0.00	0	f	0.00		f	0.00	0.00	0.00	0.00	0.00		AS201654	191
4914	1	BANQUE	100000.00	0.00	0.00	0	f	0.00		f	0.00	0.00	0.00	0.00	0.00		AS201654	192
4915	1	BANQUE	35000.00	0.00	0.00	0	f	0.00		f	0.00	0.00	0.00	0.00	0.00		AS201656	190
4916	1	BANQUE	100000.00	0.00	0.00	0	f	0.00		f	0.00	0.00	0.00	0.00	0.00		AS201656	192
4917	1	BANQUE	35000.00	0.00	0.00	0	f	0.00		f	0.00	0.00	0.00	0.00	0.00		AS201657	190
4918	1	BANQUE	100000.00	0.00	0.00	0	f	0.00		f	0.00	0.00	0.00	0.00	0.00		AS201657	192
4919	1	BANQUE	35000.00	0.00	0.00	0	f	0.00		f	0.00	0.00	0.00	0.00	0.00		AS201658	190
4920	1	BANQUE	100000.00	0.00	0.00	0	f	0.00		f	0.00	0.00	0.00	0.00	0.00		AS201658	192
4921	1	ESPECES	35000.00	0.00	0.00	0	f	0.00		f	0.00	0.00	0.00	0.00	0.00		AS201629	190
4922	1	ESPECES	35000.00	0.00	0.00	0	f	0.00		f	0.00	0.00	0.00	0.00	0.00		AS201659	190
4923	1	BANQUE	35000.00	0.00	0.00	0	f	0.00		f	0.00	0.00	0.00	0.00	0.00		AS201660	190
4924	1	BANQUE	100000.00	0.00	0.00	0	f	0.00		f	0.00	0.00	0.00	0.00	0.00		AS201660	192
4925	1	BANQUE	35000.00	0.00	0.00	0	f	0.00		f	0.00	0.00	0.00	0.00	0.00		AS201661	190
4926	1	ESPECES	35000.00	0.00	0.00	0	f	0.00		f	0.00	0.00	0.00	0.00	0.00		AS201662	190
4927	1	ESPECES	100000.00	0.00	0.00	0	f	0.00		f	0.00	0.00	0.00	0.00	0.00		AS201662	192
4928	1	BANQUE	35000.00	0.00	0.00	0	f	0.00		f	0.00	0.00	0.00	0.00	0.00		AS201663	190
4929	2	BANQUE	150000.00	0.00	0.00	0	f	0.00		f	0.00	0.00	0.00	0.00	0.00		AS201648	194
4930	1	BANQUE	100000.00	0.00	0.00	0	f	0.00		f	0.00	0.00	0.00	0.00	0.00		AS201648	195
4931	1	BANQUE	35000.00	0.00	0.00	0	f	0.00		f	0.00	0.00	0.00	0.00	0.00		AS201601	193
4932	1	BANQUE	35000.00	0.00	0.00	0	f	0.00		f	0.00	0.00	0.00	0.00	0.00		AS201602	193
4933	1	BANQUE	75000.00	0.00	0.00	0	f	0.00		f	0.00	0.00	0.00	0.00	0.00		AS201602	194
4934	1	BANQUE	35000.00	0.00	0.00	0	f	0.00		f	0.00	0.00	0.00	0.00	0.00		AS201604	193
4935	2	BANQUE	200000.00	0.00	0.00	0	f	0.00		f	0.00	0.00	0.00	0.00	0.00		AS201604	195
4936	1	BANQUE	35000.00	0.00	0.00	0	f	0.00		f	0.00	0.00	0.00	0.00	0.00		AS201605	193
4937	1	BANQUE	75000.00	0.00	0.00	0	f	0.00		f	0.00	0.00	0.00	0.00	0.00		AS201605	194
4938	1	BANQUE	100000.00	0.00	0.00	0	f	0.00		f	0.00	0.00	0.00	0.00	0.00		AS201605	195
4939	1	BANQUE	35000.00	0.00	0.00	0	f	0.00		f	0.00	0.00	0.00	0.00	0.00		AS201608	193
4940	1	BANQUE	75000.00	0.00	0.00	0	f	0.00		f	0.00	0.00	0.00	0.00	0.00		AS201608	194
4941	2	BANQUE	200000.00	0.00	0.00	0	f	0.00		f	0.00	0.00	0.00	0.00	0.00		AS201608	195
4942	1	BANQUE	35000.00	0.00	0.00	0	f	0.00		f	0.00	0.00	0.00	0.00	0.00		AS201609	193
4943	1	BANQUE	75000.00	0.00	0.00	0	f	0.00		f	0.00	0.00	0.00	0.00	0.00		AS201609	194
4944	1	BANQUE	35000.00	0.00	0.00	0	f	0.00		f	0.00	0.00	0.00	0.00	0.00		AS201611	193
4945	1	BANQUE	75000.00	0.00	0.00	0	f	0.00		f	0.00	0.00	0.00	0.00	0.00		AS201611	194
4946	1	BANQUE	100000.00	0.00	0.00	0	f	0.00		f	0.00	0.00	0.00	0.00	0.00		AS201611	195
4947	1	BANQUE	35000.00	0.00	0.00	0	f	0.00		f	0.00	0.00	0.00	0.00	0.00		AS201613	193
4948	1	BANQUE	75000.00	0.00	0.00	0	f	0.00		f	0.00	0.00	0.00	0.00	0.00		AS201613	194
4949	1	BANQUE	100000.00	0.00	0.00	0	f	0.00		f	0.00	0.00	0.00	0.00	0.00		AS201613	195
4950	1	BANQUE	35000.00	0.00	0.00	0	f	0.00		f	0.00	0.00	0.00	0.00	0.00		AS201617	193
4951	1	BANQUE	100000.00	0.00	0.00	0	f	0.00		f	0.00	0.00	0.00	0.00	0.00		AS201617	195
4952	1	BANQUE	35000.00	0.00	0.00	0	f	0.00		f	0.00	0.00	0.00	0.00	0.00		AS201619	193
4953	1	BANQUE	75000.00	0.00	0.00	0	f	0.00		f	0.00	0.00	0.00	0.00	0.00		AS201619	194
4954	1	BANQUE	100000.00	0.00	0.00	0	f	0.00		f	0.00	0.00	0.00	0.00	0.00		AS201619	195
4955	1	ECHEC	0.00	0.00	0.00	0	f	0.00		f	0.00	0.00	0.00	0.00	0.00		AS201620	193
4956	1	ECHEC	0.00	0.00	0.00	0	f	0.00		f	0.00	0.00	0.00	0.00	0.00		AS201620	194
4957	1	ECHEC	0.00	0.00	0.00	0	f	0.00		f	0.00	0.00	0.00	0.00	0.00		AS201620	195
4958	1	BANQUE	35000.00	0.00	0.00	0	f	0.00		f	0.00	0.00	0.00	0.00	0.00		AS201621	193
4959	1	BANQUE	75000.00	0.00	0.00	0	f	0.00		f	0.00	0.00	0.00	0.00	0.00		AS201621	194
4960	1	BANQUE	100000.00	0.00	0.00	0	f	0.00		f	0.00	0.00	0.00	0.00	0.00		AS201621	195
4961	1	BANQUE	35000.00	0.00	0.00	0	f	0.00		f	0.00	0.00	0.00	0.00	0.00		AS201622	193
4962	1	BANQUE	100000.00	0.00	0.00	0	f	0.00		f	0.00	0.00	0.00	0.00	0.00		AS201622	195
4963	1	BANQUE	35000.00	0.00	0.00	0	f	0.00		f	0.00	0.00	0.00	0.00	0.00		AS201624	193
4964	1	BANQUE	75000.00	0.00	0.00	0	f	0.00		f	0.00	0.00	0.00	0.00	0.00		AS201624	194
4965	1	BANQUE	100000.00	0.00	0.00	0	f	0.00		f	0.00	0.00	0.00	0.00	0.00		AS201624	195
4966	1	BANQUE	35000.00	0.00	0.00	0	f	0.00		f	0.00	0.00	0.00	0.00	0.00		AS201626	193
4967	1	BANQUE	75000.00	0.00	0.00	0	f	0.00		f	0.00	0.00	0.00	0.00	0.00		AS201626	194
4968	1	BANQUE	35000.00	0.00	0.00	0	f	0.00		f	0.00	0.00	0.00	0.00	0.00		AS201628	193
4969	1	BANQUE	75000.00	0.00	0.00	0	f	0.00		f	0.00	0.00	0.00	0.00	0.00		AS201628	194
4970	1	BANQUE	100000.00	0.00	0.00	0	f	0.00		f	0.00	0.00	0.00	0.00	0.00		AS201628	195
4971	1	BANQUE	35000.00	0.00	0.00	0	f	0.00		f	0.00	0.00	0.00	0.00	0.00		AS201633	193
4972	1	BANQUE	100000.00	0.00	0.00	0	f	0.00		f	0.00	0.00	0.00	0.00	0.00		AS201633	195
4973	1	BANQUE	100000.00	0.00	0.00	0	f	0.00		f	0.00	0.00	0.00	0.00	0.00		AS201638	195
4974	1	ESPECES	35000.00	0.00	0.00	0	f	0.00		f	0.00	0.00	0.00	0.00	0.00		AS201639	193
4975	1	BANQUE	35000.00	0.00	0.00	0	f	0.00		f	0.00	0.00	0.00	0.00	0.00		AS201641	193
4976	1	BANQUE	100000.00	0.00	0.00	0	f	0.00		f	0.00	0.00	0.00	0.00	0.00		AS201641	195
4977	1	BANQUE	35000.00	0.00	0.00	0	f	0.00		f	0.00	0.00	0.00	0.00	0.00		AS201643	193
4978	1	BANQUE	100000.00	0.00	0.00	0	f	0.00		f	0.00	0.00	0.00	0.00	0.00		AS201643	195
4979	1	BANQUE	35000.00	0.00	0.00	0	f	0.00		f	0.00	0.00	0.00	0.00	0.00		AS201646	193
4980	1	BANQUE	100000.00	0.00	0.00	0	f	0.00		f	0.00	0.00	0.00	0.00	0.00		AS201646	195
4981	1	BANQUE	35000.00	0.00	0.00	0	f	0.00		f	0.00	0.00	0.00	0.00	0.00		AS201647	193
4982	1	BANQUE	100000.00	0.00	0.00	0	f	0.00		f	0.00	0.00	0.00	0.00	0.00		AS201647	195
4983	1	BANQUE	35000.00	0.00	0.00	0	f	0.00		f	0.00	0.00	0.00	0.00	0.00		AS201649	193
4984	1	BANQUE	100000.00	0.00	0.00	0	f	0.00		f	0.00	0.00	0.00	0.00	0.00		AS201649	195
4985	1	BANQUE	35000.00	0.00	0.00	0	f	0.00		f	0.00	0.00	0.00	0.00	0.00		AS201651	193
4986	1	BANQUE	100000.00	0.00	0.00	0	f	0.00		f	0.00	0.00	0.00	0.00	0.00		AS201651	195
4987	1	BANQUE	35000.00	0.00	0.00	0	f	0.00		f	0.00	0.00	0.00	0.00	0.00		AS201653	193
4988	1	BANQUE	100000.00	0.00	0.00	0	f	0.00		f	0.00	0.00	0.00	0.00	0.00		AS201653	195
4989	1	BANQUE	35000.00	0.00	0.00	0	f	0.00		f	0.00	0.00	0.00	0.00	0.00		AS201654	193
4990	1	BANQUE	75000.00	0.00	0.00	0	f	0.00		f	0.00	0.00	0.00	0.00	0.00		AS201654	194
4991	1	BANQUE	100000.00	0.00	0.00	0	f	0.00		f	0.00	0.00	0.00	0.00	0.00		AS201654	195
4992	1	BANQUE	35000.00	0.00	0.00	0	f	0.00		f	0.00	0.00	0.00	0.00	0.00		AS201656	193
4993	1	BANQUE	100000.00	0.00	0.00	0	f	0.00		f	0.00	0.00	0.00	0.00	0.00		AS201656	195
4994	1	BANQUE	35000.00	0.00	0.00	0	f	0.00		f	0.00	0.00	0.00	0.00	0.00		AS201657	193
4995	1	BANQUE	100000.00	0.00	0.00	0	f	0.00		f	0.00	0.00	0.00	0.00	0.00		AS201657	195
4996	1	BANQUE	35000.00	0.00	0.00	0	f	0.00		f	0.00	0.00	0.00	0.00	0.00		AS201658	193
4997	1	BANQUE	100000.00	0.00	0.00	0	f	0.00		f	0.00	0.00	0.00	0.00	0.00		AS201658	195
4998	1	ESPECES	35000.00	0.00	0.00	0	f	0.00		f	0.00	0.00	0.00	0.00	0.00		AS201629	193
4999	1	BANQUE	35000.00	0.00	0.00	0	f	0.00		f	0.00	0.00	0.00	0.00	0.00		AS201659	193
5000	1	BANQUE	35000.00	0.00	0.00	0	f	0.00		f	0.00	0.00	0.00	0.00	0.00		AS201660	193
5001	1	BANQUE	100000.00	0.00	0.00	0	f	0.00		f	0.00	0.00	0.00	0.00	0.00		AS201660	195
5002	1	BANQUE	35000.00	0.00	0.00	0	f	0.00		f	0.00	0.00	0.00	0.00	0.00		AS201661	193
5003	1	ESPECES	35000.00	0.00	0.00	0	f	0.00		f	0.00	0.00	0.00	0.00	0.00		AS201662	193
5004	1	ESPECES	100000.00	0.00	0.00	0	f	0.00		f	0.00	0.00	0.00	0.00	0.00		AS201662	195
5005	1	BANQUE	35000.00	0.00	0.00	0	f	0.00		f	0.00	0.00	0.00	0.00	0.00		AS201663	193
5006	2	BANQUE	150000.00	0.00	0.00	0	f	0.00		f	0.00	0.00	0.00	0.00	0.00		AS201648	197
5007	1	BANQUE	100000.00	0.00	0.00	0	f	0.00		f	0.00	0.00	0.00	0.00	0.00		AS201648	198
5008	1	ESPECES	35000.00	0.00	0.00	0	f	0.00		f	0.00	0.00	0.00	0.00	0.00		AS201601	196
5009	1	BANQUE	35000.00	0.00	0.00	0	f	0.00		f	0.00	0.00	0.00	0.00	0.00		AS201602	196
5010	1	BANQUE	75000.00	0.00	0.00	0	f	0.00		f	0.00	0.00	0.00	0.00	0.00		AS201602	197
5011	1	ESPECES	35000.00	0.00	0.00	0	f	0.00		f	0.00	0.00	0.00	0.00	0.00		AS201604	196
5012	2	ESPECES	200000.00	0.00	0.00	0	f	0.00		f	0.00	0.00	0.00	0.00	0.00		AS201604	198
5013	1	BANQUE	35000.00	0.00	0.00	0	f	0.00		f	0.00	0.00	0.00	0.00	0.00		AS201605	196
5014	1	BANQUE	75000.00	0.00	0.00	0	f	0.00		f	0.00	0.00	0.00	0.00	0.00		AS201605	197
5015	1	BANQUE	100000.00	0.00	0.00	0	f	0.00		f	0.00	0.00	0.00	0.00	0.00		AS201605	198
5016	1	BANQUE	35000.00	0.00	0.00	0	f	0.00		f	0.00	0.00	0.00	0.00	0.00		AS201608	196
5017	1	BANQUE	75000.00	0.00	0.00	0	f	0.00		f	0.00	0.00	0.00	0.00	0.00		AS201608	197
5018	2	BANQUE	200000.00	0.00	0.00	0	f	0.00		f	0.00	0.00	0.00	0.00	0.00		AS201608	198
5019	1	BANQUE	35000.00	0.00	0.00	0	f	0.00		f	0.00	0.00	0.00	0.00	0.00		AS201609	196
5020	1	BANQUE	75000.00	0.00	0.00	0	f	0.00		f	0.00	0.00	0.00	0.00	0.00		AS201609	197
5021	1	BANQUE	35000.00	0.00	0.00	0	f	0.00		f	0.00	0.00	0.00	0.00	0.00		AS201611	196
5022	1	BANQUE	75000.00	0.00	0.00	0	f	0.00		f	0.00	0.00	0.00	0.00	0.00		AS201611	197
5023	1	BANQUE	100000.00	0.00	0.00	0	f	0.00		f	0.00	0.00	0.00	0.00	0.00		AS201611	198
5024	1	BANQUE	35000.00	0.00	0.00	0	f	0.00		f	0.00	0.00	0.00	0.00	0.00		AS201613	196
5025	1	BANQUE	75000.00	0.00	0.00	0	f	0.00		f	0.00	0.00	0.00	0.00	0.00		AS201613	197
5026	1	BANQUE	100000.00	0.00	0.00	0	f	0.00		f	0.00	0.00	0.00	0.00	0.00		AS201613	198
5027	1	BANQUE	35000.00	0.00	0.00	0	f	0.00		f	0.00	0.00	0.00	0.00	0.00		AS201617	196
5028	1	BANQUE	100000.00	0.00	0.00	0	f	0.00		f	0.00	0.00	0.00	0.00	0.00		AS201617	198
5029	1	BANQUE	35000.00	0.00	0.00	0	f	0.00		f	0.00	0.00	0.00	0.00	0.00		AS201619	196
5030	1	BANQUE	75000.00	0.00	0.00	0	f	0.00		f	0.00	0.00	0.00	0.00	0.00		AS201619	197
5031	1	BANQUE	100000.00	0.00	0.00	0	f	0.00		f	0.00	0.00	0.00	0.00	0.00		AS201619	198
5032	1	ECHEC	0.00	0.00	0.00	0	f	0.00		f	0.00	0.00	0.00	0.00	0.00		AS201620	196
5033	1	ECHEC	0.00	0.00	0.00	0	f	0.00		f	0.00	0.00	0.00	0.00	0.00		AS201620	197
5034	1	ECHEC	0.00	0.00	0.00	0	f	0.00		f	0.00	0.00	0.00	0.00	0.00		AS201620	198
5035	1	BANQUE	35000.00	0.00	0.00	0	f	0.00		f	0.00	0.00	0.00	0.00	0.00		AS201621	196
5036	1	BANQUE	75000.00	0.00	0.00	0	f	0.00		f	0.00	0.00	0.00	0.00	0.00		AS201621	197
5037	1	BANQUE	100000.00	0.00	0.00	0	f	0.00		f	0.00	0.00	0.00	0.00	0.00		AS201621	198
5038	1	BANQUE	35000.00	0.00	0.00	0	f	0.00		f	0.00	0.00	0.00	0.00	0.00		AS201622	196
5039	1	BANQUE	100000.00	0.00	0.00	0	f	0.00		f	0.00	0.00	0.00	0.00	0.00		AS201622	198
5040	1	BANQUE	35000.00	0.00	0.00	0	f	0.00		f	0.00	0.00	0.00	0.00	0.00		AS201624	196
5041	1	BANQUE	75000.00	0.00	0.00	0	f	0.00		f	0.00	0.00	0.00	0.00	0.00		AS201624	197
5042	1	BANQUE	100000.00	0.00	0.00	0	f	0.00		f	0.00	0.00	0.00	0.00	0.00		AS201624	198
5043	1	BANQUE	35000.00	0.00	0.00	0	f	0.00		f	0.00	0.00	0.00	0.00	0.00		AS201626	196
5044	1	BANQUE	75000.00	0.00	0.00	0	f	0.00		f	0.00	0.00	0.00	0.00	0.00		AS201626	197
5045	1	ESPECES	35000.00	0.00	0.00	0	f	0.00		f	0.00	0.00	0.00	0.00	0.00		AS201628	196
5046	1	ESPECES	75000.00	0.00	0.00	0	f	0.00		f	0.00	0.00	0.00	0.00	0.00		AS201628	197
5047	1	ESPECES	100000.00	0.00	0.00	0	f	0.00		f	0.00	0.00	0.00	0.00	0.00		AS201628	198
5048	1	BANQUE	35000.00	0.00	0.00	0	f	0.00		f	0.00	0.00	0.00	0.00	0.00		AS201633	196
5049	1	BANQUE	100000.00	0.00	0.00	0	f	0.00		f	0.00	0.00	0.00	0.00	0.00		AS201633	198
5050	1	BANQUE	100000.00	0.00	0.00	0	f	0.00		f	0.00	0.00	0.00	0.00	0.00		AS201638	198
5051	1	BANQUE	35000.00	0.00	0.00	0	f	0.00		f	0.00	0.00	0.00	0.00	0.00		AS201639	196
5052	1	BANQUE	35000.00	0.00	0.00	0	f	0.00		f	0.00	0.00	0.00	0.00	0.00		AS201641	196
5053	1	BANQUE	100000.00	0.00	0.00	0	f	0.00		f	0.00	0.00	0.00	0.00	0.00		AS201641	198
5054	1	BANQUE	35000.00	0.00	0.00	0	f	0.00		f	0.00	0.00	0.00	0.00	0.00		AS201643	196
5055	1	BANQUE	100000.00	0.00	0.00	0	f	0.00		f	0.00	0.00	0.00	0.00	0.00		AS201643	198
5056	1	ESPECES	35000.00	0.00	0.00	0	f	0.00		f	0.00	0.00	0.00	0.00	0.00		AS201646	196
5057	1	ESPECES	100000.00	0.00	0.00	0	f	0.00		f	0.00	0.00	0.00	0.00	0.00		AS201646	198
5058	1	BANQUE	35000.00	0.00	0.00	0	f	0.00		f	0.00	0.00	0.00	0.00	0.00		AS201647	196
5059	1	BANQUE	100000.00	0.00	0.00	0	f	0.00		f	0.00	0.00	0.00	0.00	0.00		AS201647	198
5060	1	BANQUE	35000.00	0.00	0.00	0	f	0.00		f	0.00	0.00	0.00	0.00	0.00		AS201649	196
5061	1	BANQUE	100000.00	0.00	0.00	0	f	0.00		f	0.00	0.00	0.00	0.00	0.00		AS201649	198
5062	1	BANQUE	35000.00	0.00	0.00	0	f	0.00		f	0.00	0.00	0.00	0.00	0.00		AS201651	196
5063	1	BANQUE	100000.00	0.00	0.00	0	f	0.00		f	0.00	0.00	0.00	0.00	0.00		AS201651	198
5064	1	BANQUE	35000.00	0.00	0.00	0	f	0.00		f	0.00	0.00	0.00	0.00	0.00		AS201653	196
5065	1	BANQUE	100000.00	0.00	0.00	0	f	0.00		f	0.00	0.00	0.00	0.00	0.00		AS201653	198
5066	1	BANQUE	35000.00	0.00	0.00	0	f	0.00		f	0.00	0.00	0.00	0.00	0.00		AS201654	196
5067	1	BANQUE	75000.00	0.00	0.00	0	f	0.00		f	0.00	0.00	0.00	0.00	0.00		AS201654	197
5068	1	BANQUE	100000.00	0.00	0.00	0	f	0.00		f	0.00	0.00	0.00	0.00	0.00		AS201654	198
5069	1	BANQUE	35000.00	0.00	0.00	0	f	0.00		f	0.00	0.00	0.00	0.00	0.00		AS201656	196
5070	1	BANQUE	100000.00	0.00	0.00	0	f	0.00		f	0.00	0.00	0.00	0.00	0.00		AS201656	198
5071	1	BANQUE	35000.00	0.00	0.00	0	f	0.00		f	0.00	0.00	0.00	0.00	0.00		AS201657	196
5072	1	BANQUE	100000.00	0.00	0.00	0	f	0.00		f	0.00	0.00	0.00	0.00	0.00		AS201657	198
5073	1	BANQUE	35000.00	0.00	0.00	0	f	0.00		f	0.00	0.00	0.00	0.00	0.00		AS201658	196
5074	1	BANQUE	100000.00	0.00	0.00	0	f	0.00		f	0.00	0.00	0.00	0.00	0.00		AS201658	198
5075	1	ESPECES	35000.00	0.00	0.00	0	f	0.00		f	0.00	0.00	0.00	0.00	0.00		AS201629	196
5076	1	ESPECES	35000.00	0.00	0.00	0	f	0.00		f	0.00	0.00	0.00	0.00	0.00		AS201659	196
5077	1	BANQUE	35000.00	0.00	0.00	0	f	0.00		f	0.00	0.00	0.00	0.00	0.00		AS201660	196
5078	1	BANQUE	100000.00	0.00	0.00	0	f	0.00		f	0.00	0.00	0.00	0.00	0.00		AS201660	198
5079	1	BANQUE	35000.00	0.00	0.00	0	f	0.00		f	0.00	0.00	0.00	0.00	0.00		AS201661	196
5080	1	ESPECES	35000.00	0.00	0.00	0	f	0.00		f	0.00	0.00	0.00	0.00	0.00		AS201662	196
5081	1	ESPECES	100000.00	0.00	0.00	0	f	0.00		f	0.00	0.00	0.00	0.00	0.00		AS201662	198
5082	1	BANQUE	35000.00	0.00	0.00	0	f	0.00		f	0.00	0.00	0.00	0.00	0.00		AS201663	196
5083	2	BANQUE	150000.00	0.00	0.00	0	f	0.00		f	0.00	0.00	0.00	0.00	0.00		AS201648	200
5084	1	BANQUE	100000.00	0.00	0.00	0	f	0.00		f	0.00	0.00	0.00	0.00	0.00		AS201648	201
5085	1	ESPECES	35000.00	0.00	0.00	0	f	0.00		f	0.00	0.00	0.00	0.00	0.00		AS201601	199
5086	1	BANQUE	35000.00	0.00	0.00	0	f	0.00		f	0.00	0.00	0.00	0.00	0.00		AS201602	199
5087	1	BANQUE	75000.00	0.00	0.00	0	f	0.00		f	0.00	0.00	0.00	0.00	0.00		AS201602	200
5088	1	ESPECES	35000.00	0.00	0.00	0	f	0.00		f	0.00	0.00	0.00	0.00	0.00		AS201604	199
5089	2	ESPECES	200000.00	0.00	0.00	0	f	0.00		f	0.00	0.00	0.00	0.00	0.00		AS201604	201
5090	1	BANQUE	35000.00	0.00	0.00	0	f	0.00		f	0.00	0.00	0.00	0.00	0.00		AS201605	199
5091	1	BANQUE	75000.00	0.00	0.00	0	f	0.00		f	0.00	0.00	0.00	0.00	0.00		AS201605	200
5092	1	BANQUE	100000.00	0.00	0.00	0	f	0.00		f	0.00	0.00	0.00	0.00	0.00		AS201605	201
5093	1	BANQUE	35000.00	0.00	0.00	0	f	0.00		f	0.00	0.00	0.00	0.00	0.00		AS201608	199
5094	1	BANQUE	75000.00	0.00	0.00	0	f	0.00		f	0.00	0.00	0.00	0.00	0.00		AS201608	200
5095	2	BANQUE	200000.00	0.00	0.00	0	f	0.00		f	0.00	0.00	0.00	0.00	0.00		AS201608	201
5096	1	BANQUE	35000.00	0.00	0.00	0	f	0.00		f	0.00	0.00	0.00	0.00	0.00		AS201609	199
5097	1	BANQUE	75000.00	0.00	0.00	0	f	0.00		f	0.00	0.00	0.00	0.00	0.00		AS201609	200
5098	1	BANQUE	35000.00	0.00	0.00	0	f	0.00		f	0.00	0.00	0.00	0.00	0.00		AS201611	199
5099	1	BANQUE	75000.00	0.00	0.00	0	f	0.00		f	0.00	0.00	0.00	0.00	0.00		AS201611	200
5100	1	BANQUE	100000.00	0.00	0.00	0	f	0.00		f	0.00	0.00	0.00	0.00	0.00		AS201611	201
5101	1	BANQUE	35000.00	0.00	0.00	0	f	0.00		f	0.00	0.00	0.00	0.00	0.00		AS201613	199
5102	1	BANQUE	75000.00	0.00	0.00	0	f	0.00		f	0.00	0.00	0.00	0.00	0.00		AS201613	200
5103	1	BANQUE	100000.00	0.00	0.00	0	f	0.00		f	0.00	0.00	0.00	0.00	0.00		AS201613	201
5104	1	BANQUE	35000.00	0.00	0.00	0	f	0.00		f	0.00	0.00	0.00	0.00	0.00		AS201617	199
5105	1	BANQUE	100000.00	0.00	0.00	0	f	0.00		f	0.00	0.00	0.00	0.00	0.00		AS201617	201
5106	1	BANQUE	35000.00	0.00	0.00	0	f	0.00		f	0.00	0.00	0.00	0.00	0.00		AS201619	199
5107	1	BANQUE	75000.00	0.00	0.00	0	f	0.00		f	0.00	0.00	0.00	0.00	0.00		AS201619	200
5108	1	BANQUE	100000.00	0.00	0.00	0	f	0.00		f	0.00	0.00	0.00	0.00	0.00		AS201619	201
5109	1	ECHEC	0.00	0.00	0.00	0	f	0.00		f	0.00	0.00	0.00	0.00	0.00		AS201620	199
5110	1	ECHEC	0.00	0.00	0.00	0	f	0.00		f	0.00	0.00	0.00	0.00	0.00		AS201620	200
5111	1	ECHEC	0.00	0.00	0.00	0	f	0.00		f	0.00	0.00	0.00	0.00	0.00		AS201620	201
5112	1	BANQUE	35000.00	0.00	0.00	0	f	0.00		f	0.00	0.00	0.00	0.00	0.00		AS201621	199
5113	1	BANQUE	75000.00	0.00	0.00	0	f	0.00		f	0.00	0.00	0.00	0.00	0.00		AS201621	200
5114	1	BANQUE	100000.00	0.00	0.00	0	f	0.00		f	0.00	0.00	0.00	0.00	0.00		AS201621	201
5115	1	BANQUE	35000.00	0.00	0.00	0	f	0.00		f	0.00	0.00	0.00	0.00	0.00		AS201622	199
5116	1	BANQUE	100000.00	0.00	0.00	0	f	0.00		f	0.00	0.00	0.00	0.00	0.00		AS201622	201
5117	1	BANQUE	35000.00	0.00	0.00	0	f	0.00		f	0.00	0.00	0.00	0.00	0.00		AS201624	199
5118	1	BANQUE	75000.00	0.00	0.00	0	f	0.00		f	0.00	0.00	0.00	0.00	0.00		AS201624	200
5119	1	BANQUE	100000.00	0.00	0.00	0	f	0.00		f	0.00	0.00	0.00	0.00	0.00		AS201624	201
5120	1	BANQUE	35000.00	0.00	0.00	0	f	0.00		f	0.00	0.00	0.00	0.00	0.00		AS201626	199
5121	1	BANQUE	75000.00	0.00	0.00	0	f	0.00		f	0.00	0.00	0.00	0.00	0.00		AS201626	200
5122	1	BANQUE	35000.00	0.00	0.00	0	f	0.00		f	0.00	0.00	0.00	0.00	0.00		AS201628	199
5123	1	BANQUE	75000.00	0.00	0.00	0	f	0.00		f	0.00	0.00	0.00	0.00	0.00		AS201628	200
5124	1	BANQUE	100000.00	0.00	0.00	0	f	0.00		f	0.00	0.00	0.00	0.00	0.00		AS201628	201
5125	1	BANQUE	35000.00	0.00	0.00	0	f	0.00		f	0.00	0.00	0.00	0.00	0.00		AS201633	199
5126	1	BANQUE	100000.00	0.00	0.00	0	f	0.00		f	0.00	0.00	0.00	0.00	0.00		AS201633	201
5127	1	BANQUE	100000.00	0.00	0.00	0	f	0.00		f	0.00	0.00	0.00	0.00	0.00		AS201638	201
5128	1	BANQUE	35000.00	0.00	0.00	0	f	0.00		f	0.00	0.00	0.00	0.00	0.00		AS201639	199
5129	1	BANQUE	35000.00	0.00	0.00	0	f	0.00		f	0.00	0.00	0.00	0.00	0.00		AS201641	199
5130	1	BANQUE	100000.00	0.00	0.00	0	f	0.00		f	0.00	0.00	0.00	0.00	0.00		AS201641	201
5131	1	BANQUE	35000.00	0.00	0.00	0	f	0.00		f	0.00	0.00	0.00	0.00	0.00		AS201643	199
5132	1	BANQUE	100000.00	0.00	0.00	0	f	0.00		f	0.00	0.00	0.00	0.00	0.00		AS201643	201
5133	1	BANQUE	35000.00	0.00	0.00	0	f	0.00		f	0.00	0.00	0.00	0.00	0.00		AS201646	199
5134	1	BANQUE	100000.00	0.00	0.00	0	f	0.00		f	0.00	0.00	0.00	0.00	0.00		AS201646	201
5135	1	BANQUE	35000.00	0.00	0.00	0	f	0.00		f	0.00	0.00	0.00	0.00	0.00		AS201647	199
5136	1	BANQUE	100000.00	0.00	0.00	0	f	0.00		f	0.00	0.00	0.00	0.00	0.00		AS201647	201
5137	1	BANQUE	35000.00	0.00	0.00	0	f	0.00		f	0.00	0.00	0.00	0.00	0.00		AS201649	199
5138	1	BANQUE	100000.00	0.00	0.00	0	f	0.00		f	0.00	0.00	0.00	0.00	0.00		AS201649	201
5139	1	BANQUE	35000.00	0.00	0.00	0	f	0.00		f	0.00	0.00	0.00	0.00	0.00		AS201651	199
5140	1	BANQUE	100000.00	0.00	0.00	0	f	0.00		f	0.00	0.00	0.00	0.00	0.00		AS201651	201
5141	1	BANQUE	35000.00	0.00	0.00	0	f	0.00		f	0.00	0.00	0.00	0.00	0.00		AS201653	199
5142	1	BANQUE	100000.00	0.00	0.00	0	f	0.00		f	0.00	0.00	0.00	0.00	0.00		AS201653	201
5143	1	BANQUE	35000.00	0.00	0.00	0	f	0.00		f	0.00	0.00	0.00	0.00	0.00		AS201654	199
5144	1	BANQUE	75000.00	0.00	0.00	0	f	0.00		f	0.00	0.00	0.00	0.00	0.00		AS201654	200
5145	1	BANQUE	100000.00	0.00	0.00	0	f	0.00		f	0.00	0.00	0.00	0.00	0.00		AS201654	201
5146	1	BANQUE	35000.00	0.00	0.00	0	f	0.00		f	0.00	0.00	0.00	0.00	0.00		AS201656	199
5147	1	BANQUE	100000.00	0.00	0.00	0	f	0.00		f	0.00	0.00	0.00	0.00	0.00		AS201656	201
5148	1	BANQUE	35000.00	0.00	0.00	0	f	0.00		f	0.00	0.00	0.00	0.00	0.00		AS201657	199
5149	1	BANQUE	100000.00	0.00	0.00	0	f	0.00		f	0.00	0.00	0.00	0.00	0.00		AS201657	201
5150	1	BANQUE	35000.00	0.00	0.00	0	f	0.00		f	0.00	0.00	0.00	0.00	0.00		AS201658	199
5151	1	BANQUE	100000.00	0.00	0.00	0	f	0.00		f	0.00	0.00	0.00	0.00	0.00		AS201658	201
5152	1	ESPECES	35000.00	0.00	0.00	0	f	0.00		f	0.00	0.00	0.00	0.00	0.00		AS201629	199
5153	1	BANQUE	35000.00	0.00	0.00	0	f	0.00		f	0.00	0.00	0.00	0.00	0.00		AS201659	199
5154	1	BANQUE	35000.00	0.00	0.00	0	f	0.00		f	0.00	0.00	0.00	0.00	0.00		AS201660	199
5155	1	BANQUE	100000.00	0.00	0.00	0	f	0.00		f	0.00	0.00	0.00	0.00	0.00		AS201660	201
5156	1	BANQUE	35000.00	0.00	0.00	0	f	0.00		f	0.00	0.00	0.00	0.00	0.00		AS201661	199
5157	1	ESPECES	35000.00	0.00	0.00	0	f	0.00		f	0.00	0.00	0.00	0.00	0.00		AS201662	199
5158	1	ESPECES	100000.00	0.00	0.00	0	f	0.00		f	0.00	0.00	0.00	0.00	0.00		AS201662	201
5159	1	BANQUE	35000.00	0.00	0.00	0	f	0.00		f	0.00	0.00	0.00	0.00	0.00		AS201663	199
5160	2	BANQUE	150000.00	0.00	0.00	0	f	0.00		f	0.00	0.00	0.00	0.00	0.00		AS201648	203
5161	1	BANQUE	100000.00	0.00	0.00	0	f	0.00		f	0.00	0.00	0.00	0.00	0.00		AS201648	204
5162	1	ESPECES	35000.00	0.00	0.00	0	f	0.00		f	0.00	0.00	0.00	0.00	0.00		AS201601	202
5163	1	BANQUE	35000.00	0.00	0.00	0	f	0.00		f	0.00	0.00	0.00	0.00	0.00		AS201602	202
5164	1	BANQUE	75000.00	0.00	0.00	0	f	0.00		f	0.00	0.00	0.00	0.00	0.00		AS201602	203
5165	1	ESPECES	35000.00	0.00	0.00	0	f	0.00		f	0.00	0.00	0.00	0.00	0.00		AS201604	202
5166	2	ESPECES	200000.00	0.00	0.00	0	f	0.00		f	0.00	0.00	0.00	0.00	0.00		AS201604	204
5167	1	BANQUE	35000.00	0.00	0.00	0	f	0.00		f	0.00	0.00	0.00	0.00	0.00		AS201605	202
5168	1	BANQUE	75000.00	0.00	0.00	0	f	0.00		f	0.00	0.00	0.00	0.00	0.00		AS201605	203
5169	1	BANQUE	100000.00	0.00	0.00	0	f	0.00		f	0.00	0.00	0.00	0.00	0.00		AS201605	204
5170	1	BANQUE	35000.00	0.00	0.00	0	f	0.00		f	0.00	0.00	0.00	0.00	0.00		AS201608	202
5171	1	BANQUE	75000.00	0.00	0.00	0	f	0.00		f	0.00	0.00	0.00	0.00	0.00		AS201608	203
5172	2	BANQUE	200000.00	0.00	0.00	0	f	0.00		f	0.00	0.00	0.00	0.00	0.00		AS201608	204
5173	1	BANQUE	35000.00	0.00	0.00	0	f	0.00		f	0.00	0.00	0.00	0.00	0.00		AS201609	202
5174	1	BANQUE	75000.00	0.00	0.00	0	f	0.00		f	0.00	0.00	0.00	0.00	0.00		AS201609	203
5175	1	BANQUE	35000.00	0.00	0.00	0	f	0.00		f	0.00	0.00	0.00	0.00	0.00		AS201611	202
5176	1	BANQUE	75000.00	0.00	0.00	0	f	0.00		f	0.00	0.00	0.00	0.00	0.00		AS201611	203
5177	1	BANQUE	100000.00	0.00	0.00	0	f	0.00		f	0.00	0.00	0.00	0.00	0.00		AS201611	204
5178	1	BANQUE	35000.00	0.00	0.00	0	f	0.00		f	0.00	0.00	0.00	0.00	0.00		AS201613	202
5179	1	BANQUE	75000.00	0.00	0.00	0	f	0.00		f	0.00	0.00	0.00	0.00	0.00		AS201613	203
5180	1	BANQUE	100000.00	0.00	0.00	0	f	0.00		f	0.00	0.00	0.00	0.00	0.00		AS201613	204
5181	1	BANQUE	35000.00	0.00	0.00	0	f	0.00		f	0.00	0.00	0.00	0.00	0.00		AS201617	202
5182	1	BANQUE	100000.00	0.00	0.00	0	f	0.00		f	0.00	0.00	0.00	0.00	0.00		AS201617	204
5183	1	BANQUE	35000.00	0.00	0.00	0	f	0.00		f	0.00	0.00	0.00	0.00	0.00		AS201619	202
5184	1	BANQUE	75000.00	0.00	0.00	0	f	0.00		f	0.00	0.00	0.00	0.00	0.00		AS201619	203
5185	1	BANQUE	100000.00	0.00	0.00	0	f	0.00		f	0.00	0.00	0.00	0.00	0.00		AS201619	204
5186	1	ECHEC	0.00	0.00	0.00	0	f	0.00		f	0.00	0.00	0.00	0.00	0.00		AS201620	202
5187	1	ECHEC	0.00	0.00	0.00	0	f	0.00		f	0.00	0.00	0.00	0.00	0.00		AS201620	203
5188	1	ECHEC	0.00	0.00	0.00	0	f	0.00		f	0.00	0.00	0.00	0.00	0.00		AS201620	204
5189	1	BANQUE	35000.00	0.00	0.00	0	f	0.00		f	0.00	0.00	0.00	0.00	0.00		AS201621	202
5190	1	BANQUE	75000.00	0.00	0.00	0	f	0.00		f	0.00	0.00	0.00	0.00	0.00		AS201621	203
5191	1	BANQUE	100000.00	0.00	0.00	0	f	0.00		f	0.00	0.00	0.00	0.00	0.00		AS201621	204
5192	1	BANQUE	35000.00	0.00	0.00	0	f	0.00		f	0.00	0.00	0.00	0.00	0.00		AS201622	202
5193	1	BANQUE	100000.00	0.00	0.00	0	f	0.00		f	0.00	0.00	0.00	0.00	0.00		AS201622	204
5194	1	BANQUE	35000.00	0.00	0.00	0	f	0.00		f	0.00	0.00	0.00	0.00	0.00		AS201624	202
5195	1	BANQUE	75000.00	0.00	0.00	0	f	0.00		f	0.00	0.00	0.00	0.00	0.00		AS201624	203
5196	1	BANQUE	100000.00	0.00	0.00	0	f	0.00		f	0.00	0.00	0.00	0.00	0.00		AS201624	204
5197	1	BANQUE	35000.00	0.00	0.00	0	f	0.00		f	0.00	0.00	0.00	0.00	0.00		AS201626	202
5198	1	BANQUE	75000.00	0.00	0.00	0	f	0.00		f	0.00	0.00	0.00	0.00	0.00		AS201626	203
5199	1	BANQUE	35000.00	0.00	0.00	0	f	0.00		f	0.00	0.00	0.00	0.00	0.00		AS201628	202
5200	1	BANQUE	75000.00	0.00	0.00	0	f	0.00		f	0.00	0.00	0.00	0.00	0.00		AS201628	203
5201	1	BANQUE	100000.00	0.00	0.00	0	f	0.00		f	0.00	0.00	0.00	0.00	0.00		AS201628	204
5202	1	BANQUE	35000.00	0.00	0.00	0	f	0.00		f	0.00	0.00	0.00	0.00	0.00		AS201633	202
5203	1	BANQUE	100000.00	0.00	0.00	0	f	0.00		f	0.00	0.00	0.00	0.00	0.00		AS201633	204
5204	1	BANQUE	100000.00	0.00	0.00	0	f	0.00		f	0.00	0.00	0.00	0.00	0.00		AS201638	204
5205	1	BANQUE	35000.00	0.00	0.00	0	f	0.00		f	0.00	0.00	0.00	0.00	0.00		AS201639	202
5206	1	BANQUE	35000.00	0.00	0.00	0	f	0.00		f	0.00	0.00	0.00	0.00	0.00		AS201641	202
5207	1	BANQUE	100000.00	0.00	0.00	0	f	0.00		f	0.00	0.00	0.00	0.00	0.00		AS201641	204
5208	1	BANQUE	35000.00	0.00	0.00	0	f	0.00		f	0.00	0.00	0.00	0.00	0.00		AS201643	202
5209	1	BANQUE	100000.00	0.00	0.00	0	f	0.00		f	0.00	0.00	0.00	0.00	0.00		AS201643	204
5210	1	BANQUE	35000.00	0.00	0.00	0	f	0.00		f	0.00	0.00	0.00	0.00	0.00		AS201646	202
5211	1	BANQUE	100000.00	0.00	0.00	0	f	0.00		f	0.00	0.00	0.00	0.00	0.00		AS201646	204
5212	1	BANQUE	35000.00	0.00	0.00	0	f	0.00		f	0.00	0.00	0.00	0.00	0.00		AS201647	202
5213	1	BANQUE	100000.00	0.00	0.00	0	f	0.00		f	0.00	0.00	0.00	0.00	0.00		AS201647	204
5214	1	BANQUE	35000.00	0.00	0.00	0	f	0.00		f	0.00	0.00	0.00	0.00	0.00		AS201649	202
5215	1	BANQUE	100000.00	0.00	0.00	0	f	0.00		f	0.00	0.00	0.00	0.00	0.00		AS201649	204
5216	1	BANQUE	35000.00	0.00	0.00	0	f	0.00		f	0.00	0.00	0.00	0.00	0.00		AS201651	202
5217	1	BANQUE	100000.00	0.00	0.00	0	f	0.00		f	0.00	0.00	0.00	0.00	0.00		AS201651	204
5218	1	BANQUE	35000.00	0.00	0.00	0	f	0.00		f	0.00	0.00	0.00	0.00	0.00		AS201653	202
5219	1	BANQUE	100000.00	0.00	0.00	0	f	0.00		f	0.00	0.00	0.00	0.00	0.00		AS201653	204
5220	1	BANQUE	35000.00	0.00	0.00	0	f	0.00		f	0.00	0.00	0.00	0.00	0.00		AS201654	202
5221	1	BANQUE	75000.00	0.00	0.00	0	f	0.00		f	0.00	0.00	0.00	0.00	0.00		AS201654	203
5222	1	BANQUE	100000.00	0.00	0.00	0	f	0.00		f	0.00	0.00	0.00	0.00	0.00		AS201654	204
5223	1	BANQUE	35000.00	0.00	0.00	0	f	0.00		f	0.00	0.00	0.00	0.00	0.00		AS201656	202
5224	1	BANQUE	100000.00	0.00	0.00	0	f	0.00		f	0.00	0.00	0.00	0.00	0.00		AS201656	204
5225	1	BANQUE	35000.00	0.00	0.00	0	f	0.00		f	0.00	0.00	0.00	0.00	0.00		AS201657	202
5226	1	BANQUE	100000.00	0.00	0.00	0	f	0.00		f	0.00	0.00	0.00	0.00	0.00		AS201657	204
5227	1	BANQUE	35000.00	0.00	0.00	0	f	0.00		f	0.00	0.00	0.00	0.00	0.00		AS201658	202
5228	1	BANQUE	100000.00	0.00	0.00	0	f	0.00		f	0.00	0.00	0.00	0.00	0.00		AS201658	204
5229	1	ESPECES	35000.00	0.00	0.00	0	f	0.00		f	0.00	0.00	0.00	0.00	0.00		AS201629	202
5230	1	ESPECES	35000.00	0.00	0.00	0	f	0.00		f	0.00	0.00	0.00	0.00	0.00		AS201659	202
5231	1	BANQUE	35000.00	0.00	0.00	0	f	0.00		f	0.00	0.00	0.00	0.00	0.00		AS201660	202
5232	1	BANQUE	100000.00	0.00	0.00	0	f	0.00		f	0.00	0.00	0.00	0.00	0.00		AS201660	204
5233	1	BANQUE	35000.00	0.00	0.00	0	f	0.00		f	0.00	0.00	0.00	0.00	0.00		AS201661	202
5234	1	BANQUE	35000.00	0.00	0.00	0	f	0.00		f	0.00	0.00	0.00	0.00	0.00		AS201662	202
5235	1	BANQUE	100000.00	0.00	0.00	0	f	0.00		f	0.00	0.00	0.00	0.00	0.00		AS201662	204
5236	1	BANQUE	35000.00	0.00	0.00	0	f	0.00		f	0.00	0.00	0.00	0.00	0.00		AS201663	202
5237	2	BANQUE	150000.00	0.00	0.00	0	f	0.00		f	0.00	0.00	0.00	0.00	0.00		AS201648	206
5238	1	BANQUE	100000.00	0.00	0.00	0	f	0.00		f	0.00	0.00	0.00	0.00	0.00		AS201648	207
5239	1	ESPECES	35000.00	0.00	0.00	0	f	0.00		f	0.00	0.00	0.00	0.00	0.00		AS201601	205
5240	1	BANQUE	35000.00	0.00	0.00	0	f	0.00		f	0.00	0.00	0.00	0.00	0.00		AS201602	205
5241	1	BANQUE	75000.00	0.00	0.00	0	f	0.00		f	0.00	0.00	0.00	0.00	0.00		AS201602	206
5242	1	ESPECES	35000.00	0.00	0.00	0	f	0.00		f	0.00	0.00	0.00	0.00	0.00		AS201604	205
5243	2	ESPECES	200000.00	0.00	0.00	0	f	0.00		f	0.00	0.00	0.00	0.00	0.00		AS201604	207
5244	1	BANQUE	35000.00	0.00	0.00	0	f	0.00		f	0.00	0.00	0.00	0.00	0.00		AS201605	205
5245	1	BANQUE	75000.00	0.00	0.00	0	f	0.00		f	0.00	0.00	0.00	0.00	0.00		AS201605	206
5246	1	BANQUE	100000.00	0.00	0.00	0	f	0.00		f	0.00	0.00	0.00	0.00	0.00		AS201605	207
5247	1	BANQUE	35000.00	0.00	0.00	0	f	0.00		f	0.00	0.00	0.00	0.00	0.00		AS201608	205
5248	1	BANQUE	75000.00	0.00	0.00	0	f	0.00		f	0.00	0.00	0.00	0.00	0.00		AS201608	206
5249	2	BANQUE	200000.00	0.00	0.00	0	f	0.00		f	0.00	0.00	0.00	0.00	0.00		AS201608	207
5250	1	BANQUE	35000.00	0.00	0.00	0	f	0.00		f	0.00	0.00	0.00	0.00	0.00		AS201609	205
5251	1	BANQUE	75000.00	0.00	0.00	0	f	0.00		f	0.00	0.00	0.00	0.00	0.00		AS201609	206
5252	1	BANQUE	35000.00	0.00	0.00	0	f	0.00		f	0.00	0.00	0.00	0.00	0.00		AS201611	205
5253	1	BANQUE	75000.00	0.00	0.00	0	f	0.00		f	0.00	0.00	0.00	0.00	0.00		AS201611	206
5254	1	BANQUE	100000.00	0.00	0.00	0	f	0.00		f	0.00	0.00	0.00	0.00	0.00		AS201611	207
5255	1	BANQUE	35000.00	0.00	0.00	0	f	0.00		f	0.00	0.00	0.00	0.00	0.00		AS201613	205
5256	1	BANQUE	75000.00	0.00	0.00	0	f	0.00		f	0.00	0.00	0.00	0.00	0.00		AS201613	206
5257	1	BANQUE	100000.00	0.00	0.00	0	f	0.00		f	0.00	0.00	0.00	0.00	0.00		AS201613	207
5258	1	BANQUE	35000.00	0.00	0.00	0	f	0.00		f	0.00	0.00	0.00	0.00	0.00		AS201617	205
5259	1	BANQUE	100000.00	0.00	0.00	0	f	0.00		f	0.00	0.00	0.00	0.00	0.00		AS201617	207
5260	1	BANQUE	35000.00	0.00	0.00	0	f	0.00		f	0.00	0.00	0.00	0.00	0.00		AS201619	205
5261	1	BANQUE	75000.00	0.00	0.00	0	f	0.00		f	0.00	0.00	0.00	0.00	0.00		AS201619	206
5262	1	BANQUE	100000.00	0.00	0.00	0	f	0.00		f	0.00	0.00	0.00	0.00	0.00		AS201619	207
5263	1	ECHEC	0.00	0.00	0.00	0	f	0.00		f	0.00	0.00	0.00	0.00	0.00		AS201620	205
5264	1	ECHEC	0.00	0.00	0.00	0	f	0.00		f	0.00	0.00	0.00	0.00	0.00		AS201620	206
5265	1	ECHEC	0.00	0.00	0.00	0	f	0.00		f	0.00	0.00	0.00	0.00	0.00		AS201620	207
5266	1	BANQUE	35000.00	0.00	0.00	0	f	0.00		f	0.00	0.00	0.00	0.00	0.00		AS201621	205
5267	1	BANQUE	75000.00	0.00	0.00	0	f	0.00		f	0.00	0.00	0.00	0.00	0.00		AS201621	206
5268	1	BANQUE	100000.00	0.00	0.00	0	f	0.00		f	0.00	0.00	0.00	0.00	0.00		AS201621	207
5269	1	BANQUE	35000.00	0.00	0.00	0	f	0.00		f	0.00	0.00	0.00	0.00	0.00		AS201622	205
5270	1	BANQUE	100000.00	0.00	0.00	0	f	0.00		f	0.00	0.00	0.00	0.00	0.00		AS201622	207
5271	1	BANQUE	35000.00	0.00	0.00	0	f	0.00		f	0.00	0.00	0.00	0.00	0.00		AS201624	205
5272	1	BANQUE	75000.00	0.00	0.00	0	f	0.00		f	0.00	0.00	0.00	0.00	0.00		AS201624	206
5273	1	BANQUE	100000.00	0.00	0.00	0	f	0.00		f	0.00	0.00	0.00	0.00	0.00		AS201624	207
5274	1	BANQUE	35000.00	0.00	0.00	0	f	0.00		f	0.00	0.00	0.00	0.00	0.00		AS201626	205
5275	1	BANQUE	75000.00	0.00	0.00	0	f	0.00		f	0.00	0.00	0.00	0.00	0.00		AS201626	206
5276	1	BANQUE	35000.00	0.00	0.00	0	f	0.00		f	0.00	0.00	0.00	0.00	0.00		AS201628	205
5277	1	BANQUE	75000.00	0.00	0.00	0	f	0.00		f	0.00	0.00	0.00	0.00	0.00		AS201628	206
5278	1	BANQUE	100000.00	0.00	0.00	0	f	0.00		f	0.00	0.00	0.00	0.00	0.00		AS201628	207
5279	1	BANQUE	35000.00	0.00	0.00	0	f	0.00		f	0.00	0.00	0.00	0.00	0.00		AS201633	205
5280	1	BANQUE	100000.00	0.00	0.00	0	f	0.00		f	0.00	0.00	0.00	0.00	0.00		AS201633	207
5281	1	ECHEC	0.00	0.00	0.00	0	f	0.00		f	0.00	0.00	0.00	0.00	0.00		AS201638	207
5282	1	BANQUE	35000.00	0.00	0.00	0	f	0.00		f	0.00	0.00	0.00	0.00	0.00		AS201639	205
5283	1	BANQUE	35000.00	0.00	0.00	0	f	0.00		f	0.00	0.00	0.00	0.00	0.00		AS201641	205
5284	1	BANQUE	100000.00	0.00	0.00	0	f	0.00		f	0.00	0.00	0.00	0.00	0.00		AS201641	207
5285	1	BANQUE	35000.00	0.00	0.00	0	f	0.00		f	0.00	0.00	0.00	0.00	0.00		AS201643	205
5286	1	BANQUE	100000.00	0.00	0.00	0	f	0.00		f	0.00	0.00	0.00	0.00	0.00		AS201643	207
5287	1	BANQUE	35000.00	0.00	0.00	0	f	0.00		f	0.00	0.00	0.00	0.00	0.00		AS201646	205
5288	1	BANQUE	100000.00	0.00	0.00	0	f	0.00		f	0.00	0.00	0.00	0.00	0.00		AS201646	207
5289	1	BANQUE	35000.00	0.00	0.00	0	f	0.00		f	0.00	0.00	0.00	0.00	0.00		AS201647	205
5290	1	BANQUE	100000.00	0.00	0.00	0	f	0.00		f	0.00	0.00	0.00	0.00	0.00		AS201647	207
5291	1	BANQUE	35000.00	0.00	0.00	0	f	0.00		f	0.00	0.00	0.00	0.00	0.00		AS201649	205
5292	1	BANQUE	100000.00	0.00	0.00	0	f	0.00		f	0.00	0.00	0.00	0.00	0.00		AS201649	207
5293	1	BANQUE	35000.00	0.00	0.00	0	f	0.00		f	0.00	0.00	0.00	0.00	0.00		AS201651	205
5294	1	BANQUE	100000.00	0.00	0.00	0	f	0.00		f	0.00	0.00	0.00	0.00	0.00		AS201651	207
5295	1	BANQUE	35000.00	0.00	0.00	0	f	0.00		f	0.00	0.00	0.00	0.00	0.00		AS201653	205
5296	1	BANQUE	100000.00	0.00	0.00	0	f	0.00		f	0.00	0.00	0.00	0.00	0.00		AS201653	207
5297	1	BANQUE	35000.00	0.00	0.00	0	f	0.00		f	0.00	0.00	0.00	0.00	0.00		AS201654	205
5298	1	BANQUE	75000.00	0.00	0.00	0	f	0.00		f	0.00	0.00	0.00	0.00	0.00		AS201654	206
5299	1	BANQUE	100000.00	0.00	0.00	0	f	0.00		f	0.00	0.00	0.00	0.00	0.00		AS201654	207
5300	1	BANQUE	35000.00	0.00	0.00	0	f	0.00		f	0.00	0.00	0.00	0.00	0.00		AS201656	205
5301	1	BANQUE	100000.00	0.00	0.00	0	f	0.00		f	0.00	0.00	0.00	0.00	0.00		AS201656	207
5302	1	BANQUE	35000.00	0.00	0.00	0	f	0.00		f	0.00	0.00	0.00	0.00	0.00		AS201657	205
5303	1	BANQUE	100000.00	0.00	0.00	0	f	0.00		f	0.00	0.00	0.00	0.00	0.00		AS201657	207
5328	1	BANQUE	75000.00	0.00	0.00	0	f	0.00		f	0.00	0.00	0.00	0.00	0.00		AS201609	209
5329	1	BANQUE	35000.00	0.00	0.00	0	f	0.00		f	0.00	0.00	0.00	0.00	0.00		AS201611	208
5330	1	BANQUE	75000.00	0.00	0.00	0	f	0.00		f	0.00	0.00	0.00	0.00	0.00		AS201611	209
5331	1	BANQUE	100000.00	0.00	0.00	0	f	0.00		f	0.00	0.00	0.00	0.00	0.00		AS201611	210
5332	1	BANQUE	35000.00	0.00	0.00	0	f	0.00		f	0.00	0.00	0.00	0.00	0.00		AS201613	208
5333	1	BANQUE	75000.00	0.00	0.00	0	f	0.00		f	0.00	0.00	0.00	0.00	0.00		AS201613	209
5334	1	BANQUE	100000.00	0.00	0.00	0	f	0.00		f	0.00	0.00	0.00	0.00	0.00		AS201613	210
5335	1	BANQUE	35000.00	0.00	0.00	0	f	0.00		f	0.00	0.00	0.00	0.00	0.00		AS201617	208
5336	1	BANQUE	100000.00	0.00	0.00	0	f	0.00		f	0.00	0.00	0.00	0.00	0.00		AS201617	210
5337	1	ESPECES	35000.00	0.00	0.00	0	f	0.00		f	0.00	0.00	0.00	0.00	0.00		AS201619	208
5338	1	ESPECES	75000.00	0.00	0.00	0	f	0.00		f	0.00	0.00	0.00	0.00	0.00		AS201619	209
5339	1	ESPECES	100000.00	0.00	0.00	0	f	0.00		f	0.00	0.00	0.00	0.00	0.00		AS201619	210
5340	1	ECHEC	0.00	0.00	0.00	0	f	0.00		f	0.00	0.00	0.00	0.00	0.00		AS201620	208
5341	1	ECHEC	0.00	0.00	0.00	0	f	0.00		f	0.00	0.00	0.00	0.00	0.00		AS201620	209
5342	1	ECHEC	0.00	0.00	0.00	0	f	0.00		f	0.00	0.00	0.00	0.00	0.00		AS201620	210
5343	1	BANQUE	35000.00	0.00	0.00	0	f	0.00		f	0.00	0.00	0.00	0.00	0.00		AS201621	208
5344	1	BANQUE	75000.00	0.00	0.00	0	f	0.00		f	0.00	0.00	0.00	0.00	0.00		AS201621	209
5345	1	BANQUE	100000.00	0.00	0.00	0	f	0.00		f	0.00	0.00	0.00	0.00	0.00		AS201621	210
5346	1	BANQUE	35000.00	0.00	0.00	0	f	0.00		f	0.00	0.00	0.00	0.00	0.00		AS201622	208
5347	1	BANQUE	100000.00	0.00	0.00	0	f	0.00		f	0.00	0.00	0.00	0.00	0.00		AS201622	210
5348	1	BANQUE	35000.00	0.00	0.00	0	f	0.00		f	0.00	0.00	0.00	0.00	0.00		AS201624	208
5349	1	BANQUE	75000.00	0.00	0.00	0	f	0.00		f	0.00	0.00	0.00	0.00	0.00		AS201624	209
5350	1	BANQUE	100000.00	0.00	0.00	0	f	0.00		f	0.00	0.00	0.00	0.00	0.00		AS201624	210
5351	1	BANQUE	35000.00	0.00	0.00	0	f	0.00		f	0.00	0.00	0.00	0.00	0.00		AS201626	208
5352	1	BANQUE	75000.00	0.00	0.00	0	f	0.00		f	0.00	0.00	0.00	0.00	0.00		AS201626	209
5353	1	BANQUE	35000.00	0.00	0.00	0	f	0.00		f	0.00	0.00	0.00	0.00	0.00		AS201628	208
5354	1	BANQUE	75000.00	0.00	0.00	0	f	0.00		f	0.00	0.00	0.00	0.00	0.00		AS201628	209
5355	1	BANQUE	100000.00	0.00	0.00	0	f	0.00		f	0.00	0.00	0.00	0.00	0.00		AS201628	210
5356	1	BANQUE	35000.00	0.00	0.00	0	f	0.00		f	0.00	0.00	0.00	0.00	0.00		AS201633	208
5357	1	BANQUE	100000.00	0.00	0.00	0	f	0.00		f	0.00	0.00	0.00	0.00	0.00		AS201633	210
5358	1	ESPECES	100000.00	0.00	0.00	0	f	0.00		f	0.00	0.00	0.00	0.00	0.00		AS201638	210
5359	1	BANQUE	35000.00	0.00	0.00	0	f	0.00		f	0.00	0.00	0.00	0.00	0.00		AS201639	208
5360	1	BANQUE	35000.00	0.00	0.00	0	f	0.00		f	0.00	0.00	0.00	0.00	0.00		AS201641	208
5361	1	BANQUE	100000.00	0.00	0.00	0	f	0.00		f	0.00	0.00	0.00	0.00	0.00		AS201641	210
5362	1	BANQUE	35000.00	0.00	0.00	0	f	0.00		f	0.00	0.00	0.00	0.00	0.00		AS201643	208
5363	1	BANQUE	100000.00	0.00	0.00	0	f	0.00		f	0.00	0.00	0.00	0.00	0.00		AS201643	210
5364	1	BANQUE	35000.00	0.00	0.00	0	f	0.00		f	0.00	0.00	0.00	0.00	0.00		AS201646	208
5365	1	BANQUE	100000.00	0.00	0.00	0	f	0.00		f	0.00	0.00	0.00	0.00	0.00		AS201646	210
5366	1	BANQUE	35000.00	0.00	0.00	0	f	0.00		f	0.00	0.00	0.00	0.00	0.00		AS201647	208
5367	1	BANQUE	100000.00	0.00	0.00	0	f	0.00		f	0.00	0.00	0.00	0.00	0.00		AS201647	210
5368	1	BANQUE	35000.00	0.00	0.00	0	f	0.00		f	0.00	0.00	0.00	0.00	0.00		AS201649	208
5369	1	BANQUE	100000.00	0.00	0.00	0	f	0.00		f	0.00	0.00	0.00	0.00	0.00		AS201649	210
5370	1	BANQUE	35000.00	0.00	0.00	0	f	0.00		f	0.00	0.00	0.00	0.00	0.00		AS201651	208
5371	1	BANQUE	100000.00	0.00	0.00	0	f	0.00		f	0.00	0.00	0.00	0.00	0.00		AS201651	210
5372	1	BANQUE	35000.00	0.00	0.00	0	f	0.00		f	0.00	0.00	0.00	0.00	0.00		AS201653	208
5373	1	BANQUE	100000.00	0.00	0.00	0	f	0.00		f	0.00	0.00	0.00	0.00	0.00		AS201653	210
5374	1	BANQUE	35000.00	0.00	0.00	0	f	0.00		f	0.00	0.00	0.00	0.00	0.00		AS201654	208
5375	1	BANQUE	75000.00	0.00	0.00	0	f	0.00		f	0.00	0.00	0.00	0.00	0.00		AS201654	209
5376	1	BANQUE	100000.00	0.00	0.00	0	f	0.00		f	0.00	0.00	0.00	0.00	0.00		AS201654	210
5377	1	BANQUE	35000.00	0.00	0.00	0	f	0.00		f	0.00	0.00	0.00	0.00	0.00		AS201656	208
5378	1	BANQUE	100000.00	0.00	0.00	0	f	0.00		f	0.00	0.00	0.00	0.00	0.00		AS201656	210
5379	1	BANQUE	35000.00	0.00	0.00	0	f	0.00		f	0.00	0.00	0.00	0.00	0.00		AS201657	208
5380	1	BANQUE	100000.00	0.00	0.00	0	f	0.00		f	0.00	0.00	0.00	0.00	0.00		AS201657	210
5381	1	BANQUE	35000.00	0.00	0.00	0	f	0.00		f	0.00	0.00	0.00	0.00	0.00		AS201658	208
5382	1	BANQUE	100000.00	0.00	0.00	0	f	0.00		f	0.00	0.00	0.00	0.00	0.00		AS201658	210
5383	1	BANQUE	35000.00	0.00	0.00	0	f	0.00		f	0.00	0.00	0.00	0.00	0.00		AS201629	208
5384	1	ESPECES	35000.00	0.00	0.00	0	f	0.00		f	0.00	0.00	0.00	0.00	0.00		AS201659	208
5385	1	BANQUE	35000.00	0.00	0.00	0	f	0.00		f	0.00	0.00	0.00	0.00	0.00		AS201660	208
5386	1	BANQUE	100000.00	0.00	0.00	0	f	0.00		f	0.00	0.00	0.00	0.00	0.00		AS201660	210
5387	1	BANQUE	35000.00	0.00	0.00	0	f	0.00		f	0.00	0.00	0.00	0.00	0.00		AS201661	208
5388	1	ESPECES	35000.00	0.00	0.00	0	f	0.00		f	0.00	0.00	0.00	0.00	0.00		AS201662	208
5389	1	ESPECES	100000.00	0.00	0.00	0	f	0.00		f	0.00	0.00	0.00	0.00	0.00		AS201662	210
5390	1	BANQUE	35000.00	0.00	0.00	0	f	0.00		f	0.00	0.00	0.00	0.00	0.00		AS201663	208
4622	1	BANQUE	100000.00	0.00	0.00	0	f	0.00		t	1190000.00	48000.00	0.00	0.00	0.00		AS201648	183
4643	1	BANQUE	100000.00	0.00	0.00	0	f	0.00		t	1085000.00	48000.00	509500.00	11500.00	525000.00		AS201617	183
4693	1	BANQUE	100000.00	0.00	0.00	0	f	0.00		t	1135000.00	48000.00	300000.00	7000.00	307000.00		AS201660	183
4656	1	BANQUE	75000.00	0.00	0.00	0	f	0.00		t	885000.00	16000.00	794375.00	13500.00	807875.00		AS201624	182
4631	1	BANQUE	35000.00	0.00	0.00	0	f	0.00		t	293000.00	10000.00	113000.00	2500.00	115500.00		AS201608	181
4697	1	ECHEC	0.00	0.00	0.00	0	f	0.00		t	297500.00	10000.00	0.00	0.00	0.00		AS201663	181
4675	1	BANQUE	35000.00	0.00	0.00	0	f	0.00		t	292500.00	10000.00	50000.00	1000.00	51000.00		AS201649	181
4686	1	BANQUE	35000.00	0.00	0.00	0	f	0.00		t	270000.00	10000.00	616000.00	10000.00	626000.00		AS201657	181
4671	1	ESPECES	35000.00	0.00	0.00	0	f	0.00		t	297500.00	10000.00	0.00	0.00	0.00		AS201646	181
5304	1	BANQUE	35000.00	0.00	0.00	0	f	0.00		f	0.00	0.00	0.00	0.00	0.00		AS201658	205
5305	1	BANQUE	100000.00	0.00	0.00	0	f	0.00		f	0.00	0.00	0.00	0.00	0.00		AS201658	207
5306	1	BANQUE	35000.00	0.00	0.00	0	f	0.00		f	0.00	0.00	0.00	0.00	0.00		AS201629	205
5307	1	BANQUE	35000.00	0.00	0.00	0	f	0.00		f	0.00	0.00	0.00	0.00	0.00		AS201659	205
5308	1	BANQUE	35000.00	0.00	0.00	0	f	0.00		f	0.00	0.00	0.00	0.00	0.00		AS201660	205
5309	1	BANQUE	100000.00	0.00	0.00	0	f	0.00		f	0.00	0.00	0.00	0.00	0.00		AS201660	207
5310	1	BANQUE	35000.00	0.00	0.00	0	f	0.00		f	0.00	0.00	0.00	0.00	0.00		AS201661	205
5311	1	BANQUE	35000.00	0.00	0.00	0	f	0.00		f	0.00	0.00	0.00	0.00	0.00		AS201662	205
5312	1	BANQUE	100000.00	0.00	0.00	0	f	0.00		f	0.00	0.00	0.00	0.00	0.00		AS201662	207
5313	1	BANQUE	35000.00	0.00	0.00	0	f	0.00		f	0.00	0.00	0.00	0.00	0.00		AS201663	205
5314	2	BANQUE	150000.00	0.00	0.00	0	f	0.00		f	0.00	0.00	0.00	0.00	0.00		AS201648	209
5315	1	BANQUE	100000.00	0.00	0.00	0	f	0.00		f	0.00	0.00	0.00	0.00	0.00		AS201648	210
5316	1	ESPECES	35000.00	0.00	0.00	0	f	0.00		f	0.00	0.00	0.00	0.00	0.00		AS201601	208
5317	1	BANQUE	35000.00	0.00	0.00	0	f	0.00		f	0.00	0.00	0.00	0.00	0.00		AS201602	208
5318	1	BANQUE	75000.00	0.00	0.00	0	f	0.00		f	0.00	0.00	0.00	0.00	0.00		AS201602	209
5319	1	ESPECES	35000.00	0.00	0.00	0	f	0.00		f	0.00	0.00	0.00	0.00	0.00		AS201604	208
5320	2	ESPECES	200000.00	0.00	0.00	0	f	0.00		f	0.00	0.00	0.00	0.00	0.00		AS201604	210
5321	1	BANQUE	35000.00	0.00	0.00	0	f	0.00		f	0.00	0.00	0.00	0.00	0.00		AS201605	208
5322	1	BANQUE	75000.00	0.00	0.00	0	f	0.00		f	0.00	0.00	0.00	0.00	0.00		AS201605	209
5323	1	BANQUE	100000.00	0.00	0.00	0	f	0.00		f	0.00	0.00	0.00	0.00	0.00		AS201605	210
5324	1	BANQUE	35000.00	0.00	0.00	0	f	0.00		f	0.00	0.00	0.00	0.00	0.00		AS201608	208
5325	1	BANQUE	75000.00	0.00	0.00	0	f	0.00		f	0.00	0.00	0.00	0.00	0.00		AS201608	209
5326	2	BANQUE	200000.00	0.00	0.00	0	f	0.00		f	0.00	0.00	0.00	0.00	0.00		AS201608	210
5327	1	BANQUE	35000.00	0.00	0.00	0	f	0.00		f	0.00	0.00	0.00	0.00	0.00		AS201609	208
5391	2	BANQUE	150000.00	0.00	0.00	0	f	0.00		f	0.00	0.00	0.00	0.00	0.00		AS201648	212
5392	1	BANQUE	100000.00	0.00	0.00	0	f	0.00		f	0.00	0.00	0.00	0.00	0.00		AS201648	213
5393	1	ESPECES	35000.00	0.00	0.00	0	f	0.00		f	0.00	0.00	0.00	0.00	0.00		AS201601	211
5394	1	BANQUE	35000.00	0.00	0.00	0	f	0.00		f	0.00	0.00	0.00	0.00	0.00		AS201602	211
5395	1	BANQUE	75000.00	0.00	0.00	0	f	0.00		f	0.00	0.00	0.00	0.00	0.00		AS201602	212
5396	1	BANQUE	35000.00	0.00	0.00	0	f	0.00		f	0.00	0.00	0.00	0.00	0.00		AS201604	211
5397	2	BANQUE	200000.00	0.00	0.00	0	f	0.00		f	0.00	0.00	0.00	0.00	0.00		AS201604	213
5398	1	BANQUE	35000.00	0.00	0.00	0	f	0.00		f	0.00	0.00	0.00	0.00	0.00		AS201605	211
5399	1	BANQUE	75000.00	0.00	0.00	0	f	0.00		f	0.00	0.00	0.00	0.00	0.00		AS201605	212
5400	1	BANQUE	100000.00	0.00	0.00	0	f	0.00		f	0.00	0.00	0.00	0.00	0.00		AS201605	213
5401	1	BANQUE	35000.00	0.00	0.00	0	f	0.00		f	0.00	0.00	0.00	0.00	0.00		AS201608	211
5402	1	BANQUE	75000.00	0.00	0.00	0	f	0.00		f	0.00	0.00	0.00	0.00	0.00		AS201608	212
5403	2	BANQUE	200000.00	0.00	0.00	0	f	0.00		f	0.00	0.00	0.00	0.00	0.00		AS201608	213
5404	1	BANQUE	35000.00	0.00	0.00	0	f	0.00		f	0.00	0.00	0.00	0.00	0.00		AS201609	211
5405	1	BANQUE	75000.00	0.00	0.00	0	f	0.00		f	0.00	0.00	0.00	0.00	0.00		AS201609	212
5406	1	BANQUE	35000.00	0.00	0.00	0	f	0.00		f	0.00	0.00	0.00	0.00	0.00		AS201611	211
5407	1	BANQUE	75000.00	0.00	0.00	0	f	0.00		f	0.00	0.00	0.00	0.00	0.00		AS201611	212
5408	1	BANQUE	100000.00	0.00	0.00	0	f	0.00		f	0.00	0.00	0.00	0.00	0.00		AS201611	213
5409	1	BANQUE	35000.00	0.00	0.00	0	f	0.00		f	0.00	0.00	0.00	0.00	0.00		AS201613	211
5410	1	BANQUE	75000.00	0.00	0.00	0	f	0.00		f	0.00	0.00	0.00	0.00	0.00		AS201613	212
5411	1	BANQUE	100000.00	0.00	0.00	0	f	0.00		f	0.00	0.00	0.00	0.00	0.00		AS201613	213
5412	1	ESPECES	35000.00	0.00	0.00	0	f	0.00		f	0.00	0.00	0.00	0.00	0.00		AS201617	211
5413	1	ESPECES	100000.00	0.00	0.00	0	f	0.00		f	0.00	0.00	0.00	0.00	0.00		AS201617	213
5414	1	BANQUE	35000.00	0.00	0.00	0	f	0.00		f	0.00	0.00	0.00	0.00	0.00		AS201619	211
5415	1	BANQUE	75000.00	0.00	0.00	0	f	0.00		f	0.00	0.00	0.00	0.00	0.00		AS201619	212
5416	1	BANQUE	100000.00	0.00	0.00	0	f	0.00		f	0.00	0.00	0.00	0.00	0.00		AS201619	213
5417	1	ECHEC	0.00	0.00	0.00	0	f	0.00		f	0.00	0.00	0.00	0.00	0.00		AS201620	211
5418	1	ECHEC	0.00	0.00	0.00	0	f	0.00		f	0.00	0.00	0.00	0.00	0.00		AS201620	212
5419	1	ECHEC	0.00	0.00	0.00	0	f	0.00		f	0.00	0.00	0.00	0.00	0.00		AS201620	213
5420	1	BANQUE	35000.00	0.00	0.00	0	f	0.00		f	0.00	0.00	0.00	0.00	0.00		AS201621	211
5421	1	BANQUE	75000.00	0.00	0.00	0	f	0.00		f	0.00	0.00	0.00	0.00	0.00		AS201621	212
5422	1	BANQUE	100000.00	0.00	0.00	0	f	0.00		f	0.00	0.00	0.00	0.00	0.00		AS201621	213
5423	1	BANQUE	35000.00	0.00	0.00	0	f	0.00		f	0.00	0.00	0.00	0.00	0.00		AS201622	211
5424	1	BANQUE	100000.00	0.00	0.00	0	f	0.00		f	0.00	0.00	0.00	0.00	0.00		AS201622	213
5425	1	BANQUE	35000.00	0.00	0.00	0	f	0.00		f	0.00	0.00	0.00	0.00	0.00		AS201624	211
5426	1	BANQUE	75000.00	0.00	0.00	0	f	0.00		f	0.00	0.00	0.00	0.00	0.00		AS201624	212
5427	1	BANQUE	100000.00	0.00	0.00	0	f	0.00		f	0.00	0.00	0.00	0.00	0.00		AS201624	213
5428	1	BANQUE	35000.00	0.00	0.00	0	f	0.00		f	0.00	0.00	0.00	0.00	0.00		AS201626	211
5429	1	BANQUE	75000.00	0.00	0.00	0	f	0.00		f	0.00	0.00	0.00	0.00	0.00		AS201626	212
5430	1	BANQUE	35000.00	0.00	0.00	0	f	0.00		f	0.00	0.00	0.00	0.00	0.00		AS201628	211
5431	1	BANQUE	75000.00	0.00	0.00	0	f	0.00		f	0.00	0.00	0.00	0.00	0.00		AS201628	212
5432	1	BANQUE	100000.00	0.00	0.00	0	f	0.00		f	0.00	0.00	0.00	0.00	0.00		AS201628	213
5433	1	BANQUE	35000.00	0.00	0.00	0	f	0.00		f	0.00	0.00	0.00	0.00	0.00		AS201633	211
5434	1	BANQUE	100000.00	0.00	0.00	0	f	0.00		f	0.00	0.00	0.00	0.00	0.00		AS201633	213
5435	1	ECHEC	0.00	0.00	0.00	0	f	0.00		f	0.00	0.00	0.00	0.00	0.00		AS201638	213
5436	1	BANQUE	35000.00	0.00	0.00	0	f	0.00		f	0.00	0.00	0.00	0.00	0.00		AS201639	211
5437	1	BANQUE	35000.00	0.00	0.00	0	f	0.00		f	0.00	0.00	0.00	0.00	0.00		AS201641	211
5438	1	BANQUE	100000.00	0.00	0.00	0	f	0.00		f	0.00	0.00	0.00	0.00	0.00		AS201641	213
5439	1	BANQUE	35000.00	0.00	0.00	0	f	0.00		f	0.00	0.00	0.00	0.00	0.00		AS201643	211
5440	1	BANQUE	100000.00	0.00	0.00	0	f	0.00		f	0.00	0.00	0.00	0.00	0.00		AS201643	213
5441	1	BANQUE	35000.00	0.00	0.00	0	f	0.00		f	0.00	0.00	0.00	0.00	0.00		AS201646	211
5442	1	BANQUE	100000.00	0.00	0.00	0	f	0.00		f	0.00	0.00	0.00	0.00	0.00		AS201646	213
5443	1	BANQUE	35000.00	0.00	0.00	0	f	0.00		f	0.00	0.00	0.00	0.00	0.00		AS201647	211
5444	1	BANQUE	100000.00	0.00	0.00	0	f	0.00		f	0.00	0.00	0.00	0.00	0.00		AS201647	213
5445	1	BANQUE	35000.00	0.00	0.00	0	f	0.00		f	0.00	0.00	0.00	0.00	0.00		AS201649	211
5446	1	BANQUE	100000.00	0.00	0.00	0	f	0.00		f	0.00	0.00	0.00	0.00	0.00		AS201649	213
5447	1	BANQUE	35000.00	0.00	0.00	0	f	0.00		f	0.00	0.00	0.00	0.00	0.00		AS201651	211
5448	1	BANQUE	100000.00	0.00	0.00	0	f	0.00		f	0.00	0.00	0.00	0.00	0.00		AS201651	213
5449	1	BANQUE	35000.00	0.00	0.00	0	f	0.00		f	0.00	0.00	0.00	0.00	0.00		AS201653	211
5450	1	BANQUE	100000.00	0.00	0.00	0	f	0.00		f	0.00	0.00	0.00	0.00	0.00		AS201653	213
5451	1	BANQUE	35000.00	0.00	0.00	0	f	0.00		f	0.00	0.00	0.00	0.00	0.00		AS201654	211
5452	1	BANQUE	75000.00	0.00	0.00	0	f	0.00		f	0.00	0.00	0.00	0.00	0.00		AS201654	212
5453	1	BANQUE	100000.00	0.00	0.00	0	f	0.00		f	0.00	0.00	0.00	0.00	0.00		AS201654	213
5454	1	BANQUE	35000.00	0.00	0.00	0	f	0.00		f	0.00	0.00	0.00	0.00	0.00		AS201656	211
5455	1	BANQUE	100000.00	0.00	0.00	0	f	0.00		f	0.00	0.00	0.00	0.00	0.00		AS201656	213
5456	1	BANQUE	35000.00	0.00	0.00	0	f	0.00		f	0.00	0.00	0.00	0.00	0.00		AS201657	211
5457	1	BANQUE	100000.00	0.00	0.00	0	f	0.00		f	0.00	0.00	0.00	0.00	0.00		AS201657	213
5458	1	BANQUE	35000.00	0.00	0.00	0	f	0.00		f	0.00	0.00	0.00	0.00	0.00		AS201658	211
5459	1	BANQUE	100000.00	0.00	0.00	0	f	0.00		f	0.00	0.00	0.00	0.00	0.00		AS201658	213
5460	1	ESPECES	35000.00	0.00	0.00	0	f	0.00		f	0.00	0.00	0.00	0.00	0.00		AS201629	211
5461	1	ESPECES	35000.00	0.00	0.00	0	f	0.00		f	0.00	0.00	0.00	0.00	0.00		AS201659	211
5462	1	BANQUE	35000.00	0.00	0.00	0	f	0.00		f	0.00	0.00	0.00	0.00	0.00		AS201660	211
5463	1	BANQUE	100000.00	0.00	0.00	0	f	0.00		f	0.00	0.00	0.00	0.00	0.00		AS201660	213
5464	1	BANQUE	35000.00	0.00	0.00	0	f	0.00		f	0.00	0.00	0.00	0.00	0.00		AS201661	211
5465	1	ESPECES	35000.00	0.00	0.00	0	f	0.00		f	0.00	0.00	0.00	0.00	0.00		AS201662	211
5466	1	ESPECES	100000.00	0.00	0.00	0	f	0.00		f	0.00	0.00	0.00	0.00	0.00		AS201662	213
5467	1	BANQUE	35000.00	0.00	0.00	0	f	0.00		f	0.00	0.00	0.00	0.00	0.00		AS201663	211
5468	2	BANQUE	150000.00	0.00	0.00	0	f	0.00		f	0.00	0.00	0.00	0.00	0.00		AS201648	215
5469	1	BANQUE	100000.00	0.00	0.00	0	f	0.00		f	0.00	0.00	0.00	0.00	0.00		AS201648	216
5470	1	ESPECES	35000.00	0.00	0.00	0	f	0.00		f	0.00	0.00	0.00	0.00	0.00		AS201601	214
5471	1	BANQUE	35000.00	0.00	0.00	0	f	0.00		f	0.00	0.00	0.00	0.00	0.00		AS201602	214
5472	1	BANQUE	75000.00	0.00	0.00	0	f	0.00		f	0.00	0.00	0.00	0.00	0.00		AS201602	215
5473	1	ESPECES	35000.00	0.00	0.00	0	f	0.00		f	0.00	0.00	0.00	0.00	0.00		AS201604	214
5474	2	ESPECES	200000.00	0.00	0.00	0	f	0.00		f	0.00	0.00	0.00	0.00	0.00		AS201604	216
5475	1	ESPECES	35000.00	0.00	0.00	0	f	0.00		f	0.00	0.00	0.00	0.00	0.00		AS201605	214
5476	1	ESPECES	75000.00	0.00	0.00	0	f	0.00		f	0.00	0.00	0.00	0.00	0.00		AS201605	215
5477	1	ESPECES	100000.00	0.00	0.00	0	f	0.00		f	0.00	0.00	0.00	0.00	0.00		AS201605	216
5478	1	BANQUE	35000.00	0.00	0.00	0	f	0.00		f	0.00	0.00	0.00	0.00	0.00		AS201608	214
5479	1	BANQUE	75000.00	0.00	0.00	0	f	0.00		f	0.00	0.00	0.00	0.00	0.00		AS201608	215
5480	2	BANQUE	200000.00	0.00	0.00	0	f	0.00		f	0.00	0.00	0.00	0.00	0.00		AS201608	216
5481	1	ESPECES	35000.00	0.00	0.00	0	f	0.00		f	0.00	0.00	0.00	0.00	0.00		AS201609	214
5482	1	ESPECES	75000.00	0.00	0.00	0	f	0.00		f	0.00	0.00	0.00	0.00	0.00		AS201609	215
5483	1	BANQUE	35000.00	0.00	0.00	0	f	0.00		f	0.00	0.00	0.00	0.00	0.00		AS201611	214
5484	1	BANQUE	75000.00	0.00	0.00	0	f	0.00		f	0.00	0.00	0.00	0.00	0.00		AS201611	215
5485	1	BANQUE	100000.00	0.00	0.00	0	f	0.00		f	0.00	0.00	0.00	0.00	0.00		AS201611	216
5486	1	BANQUE	35000.00	0.00	0.00	0	f	0.00		f	0.00	0.00	0.00	0.00	0.00		AS201613	214
5487	1	BANQUE	75000.00	0.00	0.00	0	f	0.00		f	0.00	0.00	0.00	0.00	0.00		AS201613	215
5488	1	BANQUE	100000.00	0.00	0.00	0	f	0.00		f	0.00	0.00	0.00	0.00	0.00		AS201613	216
5489	1	BANQUE	35000.00	0.00	0.00	0	f	0.00		f	0.00	0.00	0.00	0.00	0.00		AS201617	214
5490	1	BANQUE	100000.00	0.00	0.00	0	f	0.00		f	0.00	0.00	0.00	0.00	0.00		AS201617	216
5491	1	BANQUE	35000.00	0.00	0.00	0	f	0.00		f	0.00	0.00	0.00	0.00	0.00		AS201619	214
5492	1	BANQUE	75000.00	0.00	0.00	0	f	0.00		f	0.00	0.00	0.00	0.00	0.00		AS201619	215
5493	1	BANQUE	100000.00	0.00	0.00	0	f	0.00		f	0.00	0.00	0.00	0.00	0.00		AS201619	216
5494	1	ECHEC	0.00	0.00	0.00	0	f	0.00		f	0.00	0.00	0.00	0.00	0.00		AS201620	214
5495	1	ECHEC	0.00	0.00	0.00	0	f	0.00		f	0.00	0.00	0.00	0.00	0.00		AS201620	215
5496	1	ECHEC	0.00	0.00	0.00	0	f	0.00		f	0.00	0.00	0.00	0.00	0.00		AS201620	216
5497	1	BANQUE	35000.00	0.00	0.00	0	f	0.00		f	0.00	0.00	0.00	0.00	0.00		AS201621	214
5498	1	BANQUE	75000.00	0.00	0.00	0	f	0.00		f	0.00	0.00	0.00	0.00	0.00		AS201621	215
5499	1	BANQUE	100000.00	0.00	0.00	0	f	0.00		f	0.00	0.00	0.00	0.00	0.00		AS201621	216
5500	1	BANQUE	35000.00	0.00	0.00	0	f	0.00		f	0.00	0.00	0.00	0.00	0.00		AS201622	214
5501	1	BANQUE	100000.00	0.00	0.00	0	f	0.00		f	0.00	0.00	0.00	0.00	0.00		AS201622	216
5502	1	BANQUE	35000.00	0.00	0.00	0	f	0.00		f	0.00	0.00	0.00	0.00	0.00		AS201624	214
5503	1	BANQUE	75000.00	0.00	0.00	0	f	0.00		f	0.00	0.00	0.00	0.00	0.00		AS201624	215
5504	1	BANQUE	100000.00	0.00	0.00	0	f	0.00		f	0.00	0.00	0.00	0.00	0.00		AS201624	216
5505	1	BANQUE	35000.00	0.00	0.00	0	f	0.00		f	0.00	0.00	0.00	0.00	0.00		AS201626	214
5506	1	BANQUE	75000.00	0.00	0.00	0	f	0.00		f	0.00	0.00	0.00	0.00	0.00		AS201626	215
5507	1	BANQUE	35000.00	0.00	0.00	0	f	0.00		f	0.00	0.00	0.00	0.00	0.00		AS201628	214
5508	1	BANQUE	75000.00	0.00	0.00	0	f	0.00		f	0.00	0.00	0.00	0.00	0.00		AS201628	215
5543	1	BANQUE	100000.00	0.00	0.00	0	f	0.00		f	0.00	0.00	0.00	0.00	0.00		AS201662	216
5544	1	BANQUE	35000.00	0.00	0.00	0	f	0.00		f	0.00	0.00	0.00	0.00	0.00		AS201663	214
4676	1	BANQUE	100000.00	0.00	0.00	0	f	0.00		t	2255000.00	96000.00	1544000.00	25500.00	1572000.00		AS201649	183
4679	1	BANQUE	35000.00	0.00	0.00	0	f	0.00		t	294500.00	10000.00	50000.00	1000.00	51000.00		AS201653	181
4667	1	BANQUE	35000.00	0.00	0.00	0	f	0.00		t	297500.00	10000.00	50000.00	1000.00	51000.00		AS201641	181
5509	1	BANQUE	100000.00	0.00	0.00	0	f	0.00		f	0.00	0.00	0.00	0.00	0.00		AS201628	216
4627	2	BANQUE	200000.00	0.00	0.00	0	f	0.00		t	2310000.00	96000.00	1574500.00	32000.00	1505500.00		AS201604	183
4639	1	BANQUE	35000.00	0.00	0.00	0	f	0.00		t	295500.00	10000.00	50000.00	500.00	50500.00		AS201613	181
5510	1	BANQUE	35000.00	0.00	0.00	0	f	0.00		f	0.00	0.00	0.00	0.00	0.00		AS201633	214
5511	1	BANQUE	100000.00	0.00	0.00	0	f	0.00		f	0.00	0.00	0.00	0.00	0.00		AS201633	216
5512	1	ECHEC	0.00	0.00	0.00	0	f	0.00		f	0.00	0.00	0.00	0.00	0.00		AS201638	216
5513	1	ESPECES	35000.00	0.00	0.00	0	f	0.00		f	0.00	0.00	0.00	0.00	0.00		AS201639	214
5514	1	BANQUE	35000.00	0.00	0.00	0	f	0.00		f	0.00	0.00	0.00	0.00	0.00		AS201641	214
5515	1	BANQUE	100000.00	0.00	0.00	0	f	0.00		f	0.00	0.00	0.00	0.00	0.00		AS201641	216
5516	1	BANQUE	35000.00	0.00	0.00	0	f	0.00		f	0.00	0.00	0.00	0.00	0.00		AS201643	214
5517	1	BANQUE	100000.00	0.00	0.00	0	f	0.00		f	0.00	0.00	0.00	0.00	0.00		AS201643	216
5518	1	ESPECES	35000.00	0.00	0.00	0	f	0.00		f	0.00	0.00	0.00	0.00	0.00		AS201646	214
5519	1	ESPECES	100000.00	0.00	0.00	0	f	0.00		f	0.00	0.00	0.00	0.00	0.00		AS201646	216
5520	1	BANQUE	35000.00	0.00	0.00	0	f	0.00		f	0.00	0.00	0.00	0.00	0.00		AS201647	214
5521	1	BANQUE	100000.00	0.00	0.00	0	f	0.00		f	0.00	0.00	0.00	0.00	0.00		AS201647	216
5522	1	ESPECES	35000.00	0.00	0.00	0	f	0.00		f	0.00	0.00	0.00	0.00	0.00		AS201649	214
5523	1	ESPECES	100000.00	0.00	0.00	0	f	0.00		f	0.00	0.00	0.00	0.00	0.00		AS201649	216
5524	1	BANQUE	35000.00	0.00	0.00	0	f	0.00		f	0.00	0.00	0.00	0.00	0.00		AS201651	214
5525	1	BANQUE	100000.00	0.00	0.00	0	f	0.00		f	0.00	0.00	0.00	0.00	0.00		AS201651	216
5526	1	BANQUE	35000.00	0.00	0.00	0	f	0.00		f	0.00	0.00	0.00	0.00	0.00		AS201653	214
5527	1	BANQUE	100000.00	0.00	0.00	0	f	0.00		f	0.00	0.00	0.00	0.00	0.00		AS201653	216
5528	1	BANQUE	35000.00	0.00	0.00	0	f	0.00		f	0.00	0.00	0.00	0.00	0.00		AS201654	214
5529	1	BANQUE	75000.00	0.00	0.00	0	f	0.00		f	0.00	0.00	0.00	0.00	0.00		AS201654	215
5530	1	BANQUE	100000.00	0.00	0.00	0	f	0.00		f	0.00	0.00	0.00	0.00	0.00		AS201654	216
5531	1	BANQUE	35000.00	0.00	0.00	0	f	0.00		f	0.00	0.00	0.00	0.00	0.00		AS201656	214
5532	1	BANQUE	100000.00	0.00	0.00	0	f	0.00		f	0.00	0.00	0.00	0.00	0.00		AS201656	216
5533	1	BANQUE	35000.00	0.00	0.00	0	f	0.00		f	0.00	0.00	0.00	0.00	0.00		AS201657	214
5534	1	BANQUE	100000.00	0.00	0.00	0	f	0.00		f	0.00	0.00	0.00	0.00	0.00		AS201657	216
5535	1	BANQUE	35000.00	0.00	0.00	0	f	0.00		f	0.00	0.00	0.00	0.00	0.00		AS201658	214
5536	1	BANQUE	100000.00	0.00	0.00	0	f	0.00		f	0.00	0.00	0.00	0.00	0.00		AS201658	216
5537	1	BANQUE	35000.00	0.00	0.00	0	f	0.00		f	0.00	0.00	0.00	0.00	0.00		AS201629	214
5538	1	ESPECES	35000.00	0.00	0.00	0	f	0.00		f	0.00	0.00	0.00	0.00	0.00		AS201659	214
5539	1	BANQUE	35000.00	0.00	0.00	0	f	0.00		f	0.00	0.00	0.00	0.00	0.00		AS201660	214
5540	1	BANQUE	100000.00	0.00	0.00	0	f	0.00		f	0.00	0.00	0.00	0.00	0.00		AS201660	216
5541	1	BANQUE	35000.00	0.00	0.00	0	f	0.00		f	0.00	0.00	0.00	0.00	0.00		AS201661	214
5542	1	BANQUE	35000.00	0.00	0.00	0	f	0.00		f	0.00	0.00	0.00	0.00	0.00		AS201662	214
\.


--
-- Data for Name: tontines_sessiontontine; Type: TABLE DATA; Schema: public; Owner: postgres
--

COPY public.tontines_sessiontontine (id, mois, annee, date_seance, montant_interet_bureau, est_cloturee, niveau_id) FROM stdin;
207	9	2025	2025-09-17	103666.67	t	18
208	10	2025	2025-10-19	31375.00	t	16
209	10	2025	2025-10-19	18625.00	t	17
210	10	2025	2025-10-19	103666.67	t	18
211	11	2025	2025-11-23	31375.00	t	16
212	11	2025	2025-11-23	18625.00	t	17
213	11	2025	2025-11-23	103666.67	t	18
214	12	2025	2025-12-19	31375.00	t	16
215	12	2025	2025-12-19	18625.00	t	17
216	12	2025	2025-12-19	103666.67	t	18
217	1	2026	2026-01-13	79999.85	t	21
218	1	2026	2026-01-13	79999.85	t	19
219	1	2026	2026-01-13	79999.85	t	20
220	2	2026	2026-02-13	99999.83	t	21
221	2	2026	2026-02-13	99999.83	t	19
222	2	2026	2026-02-13	99999.83	t	20
223	3	2026	2026-03-13	0.00	t	21
224	3	2026	2026-03-13	0.00	t	19
225	3	2026	2026-03-13	0.00	t	20
181	1	2025	2025-01-13	31375.00	t	16
182	1	2025	2025-01-13	18625.00	t	17
183	1	2025	2025-01-13	103666.67	t	18
184	2	2025	2025-02-13	31375.00	t	16
185	2	2025	2025-02-13	18625.00	t	17
186	2	2025	2025-02-13	103666.67	t	18
187	3	2025	2025-03-23	31375.00	t	16
188	3	2025	2025-03-23	18625.00	t	17
189	3	2025	2025-03-23	103666.67	t	18
190	4	2025	2025-04-23	31375.00	t	16
191	4	2025	2025-04-23	18625.00	t	17
192	4	2025	2025-04-23	103666.67	t	18
193	5	2025	2025-05-23	31375.00	t	16
194	5	2025	2025-05-23	18625.00	t	17
195	5	2025	2025-05-23	103666.67	t	18
196	6	2025	2025-06-19	31375.00	t	16
197	6	2025	2025-06-19	18625.00	t	17
198	6	2025	2025-06-19	103666.67	t	18
199	7	2025	2025-07-23	31375.00	t	16
200	7	2025	2025-07-23	18625.00	t	17
201	7	2025	2025-07-23	103666.67	t	18
202	8	2025	2025-08-17	31375.00	t	16
203	8	2025	2025-08-17	18625.00	t	17
204	8	2025	2025-08-17	103666.67	t	18
205	9	2025	2025-09-17	31375.00	t	16
206	9	2025	2025-09-17	18625.00	t	17
\.


--
-- Data for Name: users_utilisateur; Type: TABLE DATA; Schema: public; Owner: postgres
--

COPY public.users_utilisateur (id, password, last_login, is_superuser, username, nom_complet, role, est_actif, is_staff, date_creation, adherent_id) FROM stdin;
2	pbkdf2_sha256$1000000$cqONSCKVnMHV6yZsBj0MuR$ORJNtDfI0mv/sGqADh9yp+ObKN/qSVlemvWN+FeKeVg=	\N	f	bakop	BAKOP ACHILLE	MEMBRE	t	f	2026-04-11 09:31:24.279971+01	AS201601
3	pbkdf2_sha256$1000000$DyNmQ3np3TBPI9uluLROas$mF19ZfY1JniLkE8B9bMG/lZWcdlFBh2c84IZVZwrJa0=	2026-04-13 15:57:46.028669+01	f	boutchouang	BOUTCHOUANG WILLIAM	MEMBRE	t	f	2026-04-11 09:31:24.465073+01	AS201602
4	pbkdf2_sha256$1000000$NNOevGV3QEvrY6FF7QZqRG$GcVTpA8LVk3qiYI9mk+QGbrI/oQnrcZXaT2ohjWHdXs=	\N	f	djomo	DJOMO JEAN PAUL	MEMBRE	t	f	2026-04-11 09:31:24.646271+01	AS201604
5	pbkdf2_sha256$1000000$b2nS4yjUthUTAiJ02YQU0o$zL4zvH/3hga7GKfIg8GJrrXT5uUj7vQm9eOtwnbwrms=	\N	f	djoukwe	DJOUKWE NANGUEN GUY BLAISE	MEMBRE	t	f	2026-04-11 09:31:24.834008+01	AS201605
7	pbkdf2_sha256$1000000$vGeTeYgHCC16tAL6WA1hpN$K6RCZxoFbEhHUPequZ1fvc15uJkbZzCzJi38wcMhvTY=	\N	f	donhou	DONHOU DAVID	MEMBRE	t	f	2026-04-11 09:31:25.199257+01	AS201609
8	pbkdf2_sha256$1000000$jBxQ3aZf0OpTwACLORcDFU$f4wzyDgXBF2+dF5cTA86/gvaU4CjAN6l7bcJtZ3MNfo=	\N	f	hengue	HENGUE PAUL OMER	MEMBRE	t	f	2026-04-11 09:31:25.387309+01	AS201611
22	pbkdf2_sha256$1000000$my2PSXK8ZQwfSmy7fIxVl7$F1bYWc7DAB8OYbgKb1INd0z6AM4+7n9GE4PK/cs3kuQ=	\N	f	tchoutou	TCHOUTOU NANA CLAUDE	MEMBRE	t	f	2026-04-11 09:31:28.002695+01	AS201643
23	pbkdf2_sha256$1000000$u9cdizXnGXcJJXy0kfBCnF$lLQCyVjVd+R2V3zFPNy//Sf7ueGfEA1KAjZKGkiVT8M=	\N	f	yepmou	YEPMOU JEAN JACQUES	MEMBRE	t	f	2026-04-11 09:31:28.186127+01	AS201646
24	pbkdf2_sha256$1000000$FllwHDzDpPmqj5qtGhhgiH$x+JomrJ/dl8ukPHnc/Km4N2ai+fiJ7z6uAhBZsIdHkk=	\N	f	youmbi	YOUMBI EMMANUEL	MEMBRE	t	f	2026-04-11 09:31:28.378583+01	AS201647
36	pbkdf2_sha256$1000000$PXgtiT9SORHqVHlkrbLuLP$zliWnDI91WZhAGn+xCQhBfQ6q+Rwx7FhiQ69vlh+uf8=	\N	f	fampou	FAMPOU PAUL	MEMBRE	t	f	2026-04-11 09:31:30.863366+01	AS201663
1	pbkdf2_sha256$1000000$xiYMKMkwUbDQGXgPu2HaZC$9FrFEtxvuSzdrGI4SQbc1+colG9+wiEHaj18gPgV7u4=	2026-04-14 02:16:04.705445+01	f	tontine_2026	Bureau ASELBY	BUREAU	t	t	2026-04-11 09:31:24.084311+01	\N
6	pbkdf2_sha256$1000000$7KIq2ZOn4OAOL8q48BMa2X$BM80s96BpFomnqa6vGUZJLAizLgP2Att/+97nv0HhsI=	2026-04-14 02:16:59.500111+01	f	djuombessy	DJUOMBESSY ANTOINE	MEMBRE	t	f	2026-04-11 09:31:25.01624+01	AS201608
9	pbkdf2_sha256$1000000$ds0YvCj7Pf2T5VAK9fXOoK$PzBSVdPWP0uLhbCtRbrQ0xScsOHTu1IEnWpu8MDP+qY=	\N	f	hotcho	HOTCHO BENJAMIN	MEMBRE	t	f	2026-04-11 09:31:25.570799+01	AS201613
10	pbkdf2_sha256$1000000$8cgGPH9vyzvRzRc6fpddBu$Cz4jnU7F1uyyVwB0ji0XAwXts9NIcuBnAhGOZrz/PHk=	\N	f	kouamou	KOUAMOU MOISE	MEMBRE	t	f	2026-04-11 09:31:25.758239+01	AS201617
11	pbkdf2_sha256$1000000$xh5iKjVRLOxrwW7vVpaAWN$dSd62Fi0CPls1ZLwkNuVnXMGB/fkklwx72XROchscTM=	\N	f	kouatcho	KOUATCHO MESSACK	MEMBRE	t	f	2026-04-11 09:31:25.944052+01	AS201619
12	pbkdf2_sha256$1000000$zi3bJb9f3P2Fr0mlX4xsHZ$q3p9ZmqzBN3o4jez+O/lTD2KD8sE/WOEhfDknGCVOVY=	\N	f	lowe	LOWE JEAN	MEMBRE	t	f	2026-04-11 09:31:26.129284+01	AS201620
13	pbkdf2_sha256$1000000$6qs5uMVZMIE9RGB1bKZaZv$oJZrUJdIFI3o9TKXSfE3g1f8+zwyU7tpFhnsfR2H/rs=	\N	f	nankam	NANKAM APPOLINAIRE	MEMBRE	t	f	2026-04-11 09:31:26.317168+01	AS201621
14	pbkdf2_sha256$1000000$3BqLLIH4zCsm78DfF9ZWET$00wkGdS5B8yReuKSvJpNFUKelSbJDO7Y7pqjS4S714o=	\N	f	ndjomo	NDJOMO ETIENNE	MEMBRE	t	f	2026-04-11 09:31:26.502233+01	AS201622
15	pbkdf2_sha256$1000000$ta1veVxl3Oxbsl15vYaxHk$SRW3uiqvMeJ0025XZD2gLYT/H0ZnMHFKo7hgUTOaaU4=	\N	f	ngondiep	NGONDIEP CLAUDE	MEMBRE	t	f	2026-04-11 09:31:26.685766+01	AS201624
16	pbkdf2_sha256$1000000$2VoewGyEuCEVW4yG2Rnf5I$lDYZk1gecOH76Jacd7lMchQeY+PXd+FuWaLrHCDol0Q=	\N	f	nguiemegni	NGUIEMEGNI MATHIEU BLAISE	MEMBRE	t	f	2026-04-11 09:31:26.87388+01	AS201626
17	pbkdf2_sha256$1000000$3xkcJi9Mprq0EB9UGUYoOj$UucUuGlpvefTWVl9bI89kOJMEQ2fUHTM/VdTGrlN5gc=	\N	f	nkamgang	NKAMGANG JUSTIN DEJOLIE	MEMBRE	t	f	2026-04-11 09:31:27.057759+01	AS201628
18	pbkdf2_sha256$1000000$7jhy86DLuKFXyfRzdmEfok$aoYIvzM0obll33S8hMaCpBofGnnASoRWq+7+o80WTYo=	\N	f	patego	PATEGO NJOSSU GUSTAVE	MEMBRE	t	f	2026-04-11 09:31:27.246275+01	AS201633
20	pbkdf2_sha256$1000000$pWCuFGBxgV8hXZUMek4QEb$RDtb97IVeHlgbpv7/5GOf1JJj1eAKeVKvYSDGh5Gs+w=	\N	f	nanguen	NANGUEN MARTIN	MEMBRE	t	f	2026-04-11 09:31:27.62792+01	AS201639
21	pbkdf2_sha256$1000000$wAhRyRkPEXmV4U1oRsEeQC$xAqYYPKkCF6vj80c9lJuIYc3EPJ8QoGdaooAFIGBsRM=	\N	f	tchouamou	TCHOUAMOU MATHIEU	MEMBRE	t	f	2026-04-11 09:31:27.818849+01	AS201641
39		\N	f	ASELBY		MEMBRE	f	f	2026-04-13 16:58:46.100214+01	ASELBY
40		\N	f	fotso	FOTSO THOMAS	MEMBRE	t	f	2026-04-13 16:58:46.11139+01	AS201610
25	pbkdf2_sha256$1000000$1FLt9DLazknMjYL9ziZ9lc$t1r+VJQBZUHUeoOShcXABFS7ZEk/yNxuiMqNuvt9Vxo=	\N	f	mbogning	MBOGNING TUGMA GUY	MEMBRE	t	f	2026-04-11 09:31:28.569533+01	AS201649
26	pbkdf2_sha256$1000000$suz1vpCfu9VLAVpZxMlhGp$ZbccOUf/31s/kAmGLXfCdbR5rqE4md5L2JbpBbMVl4U=	\N	f	domou	DOMOU FABIEN	MEMBRE	t	f	2026-04-11 09:31:28.75942+01	AS201651
27	pbkdf2_sha256$1000000$hOozNMP7ta79sWWo6H2gOa$M7XnWS7a82Ccfl4D5LsKNqvOh/e3FHhB6TVrti4/u/Q=	\N	f	sime	SIME BRICE	MEMBRE	t	f	2026-04-11 09:31:28.945462+01	AS201653
28	pbkdf2_sha256$1000000$76hQArbg6pdPxxovN2UFz6$67NQoFLdco/pRBltGyytjkXGIxnWiK2QXGcZ1+4EeQE=	\N	f	djomou	DJOMOU TCHAPDA	MEMBRE	t	f	2026-04-11 09:31:29.133448+01	AS201654
29	pbkdf2_sha256$1000000$IbuPIckekFxrdtm0O0kgTl$q7nlX02Z39IFkw0oZ7QFj5pc3OeSyhBgnJDtyLxC/VA=	\N	f	noube	NOUBE ETIENNE	MEMBRE	t	f	2026-04-11 09:31:29.326578+01	AS201656
30	pbkdf2_sha256$1000000$mxwlOrBuUpNF7b0gKvor87$a39H8pFanMID2vh3uwHsgiqQvPHi8N/ZhBaYu3T99KY=	\N	f	seumo	SEUMO POLYCARPE	MEMBRE	t	f	2026-04-11 09:31:29.518265+01	AS201657
31	pbkdf2_sha256$1000000$ULhtSWHDQHmyzbbnJ5Saci$xw9fV3ImKfoZjRaZrjTKpKOW9QuHpx9IPMVM2/ouG0U=	\N	f	yantchou	YANTCHOU GERVAIS	MEMBRE	t	f	2026-04-11 09:31:29.708139+01	AS201658
19	pbkdf2_sha256$1000000$YfIciureb93GrOuHHvg5uW$D+zbD46zdmC/OLaJB/DsHGnR24W6Vxy70GFgFsmwDRk=	\N	f	simo	SIMO FONGANG ERIC	MEMBRE	t	f	2026-04-11 09:31:27.434688+01	AS201629
32	pbkdf2_sha256$1000000$rxo0CoVONcfMITJRUPKjTv$dm+i/m23RbBR+uJj0lW9OknNmjoh7+fq9wf2ChSgamo=	\N	f	yiala	YIALA ALAIN OSCAR	MEMBRE	t	f	2026-04-11 09:31:30.094609+01	AS201659
33	pbkdf2_sha256$1000000$zjJLPyi0so2cIpEqv3JQsV$Fq7TOAYkgUx+GTfzB96MUqkgn1lxsoDnprdUBB+H2vk=	\N	f	tchouateu	TCHOUATEU AUGUSTIN	MEMBRE	t	f	2026-04-11 09:31:30.285181+01	AS201660
34	pbkdf2_sha256$1000000$WRtpGwEbTSD7Kg4CSrwWI4$M5FLe90vP8KQ2Wt/bl40xj+LNHZP8bdJpgCeIS/wMkw=	\N	f	masseungoue	MASSEUNGOUE DAGOBERT	MEMBRE	t	f	2026-04-11 09:31:30.478852+01	AS201661
35	pbkdf2_sha256$1000000$xqTrp6HbgEX2Tjh6vCuN4T$I7rrUtLxHxCmdnVLsBjqF/f4Ofm6iIgT/YBpgaZscJs=	\N	f	tieyam	TIEYAM ERNEST	MEMBRE	t	f	2026-04-11 09:31:30.669778+01	AS201662
\.


--
-- Data for Name: users_utilisateur_groups; Type: TABLE DATA; Schema: public; Owner: postgres
--

COPY public.users_utilisateur_groups (id, utilisateur_id, group_id) FROM stdin;
\.


--
-- Data for Name: users_utilisateur_user_permissions; Type: TABLE DATA; Schema: public; Owner: postgres
--

COPY public.users_utilisateur_user_permissions (id, utilisateur_id, permission_id) FROM stdin;
\.


--
-- Name: auth_group_id_seq; Type: SEQUENCE SET; Schema: public; Owner: postgres
--

SELECT pg_catalog.setval('public.auth_group_id_seq', 1, false);


--
-- Name: auth_group_permissions_id_seq; Type: SEQUENCE SET; Schema: public; Owner: postgres
--

SELECT pg_catalog.setval('public.auth_group_permissions_id_seq', 1, false);


--
-- Name: auth_permission_id_seq; Type: SEQUENCE SET; Schema: public; Owner: postgres
--

SELECT pg_catalog.setval('public.auth_permission_id_seq', 140, true);


--
-- Name: banque_cheque_id_seq; Type: SEQUENCE SET; Schema: public; Owner: postgres
--

SELECT pg_catalog.setval('public.banque_cheque_id_seq', 460, true);


--
-- Name: banque_historiquebancaire_id_seq; Type: SEQUENCE SET; Schema: public; Owner: postgres
--

SELECT pg_catalog.setval('public.banque_historiquebancaire_id_seq', 1, false);


--
-- Name: dettes_listerouge_id_seq; Type: SEQUENCE SET; Schema: public; Owner: postgres
--

SELECT pg_catalog.setval('public.dettes_listerouge_id_seq', 59, true);


--
-- Name: dettes_remboursementdette_id_seq; Type: SEQUENCE SET; Schema: public; Owner: postgres
--

SELECT pg_catalog.setval('public.dettes_remboursementdette_id_seq', 1, false);


--
-- Name: django_admin_log_id_seq; Type: SEQUENCE SET; Schema: public; Owner: postgres
--

SELECT pg_catalog.setval('public.django_admin_log_id_seq', 1, false);


--
-- Name: django_content_type_id_seq; Type: SEQUENCE SET; Schema: public; Owner: postgres
--

SELECT pg_catalog.setval('public.django_content_type_id_seq', 35, true);


--
-- Name: django_migrations_id_seq; Type: SEQUENCE SET; Schema: public; Owner: postgres
--

SELECT pg_catalog.setval('public.django_migrations_id_seq', 35, true);


--
-- Name: exercice_fichecassation_id_seq; Type: SEQUENCE SET; Schema: public; Owner: postgres
--

SELECT pg_catalog.setval('public.exercice_fichecassation_id_seq', 563, true);


--
-- Name: exercice_synthesecompte_id_seq; Type: SEQUENCE SET; Schema: public; Owner: postgres
--

SELECT pg_catalog.setval('public.exercice_synthesecompte_id_seq', 6, true);


--
-- Name: fonds_mouvementfonds_id_seq; Type: SEQUENCE SET; Schema: public; Owner: postgres
--

SELECT pg_catalog.setval('public.fonds_mouvementfonds_id_seq', 4773, true);


--
-- Name: fonds_reservemensuelle_id_seq; Type: SEQUENCE SET; Schema: public; Owner: postgres
--

SELECT pg_catalog.setval('public.fonds_reservemensuelle_id_seq', 62, true);


--
-- Name: foyer_contributionfoyer_id_seq; Type: SEQUENCE SET; Schema: public; Owner: postgres
--

SELECT pg_catalog.setval('public.foyer_contributionfoyer_id_seq', 132, true);


--
-- Name: mutuelle_aidemutuelle_id_seq; Type: SEQUENCE SET; Schema: public; Owner: postgres
--

SELECT pg_catalog.setval('public.mutuelle_aidemutuelle_id_seq', 36, true);


--
-- Name: mutuelle_cotisationmutuelle_id_seq; Type: SEQUENCE SET; Schema: public; Owner: postgres
--

SELECT pg_catalog.setval('public.mutuelle_cotisationmutuelle_id_seq', 4, true);


--
-- Name: parametrage_agiobancaire_id_seq; Type: SEQUENCE SET; Schema: public; Owner: postgres
--

SELECT pg_catalog.setval('public.parametrage_agiobancaire_id_seq', 24, true);


--
-- Name: parametrage_autredepense_id_seq; Type: SEQUENCE SET; Schema: public; Owner: postgres
--

SELECT pg_catalog.setval('public.parametrage_autredepense_id_seq', 7, true);


--
-- Name: parametrage_configexercice_id_seq; Type: SEQUENCE SET; Schema: public; Owner: postgres
--

SELECT pg_catalog.setval('public.parametrage_configexercice_id_seq', 4, true);


--
-- Name: parametrage_depensecollation_id_seq; Type: SEQUENCE SET; Schema: public; Owner: postgres
--

SELECT pg_catalog.setval('public.parametrage_depensecollation_id_seq', 12, true);


--
-- Name: parametrage_depensefondsroulement_id_seq; Type: SEQUENCE SET; Schema: public; Owner: postgres
--

SELECT pg_catalog.setval('public.parametrage_depensefondsroulement_id_seq', 21, true);


--
-- Name: parametrage_depensefoyer_id_seq; Type: SEQUENCE SET; Schema: public; Owner: postgres
--

SELECT pg_catalog.setval('public.parametrage_depensefoyer_id_seq', 4, true);


--
-- Name: parametrage_depensefraisexceptionnels_id_seq; Type: SEQUENCE SET; Schema: public; Owner: postgres
--

SELECT pg_catalog.setval('public.parametrage_depensefraisexceptionnels_id_seq', 2, true);


--
-- Name: prets_pret_id_seq; Type: SEQUENCE SET; Schema: public; Owner: postgres
--

SELECT pg_catalog.setval('public.prets_pret_id_seq', 140, true);


--
-- Name: prets_remboursementpret_id_seq; Type: SEQUENCE SET; Schema: public; Owner: postgres
--

SELECT pg_catalog.setval('public.prets_remboursementpret_id_seq', 1, false);


--
-- Name: public_activite_id_seq; Type: SEQUENCE SET; Schema: public; Owner: postgres
--

SELECT pg_catalog.setval('public.public_activite_id_seq', 4, true);


--
-- Name: public_annonce_id_seq; Type: SEQUENCE SET; Schema: public; Owner: postgres
--

SELECT pg_catalog.setval('public.public_annonce_id_seq', 4, true);


--
-- Name: public_contact_id_seq; Type: SEQUENCE SET; Schema: public; Owner: postgres
--

SELECT pg_catalog.setval('public.public_contact_id_seq', 1, true);


--
-- Name: public_faq_id_seq; Type: SEQUENCE SET; Schema: public; Owner: postgres
--

SELECT pg_catalog.setval('public.public_faq_id_seq', 5, true);


--
-- Name: saisie_tableaudebord_id_seq; Type: SEQUENCE SET; Schema: public; Owner: postgres
--

SELECT pg_catalog.setval('public.saisie_tableaudebord_id_seq', 4773, true);


--
-- Name: tontines_niveautontine_id_seq; Type: SEQUENCE SET; Schema: public; Owner: postgres
--

SELECT pg_catalog.setval('public.tontines_niveautontine_id_seq', 21, true);


--
-- Name: tontines_participationtontine_id_seq; Type: SEQUENCE SET; Schema: public; Owner: postgres
--

SELECT pg_catalog.setval('public.tontines_participationtontine_id_seq', 5742, true);


--
-- Name: tontines_sessiontontine_id_seq; Type: SEQUENCE SET; Schema: public; Owner: postgres
--

SELECT pg_catalog.setval('public.tontines_sessiontontine_id_seq', 225, true);


--
-- Name: users_utilisateur_groups_id_seq; Type: SEQUENCE SET; Schema: public; Owner: postgres
--

SELECT pg_catalog.setval('public.users_utilisateur_groups_id_seq', 1, false);


--
-- Name: users_utilisateur_id_seq; Type: SEQUENCE SET; Schema: public; Owner: postgres
--

SELECT pg_catalog.setval('public.users_utilisateur_id_seq', 40, true);


--
-- Name: users_utilisateur_user_permissions_id_seq; Type: SEQUENCE SET; Schema: public; Owner: postgres
--

SELECT pg_catalog.setval('public.users_utilisateur_user_permissions_id_seq', 1, false);


--
-- Name: adherents_adherent adherents_adherent_numero_ordre_key; Type: CONSTRAINT; Schema: public; Owner: postgres
--

ALTER TABLE ONLY public.adherents_adherent
    ADD CONSTRAINT adherents_adherent_numero_ordre_key UNIQUE (numero_ordre);


--
-- Name: adherents_adherent adherents_adherent_pkey; Type: CONSTRAINT; Schema: public; Owner: postgres
--

ALTER TABLE ONLY public.adherents_adherent
    ADD CONSTRAINT adherents_adherent_pkey PRIMARY KEY (matricule);


--
-- Name: auth_group auth_group_name_key; Type: CONSTRAINT; Schema: public; Owner: postgres
--

ALTER TABLE ONLY public.auth_group
    ADD CONSTRAINT auth_group_name_key UNIQUE (name);


--
-- Name: auth_group_permissions auth_group_permissions_group_id_permission_id_0cd325b0_uniq; Type: CONSTRAINT; Schema: public; Owner: postgres
--

ALTER TABLE ONLY public.auth_group_permissions
    ADD CONSTRAINT auth_group_permissions_group_id_permission_id_0cd325b0_uniq UNIQUE (group_id, permission_id);


--
-- Name: auth_group_permissions auth_group_permissions_pkey; Type: CONSTRAINT; Schema: public; Owner: postgres
--

ALTER TABLE ONLY public.auth_group_permissions
    ADD CONSTRAINT auth_group_permissions_pkey PRIMARY KEY (id);


--
-- Name: auth_group auth_group_pkey; Type: CONSTRAINT; Schema: public; Owner: postgres
--

ALTER TABLE ONLY public.auth_group
    ADD CONSTRAINT auth_group_pkey PRIMARY KEY (id);


--
-- Name: auth_permission auth_permission_content_type_id_codename_01ab375a_uniq; Type: CONSTRAINT; Schema: public; Owner: postgres
--

ALTER TABLE ONLY public.auth_permission
    ADD CONSTRAINT auth_permission_content_type_id_codename_01ab375a_uniq UNIQUE (content_type_id, codename);


--
-- Name: auth_permission auth_permission_pkey; Type: CONSTRAINT; Schema: public; Owner: postgres
--

ALTER TABLE ONLY public.auth_permission
    ADD CONSTRAINT auth_permission_pkey PRIMARY KEY (id);


--
-- Name: banque_cheque banque_cheque_pkey; Type: CONSTRAINT; Schema: public; Owner: postgres
--

ALTER TABLE ONLY public.banque_cheque
    ADD CONSTRAINT banque_cheque_pkey PRIMARY KEY (id);


--
-- Name: banque_historiquebancaire banque_historiquebancaire_adherent_id_mois_annee_f2d50a61_uniq; Type: CONSTRAINT; Schema: public; Owner: postgres
--

ALTER TABLE ONLY public.banque_historiquebancaire
    ADD CONSTRAINT banque_historiquebancaire_adherent_id_mois_annee_f2d50a61_uniq UNIQUE (adherent_id, mois, annee);


--
-- Name: banque_historiquebancaire banque_historiquebancaire_pkey; Type: CONSTRAINT; Schema: public; Owner: postgres
--

ALTER TABLE ONLY public.banque_historiquebancaire
    ADD CONSTRAINT banque_historiquebancaire_pkey PRIMARY KEY (id);


--
-- Name: dettes_listerouge dettes_listerouge_adherent_id_key; Type: CONSTRAINT; Schema: public; Owner: postgres
--

ALTER TABLE ONLY public.dettes_listerouge
    ADD CONSTRAINT dettes_listerouge_adherent_id_key UNIQUE (adherent_id);


--
-- Name: dettes_listerouge dettes_listerouge_pkey; Type: CONSTRAINT; Schema: public; Owner: postgres
--

ALTER TABLE ONLY public.dettes_listerouge
    ADD CONSTRAINT dettes_listerouge_pkey PRIMARY KEY (id);


--
-- Name: dettes_remboursementdette dettes_remboursementdette_pkey; Type: CONSTRAINT; Schema: public; Owner: postgres
--

ALTER TABLE ONLY public.dettes_remboursementdette
    ADD CONSTRAINT dettes_remboursementdette_pkey PRIMARY KEY (id);


--
-- Name: django_admin_log django_admin_log_pkey; Type: CONSTRAINT; Schema: public; Owner: postgres
--

ALTER TABLE ONLY public.django_admin_log
    ADD CONSTRAINT django_admin_log_pkey PRIMARY KEY (id);


--
-- Name: django_content_type django_content_type_app_label_model_76bd3d3b_uniq; Type: CONSTRAINT; Schema: public; Owner: postgres
--

ALTER TABLE ONLY public.django_content_type
    ADD CONSTRAINT django_content_type_app_label_model_76bd3d3b_uniq UNIQUE (app_label, model);


--
-- Name: django_content_type django_content_type_pkey; Type: CONSTRAINT; Schema: public; Owner: postgres
--

ALTER TABLE ONLY public.django_content_type
    ADD CONSTRAINT django_content_type_pkey PRIMARY KEY (id);


--
-- Name: django_migrations django_migrations_pkey; Type: CONSTRAINT; Schema: public; Owner: postgres
--

ALTER TABLE ONLY public.django_migrations
    ADD CONSTRAINT django_migrations_pkey PRIMARY KEY (id);


--
-- Name: django_session django_session_pkey; Type: CONSTRAINT; Schema: public; Owner: postgres
--

ALTER TABLE ONLY public.django_session
    ADD CONSTRAINT django_session_pkey PRIMARY KEY (session_key);


--
-- Name: exercice_fichecassation exercice_fichecassation_adherent_id_config_exerc_f7ec77bd_uniq; Type: CONSTRAINT; Schema: public; Owner: postgres
--

ALTER TABLE ONLY public.exercice_fichecassation
    ADD CONSTRAINT exercice_fichecassation_adherent_id_config_exerc_f7ec77bd_uniq UNIQUE (adherent_id, config_exercice_id);


--
-- Name: exercice_fichecassation exercice_fichecassation_pkey; Type: CONSTRAINT; Schema: public; Owner: postgres
--

ALTER TABLE ONLY public.exercice_fichecassation
    ADD CONSTRAINT exercice_fichecassation_pkey PRIMARY KEY (id);


--
-- Name: exercice_synthesecompte exercice_synthesecompte_config_exercice_id_key; Type: CONSTRAINT; Schema: public; Owner: postgres
--

ALTER TABLE ONLY public.exercice_synthesecompte
    ADD CONSTRAINT exercice_synthesecompte_config_exercice_id_key UNIQUE (config_exercice_id);


--
-- Name: exercice_synthesecompte exercice_synthesecompte_pkey; Type: CONSTRAINT; Schema: public; Owner: postgres
--

ALTER TABLE ONLY public.exercice_synthesecompte
    ADD CONSTRAINT exercice_synthesecompte_pkey PRIMARY KEY (id);


--
-- Name: fonds_mouvementfonds fonds_mouvementfonds_adherent_id_mois_annee_c8166217_uniq; Type: CONSTRAINT; Schema: public; Owner: postgres
--

ALTER TABLE ONLY public.fonds_mouvementfonds
    ADD CONSTRAINT fonds_mouvementfonds_adherent_id_mois_annee_c8166217_uniq UNIQUE (adherent_id, mois, annee);


--
-- Name: fonds_mouvementfonds fonds_mouvementfonds_pkey; Type: CONSTRAINT; Schema: public; Owner: postgres
--

ALTER TABLE ONLY public.fonds_mouvementfonds
    ADD CONSTRAINT fonds_mouvementfonds_pkey PRIMARY KEY (id);


--
-- Name: fonds_reservemensuelle fonds_reservemensuelle_mois_annee_85b68e88_uniq; Type: CONSTRAINT; Schema: public; Owner: postgres
--

ALTER TABLE ONLY public.fonds_reservemensuelle
    ADD CONSTRAINT fonds_reservemensuelle_mois_annee_85b68e88_uniq UNIQUE (mois, annee);


--
-- Name: fonds_reservemensuelle fonds_reservemensuelle_pkey; Type: CONSTRAINT; Schema: public; Owner: postgres
--

ALTER TABLE ONLY public.fonds_reservemensuelle
    ADD CONSTRAINT fonds_reservemensuelle_pkey PRIMARY KEY (id);


--
-- Name: foyer_contributionfoyer foyer_contributionfoyer_adherent_id_mois_annee_3e2165a5_uniq; Type: CONSTRAINT; Schema: public; Owner: postgres
--

ALTER TABLE ONLY public.foyer_contributionfoyer
    ADD CONSTRAINT foyer_contributionfoyer_adherent_id_mois_annee_3e2165a5_uniq UNIQUE (adherent_id, mois, annee);


--
-- Name: foyer_contributionfoyer foyer_contributionfoyer_pkey; Type: CONSTRAINT; Schema: public; Owner: postgres
--

ALTER TABLE ONLY public.foyer_contributionfoyer
    ADD CONSTRAINT foyer_contributionfoyer_pkey PRIMARY KEY (id);


--
-- Name: mutuelle_aidemutuelle mutuelle_aidemutuelle_pkey; Type: CONSTRAINT; Schema: public; Owner: postgres
--

ALTER TABLE ONLY public.mutuelle_aidemutuelle
    ADD CONSTRAINT mutuelle_aidemutuelle_pkey PRIMARY KEY (id);


--
-- Name: mutuelle_cotisationmutuelle mutuelle_cotisationmutue_adherent_id_mois_annee_f25f7f84_uniq; Type: CONSTRAINT; Schema: public; Owner: postgres
--

ALTER TABLE ONLY public.mutuelle_cotisationmutuelle
    ADD CONSTRAINT mutuelle_cotisationmutue_adherent_id_mois_annee_f25f7f84_uniq UNIQUE (adherent_id, mois, annee);


--
-- Name: mutuelle_cotisationmutuelle mutuelle_cotisationmutuelle_pkey; Type: CONSTRAINT; Schema: public; Owner: postgres
--

ALTER TABLE ONLY public.mutuelle_cotisationmutuelle
    ADD CONSTRAINT mutuelle_cotisationmutuelle_pkey PRIMARY KEY (id);


--
-- Name: parametrage_agiobancaire parametrage_agiobancaire_mois_annee_7be63128_uniq; Type: CONSTRAINT; Schema: public; Owner: postgres
--

ALTER TABLE ONLY public.parametrage_agiobancaire
    ADD CONSTRAINT parametrage_agiobancaire_mois_annee_7be63128_uniq UNIQUE (mois, annee);


--
-- Name: parametrage_agiobancaire parametrage_agiobancaire_pkey; Type: CONSTRAINT; Schema: public; Owner: postgres
--

ALTER TABLE ONLY public.parametrage_agiobancaire
    ADD CONSTRAINT parametrage_agiobancaire_pkey PRIMARY KEY (id);


--
-- Name: parametrage_autredepense parametrage_autredepense_pkey; Type: CONSTRAINT; Schema: public; Owner: postgres
--

ALTER TABLE ONLY public.parametrage_autredepense
    ADD CONSTRAINT parametrage_autredepense_pkey PRIMARY KEY (id);


--
-- Name: parametrage_configexercice parametrage_configexercice_annee_key; Type: CONSTRAINT; Schema: public; Owner: postgres
--

ALTER TABLE ONLY public.parametrage_configexercice
    ADD CONSTRAINT parametrage_configexercice_annee_key UNIQUE (annee);


--
-- Name: parametrage_configexercice parametrage_configexercice_pkey; Type: CONSTRAINT; Schema: public; Owner: postgres
--

ALTER TABLE ONLY public.parametrage_configexercice
    ADD CONSTRAINT parametrage_configexercice_pkey PRIMARY KEY (id);


--
-- Name: parametrage_depensecollation parametrage_depensecollation_pkey; Type: CONSTRAINT; Schema: public; Owner: postgres
--

ALTER TABLE ONLY public.parametrage_depensecollation
    ADD CONSTRAINT parametrage_depensecollation_pkey PRIMARY KEY (id);


--
-- Name: parametrage_depensefondsroulement parametrage_depensefondsroulement_pkey; Type: CONSTRAINT; Schema: public; Owner: postgres
--

ALTER TABLE ONLY public.parametrage_depensefondsroulement
    ADD CONSTRAINT parametrage_depensefondsroulement_pkey PRIMARY KEY (id);


--
-- Name: parametrage_depensefoyer parametrage_depensefoyer_pkey; Type: CONSTRAINT; Schema: public; Owner: postgres
--

ALTER TABLE ONLY public.parametrage_depensefoyer
    ADD CONSTRAINT parametrage_depensefoyer_pkey PRIMARY KEY (id);


--
-- Name: parametrage_depensefraisexceptionnels parametrage_depensefraisexceptionnels_pkey; Type: CONSTRAINT; Schema: public; Owner: postgres
--

ALTER TABLE ONLY public.parametrage_depensefraisexceptionnels
    ADD CONSTRAINT parametrage_depensefraisexceptionnels_pkey PRIMARY KEY (id);


--
-- Name: prets_pret prets_pret_pkey; Type: CONSTRAINT; Schema: public; Owner: postgres
--

ALTER TABLE ONLY public.prets_pret
    ADD CONSTRAINT prets_pret_pkey PRIMARY KEY (id);


--
-- Name: prets_remboursementpret prets_remboursementpret_pkey; Type: CONSTRAINT; Schema: public; Owner: postgres
--

ALTER TABLE ONLY public.prets_remboursementpret
    ADD CONSTRAINT prets_remboursementpret_pkey PRIMARY KEY (id);


--
-- Name: public_activite public_activite_pkey; Type: CONSTRAINT; Schema: public; Owner: postgres
--

ALTER TABLE ONLY public.public_activite
    ADD CONSTRAINT public_activite_pkey PRIMARY KEY (id);


--
-- Name: public_annonce public_annonce_pkey; Type: CONSTRAINT; Schema: public; Owner: postgres
--

ALTER TABLE ONLY public.public_annonce
    ADD CONSTRAINT public_annonce_pkey PRIMARY KEY (id);


--
-- Name: public_contact public_contact_pkey; Type: CONSTRAINT; Schema: public; Owner: postgres
--

ALTER TABLE ONLY public.public_contact
    ADD CONSTRAINT public_contact_pkey PRIMARY KEY (id);


--
-- Name: public_faq public_faq_pkey; Type: CONSTRAINT; Schema: public; Owner: postgres
--

ALTER TABLE ONLY public.public_faq
    ADD CONSTRAINT public_faq_pkey PRIMARY KEY (id);


--
-- Name: saisie_tableaudebord saisie_tableaudebord_adherent_id_mois_annee_3fb7a284_uniq; Type: CONSTRAINT; Schema: public; Owner: postgres
--

ALTER TABLE ONLY public.saisie_tableaudebord
    ADD CONSTRAINT saisie_tableaudebord_adherent_id_mois_annee_3fb7a284_uniq UNIQUE (adherent_id, mois, annee);


--
-- Name: saisie_tableaudebord saisie_tableaudebord_pkey; Type: CONSTRAINT; Schema: public; Owner: postgres
--

ALTER TABLE ONLY public.saisie_tableaudebord
    ADD CONSTRAINT saisie_tableaudebord_pkey PRIMARY KEY (id);


--
-- Name: tontines_niveautontine tontines_niveautontine_config_exercice_id_code_45c0de7b_uniq; Type: CONSTRAINT; Schema: public; Owner: postgres
--

ALTER TABLE ONLY public.tontines_niveautontine
    ADD CONSTRAINT tontines_niveautontine_config_exercice_id_code_45c0de7b_uniq UNIQUE (config_exercice_id, code);


--
-- Name: tontines_niveautontine tontines_niveautontine_pkey; Type: CONSTRAINT; Schema: public; Owner: postgres
--

ALTER TABLE ONLY public.tontines_niveautontine
    ADD CONSTRAINT tontines_niveautontine_pkey PRIMARY KEY (id);


--
-- Name: tontines_participationtontine tontines_participationto_session_id_adherent_id_a5054143_uniq; Type: CONSTRAINT; Schema: public; Owner: postgres
--

ALTER TABLE ONLY public.tontines_participationtontine
    ADD CONSTRAINT tontines_participationto_session_id_adherent_id_a5054143_uniq UNIQUE (session_id, adherent_id);


--
-- Name: tontines_participationtontine tontines_participationtontine_pkey; Type: CONSTRAINT; Schema: public; Owner: postgres
--

ALTER TABLE ONLY public.tontines_participationtontine
    ADD CONSTRAINT tontines_participationtontine_pkey PRIMARY KEY (id);


--
-- Name: tontines_sessiontontine tontines_sessiontontine_niveau_id_mois_annee_b7122548_uniq; Type: CONSTRAINT; Schema: public; Owner: postgres
--

ALTER TABLE ONLY public.tontines_sessiontontine
    ADD CONSTRAINT tontines_sessiontontine_niveau_id_mois_annee_b7122548_uniq UNIQUE (niveau_id, mois, annee);


--
-- Name: tontines_sessiontontine tontines_sessiontontine_pkey; Type: CONSTRAINT; Schema: public; Owner: postgres
--

ALTER TABLE ONLY public.tontines_sessiontontine
    ADD CONSTRAINT tontines_sessiontontine_pkey PRIMARY KEY (id);


--
-- Name: users_utilisateur users_utilisateur_adherent_id_key; Type: CONSTRAINT; Schema: public; Owner: postgres
--

ALTER TABLE ONLY public.users_utilisateur
    ADD CONSTRAINT users_utilisateur_adherent_id_key UNIQUE (adherent_id);


--
-- Name: users_utilisateur_groups users_utilisateur_groups_pkey; Type: CONSTRAINT; Schema: public; Owner: postgres
--

ALTER TABLE ONLY public.users_utilisateur_groups
    ADD CONSTRAINT users_utilisateur_groups_pkey PRIMARY KEY (id);


--
-- Name: users_utilisateur_groups users_utilisateur_groups_utilisateur_id_group_id_753c4b93_uniq; Type: CONSTRAINT; Schema: public; Owner: postgres
--

ALTER TABLE ONLY public.users_utilisateur_groups
    ADD CONSTRAINT users_utilisateur_groups_utilisateur_id_group_id_753c4b93_uniq UNIQUE (utilisateur_id, group_id);


--
-- Name: users_utilisateur users_utilisateur_pkey; Type: CONSTRAINT; Schema: public; Owner: postgres
--

ALTER TABLE ONLY public.users_utilisateur
    ADD CONSTRAINT users_utilisateur_pkey PRIMARY KEY (id);


--
-- Name: users_utilisateur_user_permissions users_utilisateur_user_p_utilisateur_id_permissio_76fca242_uniq; Type: CONSTRAINT; Schema: public; Owner: postgres
--

ALTER TABLE ONLY public.users_utilisateur_user_permissions
    ADD CONSTRAINT users_utilisateur_user_p_utilisateur_id_permissio_76fca242_uniq UNIQUE (utilisateur_id, permission_id);


--
-- Name: users_utilisateur_user_permissions users_utilisateur_user_permissions_pkey; Type: CONSTRAINT; Schema: public; Owner: postgres
--

ALTER TABLE ONLY public.users_utilisateur_user_permissions
    ADD CONSTRAINT users_utilisateur_user_permissions_pkey PRIMARY KEY (id);


--
-- Name: users_utilisateur users_utilisateur_username_key; Type: CONSTRAINT; Schema: public; Owner: postgres
--

ALTER TABLE ONLY public.users_utilisateur
    ADD CONSTRAINT users_utilisateur_username_key UNIQUE (username);


--
-- Name: adherents_adherent_matricule_e71e8a33_like; Type: INDEX; Schema: public; Owner: postgres
--

CREATE INDEX adherents_adherent_matricule_e71e8a33_like ON public.adherents_adherent USING btree (matricule varchar_pattern_ops);


--
-- Name: auth_group_name_a6ea08ec_like; Type: INDEX; Schema: public; Owner: postgres
--

CREATE INDEX auth_group_name_a6ea08ec_like ON public.auth_group USING btree (name varchar_pattern_ops);


--
-- Name: auth_group_permissions_group_id_b120cbf9; Type: INDEX; Schema: public; Owner: postgres
--

CREATE INDEX auth_group_permissions_group_id_b120cbf9 ON public.auth_group_permissions USING btree (group_id);


--
-- Name: auth_group_permissions_permission_id_84c5c92e; Type: INDEX; Schema: public; Owner: postgres
--

CREATE INDEX auth_group_permissions_permission_id_84c5c92e ON public.auth_group_permissions USING btree (permission_id);


--
-- Name: auth_permission_content_type_id_2f476e4b; Type: INDEX; Schema: public; Owner: postgres
--

CREATE INDEX auth_permission_content_type_id_2f476e4b ON public.auth_permission USING btree (content_type_id);


--
-- Name: banque_cheque_adherent_id_748cbc38; Type: INDEX; Schema: public; Owner: postgres
--

CREATE INDEX banque_cheque_adherent_id_748cbc38 ON public.banque_cheque USING btree (adherent_id);


--
-- Name: banque_cheque_adherent_id_748cbc38_like; Type: INDEX; Schema: public; Owner: postgres
--

CREATE INDEX banque_cheque_adherent_id_748cbc38_like ON public.banque_cheque USING btree (adherent_id varchar_pattern_ops);


--
-- Name: banque_cheque_config_exercice_id_b2ac594b; Type: INDEX; Schema: public; Owner: postgres
--

CREATE INDEX banque_cheque_config_exercice_id_b2ac594b ON public.banque_cheque USING btree (config_exercice_id);


--
-- Name: banque_historiquebancaire_adherent_id_f835b67b; Type: INDEX; Schema: public; Owner: postgres
--

CREATE INDEX banque_historiquebancaire_adherent_id_f835b67b ON public.banque_historiquebancaire USING btree (adherent_id);


--
-- Name: banque_historiquebancaire_adherent_id_f835b67b_like; Type: INDEX; Schema: public; Owner: postgres
--

CREATE INDEX banque_historiquebancaire_adherent_id_f835b67b_like ON public.banque_historiquebancaire USING btree (adherent_id varchar_pattern_ops);


--
-- Name: banque_historiquebancaire_config_exercice_id_5f3743f0; Type: INDEX; Schema: public; Owner: postgres
--

CREATE INDEX banque_historiquebancaire_config_exercice_id_5f3743f0 ON public.banque_historiquebancaire USING btree (config_exercice_id);


--
-- Name: dettes_listerouge_adherent_id_3d32dc4e_like; Type: INDEX; Schema: public; Owner: postgres
--

CREATE INDEX dettes_listerouge_adherent_id_3d32dc4e_like ON public.dettes_listerouge USING btree (adherent_id varchar_pattern_ops);


--
-- Name: dettes_listerouge_config_exercice_id_04d4ba6c; Type: INDEX; Schema: public; Owner: postgres
--

CREATE INDEX dettes_listerouge_config_exercice_id_04d4ba6c ON public.dettes_listerouge USING btree (config_exercice_id);


--
-- Name: dettes_remboursementdette_liste_rouge_id_14be39ea; Type: INDEX; Schema: public; Owner: postgres
--

CREATE INDEX dettes_remboursementdette_liste_rouge_id_14be39ea ON public.dettes_remboursementdette USING btree (liste_rouge_id);


--
-- Name: django_admin_log_content_type_id_c4bce8eb; Type: INDEX; Schema: public; Owner: postgres
--

CREATE INDEX django_admin_log_content_type_id_c4bce8eb ON public.django_admin_log USING btree (content_type_id);


--
-- Name: django_admin_log_user_id_c564eba6; Type: INDEX; Schema: public; Owner: postgres
--

CREATE INDEX django_admin_log_user_id_c564eba6 ON public.django_admin_log USING btree (user_id);


--
-- Name: django_session_expire_date_a5c62663; Type: INDEX; Schema: public; Owner: postgres
--

CREATE INDEX django_session_expire_date_a5c62663 ON public.django_session USING btree (expire_date);


--
-- Name: django_session_session_key_c0390e0f_like; Type: INDEX; Schema: public; Owner: postgres
--

CREATE INDEX django_session_session_key_c0390e0f_like ON public.django_session USING btree (session_key varchar_pattern_ops);


--
-- Name: exercice_fichecassation_adherent_id_9e89f71a; Type: INDEX; Schema: public; Owner: postgres
--

CREATE INDEX exercice_fichecassation_adherent_id_9e89f71a ON public.exercice_fichecassation USING btree (adherent_id);


--
-- Name: exercice_fichecassation_adherent_id_9e89f71a_like; Type: INDEX; Schema: public; Owner: postgres
--

CREATE INDEX exercice_fichecassation_adherent_id_9e89f71a_like ON public.exercice_fichecassation USING btree (adherent_id varchar_pattern_ops);


--
-- Name: exercice_fichecassation_config_exercice_id_7cfd19be; Type: INDEX; Schema: public; Owner: postgres
--

CREATE INDEX exercice_fichecassation_config_exercice_id_7cfd19be ON public.exercice_fichecassation USING btree (config_exercice_id);


--
-- Name: fonds_mouvementfonds_adherent_id_725a4377; Type: INDEX; Schema: public; Owner: postgres
--

CREATE INDEX fonds_mouvementfonds_adherent_id_725a4377 ON public.fonds_mouvementfonds USING btree (adherent_id);


--
-- Name: fonds_mouvementfonds_adherent_id_725a4377_like; Type: INDEX; Schema: public; Owner: postgres
--

CREATE INDEX fonds_mouvementfonds_adherent_id_725a4377_like ON public.fonds_mouvementfonds USING btree (adherent_id varchar_pattern_ops);


--
-- Name: fonds_mouvementfonds_config_exercice_id_c287cb14; Type: INDEX; Schema: public; Owner: postgres
--

CREATE INDEX fonds_mouvementfonds_config_exercice_id_c287cb14 ON public.fonds_mouvementfonds USING btree (config_exercice_id);


--
-- Name: fonds_reservemensuelle_config_exercice_id_9c61e974; Type: INDEX; Schema: public; Owner: postgres
--

CREATE INDEX fonds_reservemensuelle_config_exercice_id_9c61e974 ON public.fonds_reservemensuelle USING btree (config_exercice_id);


--
-- Name: foyer_contributionfoyer_adherent_id_56ff4dcc; Type: INDEX; Schema: public; Owner: postgres
--

CREATE INDEX foyer_contributionfoyer_adherent_id_56ff4dcc ON public.foyer_contributionfoyer USING btree (adherent_id);


--
-- Name: foyer_contributionfoyer_adherent_id_56ff4dcc_like; Type: INDEX; Schema: public; Owner: postgres
--

CREATE INDEX foyer_contributionfoyer_adherent_id_56ff4dcc_like ON public.foyer_contributionfoyer USING btree (adherent_id varchar_pattern_ops);


--
-- Name: foyer_contributionfoyer_config_exercice_id_f5c0716a; Type: INDEX; Schema: public; Owner: postgres
--

CREATE INDEX foyer_contributionfoyer_config_exercice_id_f5c0716a ON public.foyer_contributionfoyer USING btree (config_exercice_id);


--
-- Name: mutuelle_aidemutuelle_adherent_id_213db959; Type: INDEX; Schema: public; Owner: postgres
--

CREATE INDEX mutuelle_aidemutuelle_adherent_id_213db959 ON public.mutuelle_aidemutuelle USING btree (adherent_id);


--
-- Name: mutuelle_aidemutuelle_adherent_id_213db959_like; Type: INDEX; Schema: public; Owner: postgres
--

CREATE INDEX mutuelle_aidemutuelle_adherent_id_213db959_like ON public.mutuelle_aidemutuelle USING btree (adherent_id varchar_pattern_ops);


--
-- Name: mutuelle_aidemutuelle_config_exercice_id_af732fbd; Type: INDEX; Schema: public; Owner: postgres
--

CREATE INDEX mutuelle_aidemutuelle_config_exercice_id_af732fbd ON public.mutuelle_aidemutuelle USING btree (config_exercice_id);


--
-- Name: mutuelle_cotisationmutuelle_adherent_id_0a37be59; Type: INDEX; Schema: public; Owner: postgres
--

CREATE INDEX mutuelle_cotisationmutuelle_adherent_id_0a37be59 ON public.mutuelle_cotisationmutuelle USING btree (adherent_id);


--
-- Name: mutuelle_cotisationmutuelle_adherent_id_0a37be59_like; Type: INDEX; Schema: public; Owner: postgres
--

CREATE INDEX mutuelle_cotisationmutuelle_adherent_id_0a37be59_like ON public.mutuelle_cotisationmutuelle USING btree (adherent_id varchar_pattern_ops);


--
-- Name: mutuelle_cotisationmutuelle_config_exercice_id_72d90b7b; Type: INDEX; Schema: public; Owner: postgres
--

CREATE INDEX mutuelle_cotisationmutuelle_config_exercice_id_72d90b7b ON public.mutuelle_cotisationmutuelle USING btree (config_exercice_id);


--
-- Name: parametrage_agiobancaire_config_exercice_id_e287764e; Type: INDEX; Schema: public; Owner: postgres
--

CREATE INDEX parametrage_agiobancaire_config_exercice_id_e287764e ON public.parametrage_agiobancaire USING btree (config_exercice_id);


--
-- Name: parametrage_autredepense_config_exercice_id_a8b9f943; Type: INDEX; Schema: public; Owner: postgres
--

CREATE INDEX parametrage_autredepense_config_exercice_id_a8b9f943 ON public.parametrage_autredepense USING btree (config_exercice_id);


--
-- Name: parametrage_depensecollation_config_exercice_id_6289c4e9; Type: INDEX; Schema: public; Owner: postgres
--

CREATE INDEX parametrage_depensecollation_config_exercice_id_6289c4e9 ON public.parametrage_depensecollation USING btree (config_exercice_id);


--
-- Name: parametrage_depensefondsroulement_config_exercice_id_cf898631; Type: INDEX; Schema: public; Owner: postgres
--

CREATE INDEX parametrage_depensefondsroulement_config_exercice_id_cf898631 ON public.parametrage_depensefondsroulement USING btree (config_exercice_id);


--
-- Name: parametrage_depensefoyer_config_exercice_id_ccf9a236; Type: INDEX; Schema: public; Owner: postgres
--

CREATE INDEX parametrage_depensefoyer_config_exercice_id_ccf9a236 ON public.parametrage_depensefoyer USING btree (config_exercice_id);


--
-- Name: parametrage_depensefraisex_config_exercice_id_164406a5; Type: INDEX; Schema: public; Owner: postgres
--

CREATE INDEX parametrage_depensefraisex_config_exercice_id_164406a5 ON public.parametrage_depensefraisexceptionnels USING btree (config_exercice_id);


--
-- Name: prets_pret_adherent_id_c13bcfb5; Type: INDEX; Schema: public; Owner: postgres
--

CREATE INDEX prets_pret_adherent_id_c13bcfb5 ON public.prets_pret USING btree (adherent_id);


--
-- Name: prets_pret_adherent_id_c13bcfb5_like; Type: INDEX; Schema: public; Owner: postgres
--

CREATE INDEX prets_pret_adherent_id_c13bcfb5_like ON public.prets_pret USING btree (adherent_id varchar_pattern_ops);


--
-- Name: prets_pret_config_exercice_id_d41db59e; Type: INDEX; Schema: public; Owner: postgres
--

CREATE INDEX prets_pret_config_exercice_id_d41db59e ON public.prets_pret USING btree (config_exercice_id);


--
-- Name: prets_remboursementpret_pret_id_80c4d6f0; Type: INDEX; Schema: public; Owner: postgres
--

CREATE INDEX prets_remboursementpret_pret_id_80c4d6f0 ON public.prets_remboursementpret USING btree (pret_id);


--
-- Name: public_annonce_auteur_id_82ec45c1; Type: INDEX; Schema: public; Owner: postgres
--

CREATE INDEX public_annonce_auteur_id_82ec45c1 ON public.public_annonce USING btree (auteur_id);


--
-- Name: saisie_tableaudebord_adherent_id_b9d885e2; Type: INDEX; Schema: public; Owner: postgres
--

CREATE INDEX saisie_tableaudebord_adherent_id_b9d885e2 ON public.saisie_tableaudebord USING btree (adherent_id);


--
-- Name: saisie_tableaudebord_adherent_id_b9d885e2_like; Type: INDEX; Schema: public; Owner: postgres
--

CREATE INDEX saisie_tableaudebord_adherent_id_b9d885e2_like ON public.saisie_tableaudebord USING btree (adherent_id varchar_pattern_ops);


--
-- Name: saisie_tableaudebord_config_exercice_id_bb39551b; Type: INDEX; Schema: public; Owner: postgres
--

CREATE INDEX saisie_tableaudebord_config_exercice_id_bb39551b ON public.saisie_tableaudebord USING btree (config_exercice_id);


--
-- Name: tontines_niveautontine_config_exercice_id_86a86189; Type: INDEX; Schema: public; Owner: postgres
--

CREATE INDEX tontines_niveautontine_config_exercice_id_86a86189 ON public.tontines_niveautontine USING btree (config_exercice_id);


--
-- Name: tontines_participationtontine_adherent_id_65d03cbc; Type: INDEX; Schema: public; Owner: postgres
--

CREATE INDEX tontines_participationtontine_adherent_id_65d03cbc ON public.tontines_participationtontine USING btree (adherent_id);


--
-- Name: tontines_participationtontine_adherent_id_65d03cbc_like; Type: INDEX; Schema: public; Owner: postgres
--

CREATE INDEX tontines_participationtontine_adherent_id_65d03cbc_like ON public.tontines_participationtontine USING btree (adherent_id varchar_pattern_ops);


--
-- Name: tontines_participationtontine_session_id_8618c8f9; Type: INDEX; Schema: public; Owner: postgres
--

CREATE INDEX tontines_participationtontine_session_id_8618c8f9 ON public.tontines_participationtontine USING btree (session_id);


--
-- Name: tontines_sessiontontine_niveau_id_6f07c3c1; Type: INDEX; Schema: public; Owner: postgres
--

CREATE INDEX tontines_sessiontontine_niveau_id_6f07c3c1 ON public.tontines_sessiontontine USING btree (niveau_id);


--
-- Name: users_utilisateur_adherent_id_5a709a38_like; Type: INDEX; Schema: public; Owner: postgres
--

CREATE INDEX users_utilisateur_adherent_id_5a709a38_like ON public.users_utilisateur USING btree (adherent_id varchar_pattern_ops);


--
-- Name: users_utilisateur_groups_group_id_a71698e9; Type: INDEX; Schema: public; Owner: postgres
--

CREATE INDEX users_utilisateur_groups_group_id_a71698e9 ON public.users_utilisateur_groups USING btree (group_id);


--
-- Name: users_utilisateur_groups_utilisateur_id_a9ec7e2b; Type: INDEX; Schema: public; Owner: postgres
--

CREATE INDEX users_utilisateur_groups_utilisateur_id_a9ec7e2b ON public.users_utilisateur_groups USING btree (utilisateur_id);


--
-- Name: users_utilisateur_user_permissions_permission_id_c32f2ac3; Type: INDEX; Schema: public; Owner: postgres
--

CREATE INDEX users_utilisateur_user_permissions_permission_id_c32f2ac3 ON public.users_utilisateur_user_permissions USING btree (permission_id);


--
-- Name: users_utilisateur_user_permissions_utilisateur_id_fce4c46b; Type: INDEX; Schema: public; Owner: postgres
--

CREATE INDEX users_utilisateur_user_permissions_utilisateur_id_fce4c46b ON public.users_utilisateur_user_permissions USING btree (utilisateur_id);


--
-- Name: users_utilisateur_username_2f2a6f86_like; Type: INDEX; Schema: public; Owner: postgres
--

CREATE INDEX users_utilisateur_username_2f2a6f86_like ON public.users_utilisateur USING btree (username varchar_pattern_ops);


--
-- Name: auth_group_permissions auth_group_permissio_permission_id_84c5c92e_fk_auth_perm; Type: FK CONSTRAINT; Schema: public; Owner: postgres
--

ALTER TABLE ONLY public.auth_group_permissions
    ADD CONSTRAINT auth_group_permissio_permission_id_84c5c92e_fk_auth_perm FOREIGN KEY (permission_id) REFERENCES public.auth_permission(id) DEFERRABLE INITIALLY DEFERRED;


--
-- Name: auth_group_permissions auth_group_permissions_group_id_b120cbf9_fk_auth_group_id; Type: FK CONSTRAINT; Schema: public; Owner: postgres
--

ALTER TABLE ONLY public.auth_group_permissions
    ADD CONSTRAINT auth_group_permissions_group_id_b120cbf9_fk_auth_group_id FOREIGN KEY (group_id) REFERENCES public.auth_group(id) DEFERRABLE INITIALLY DEFERRED;


--
-- Name: auth_permission auth_permission_content_type_id_2f476e4b_fk_django_co; Type: FK CONSTRAINT; Schema: public; Owner: postgres
--

ALTER TABLE ONLY public.auth_permission
    ADD CONSTRAINT auth_permission_content_type_id_2f476e4b_fk_django_co FOREIGN KEY (content_type_id) REFERENCES public.django_content_type(id) DEFERRABLE INITIALLY DEFERRED;


--
-- Name: banque_cheque banque_cheque_adherent_id_748cbc38_fk_adherents; Type: FK CONSTRAINT; Schema: public; Owner: postgres
--

ALTER TABLE ONLY public.banque_cheque
    ADD CONSTRAINT banque_cheque_adherent_id_748cbc38_fk_adherents FOREIGN KEY (adherent_id) REFERENCES public.adherents_adherent(matricule) DEFERRABLE INITIALLY DEFERRED;


--
-- Name: banque_cheque banque_cheque_config_exercice_id_b2ac594b_fk_parametra; Type: FK CONSTRAINT; Schema: public; Owner: postgres
--

ALTER TABLE ONLY public.banque_cheque
    ADD CONSTRAINT banque_cheque_config_exercice_id_b2ac594b_fk_parametra FOREIGN KEY (config_exercice_id) REFERENCES public.parametrage_configexercice(id) DEFERRABLE INITIALLY DEFERRED;


--
-- Name: banque_historiquebancaire banque_historiqueban_adherent_id_f835b67b_fk_adherents; Type: FK CONSTRAINT; Schema: public; Owner: postgres
--

ALTER TABLE ONLY public.banque_historiquebancaire
    ADD CONSTRAINT banque_historiqueban_adherent_id_f835b67b_fk_adherents FOREIGN KEY (adherent_id) REFERENCES public.adherents_adherent(matricule) DEFERRABLE INITIALLY DEFERRED;


--
-- Name: banque_historiquebancaire banque_historiqueban_config_exercice_id_5f3743f0_fk_parametra; Type: FK CONSTRAINT; Schema: public; Owner: postgres
--

ALTER TABLE ONLY public.banque_historiquebancaire
    ADD CONSTRAINT banque_historiqueban_config_exercice_id_5f3743f0_fk_parametra FOREIGN KEY (config_exercice_id) REFERENCES public.parametrage_configexercice(id) DEFERRABLE INITIALLY DEFERRED;


--
-- Name: dettes_listerouge dettes_listerouge_adherent_id_3d32dc4e_fk_adherents; Type: FK CONSTRAINT; Schema: public; Owner: postgres
--

ALTER TABLE ONLY public.dettes_listerouge
    ADD CONSTRAINT dettes_listerouge_adherent_id_3d32dc4e_fk_adherents FOREIGN KEY (adherent_id) REFERENCES public.adherents_adherent(matricule) DEFERRABLE INITIALLY DEFERRED;


--
-- Name: dettes_listerouge dettes_listerouge_config_exercice_id_04d4ba6c_fk_parametra; Type: FK CONSTRAINT; Schema: public; Owner: postgres
--

ALTER TABLE ONLY public.dettes_listerouge
    ADD CONSTRAINT dettes_listerouge_config_exercice_id_04d4ba6c_fk_parametra FOREIGN KEY (config_exercice_id) REFERENCES public.parametrage_configexercice(id) DEFERRABLE INITIALLY DEFERRED;


--
-- Name: dettes_remboursementdette dettes_remboursement_liste_rouge_id_14be39ea_fk_dettes_li; Type: FK CONSTRAINT; Schema: public; Owner: postgres
--

ALTER TABLE ONLY public.dettes_remboursementdette
    ADD CONSTRAINT dettes_remboursement_liste_rouge_id_14be39ea_fk_dettes_li FOREIGN KEY (liste_rouge_id) REFERENCES public.dettes_listerouge(id) DEFERRABLE INITIALLY DEFERRED;


--
-- Name: django_admin_log django_admin_log_content_type_id_c4bce8eb_fk_django_co; Type: FK CONSTRAINT; Schema: public; Owner: postgres
--

ALTER TABLE ONLY public.django_admin_log
    ADD CONSTRAINT django_admin_log_content_type_id_c4bce8eb_fk_django_co FOREIGN KEY (content_type_id) REFERENCES public.django_content_type(id) DEFERRABLE INITIALLY DEFERRED;


--
-- Name: django_admin_log django_admin_log_user_id_c564eba6_fk_users_utilisateur_id; Type: FK CONSTRAINT; Schema: public; Owner: postgres
--

ALTER TABLE ONLY public.django_admin_log
    ADD CONSTRAINT django_admin_log_user_id_c564eba6_fk_users_utilisateur_id FOREIGN KEY (user_id) REFERENCES public.users_utilisateur(id) DEFERRABLE INITIALLY DEFERRED;


--
-- Name: exercice_fichecassation exercice_fichecassat_adherent_id_9e89f71a_fk_adherents; Type: FK CONSTRAINT; Schema: public; Owner: postgres
--

ALTER TABLE ONLY public.exercice_fichecassation
    ADD CONSTRAINT exercice_fichecassat_adherent_id_9e89f71a_fk_adherents FOREIGN KEY (adherent_id) REFERENCES public.adherents_adherent(matricule) DEFERRABLE INITIALLY DEFERRED;


--
-- Name: exercice_fichecassation exercice_fichecassat_config_exercice_id_7cfd19be_fk_parametra; Type: FK CONSTRAINT; Schema: public; Owner: postgres
--

ALTER TABLE ONLY public.exercice_fichecassation
    ADD CONSTRAINT exercice_fichecassat_config_exercice_id_7cfd19be_fk_parametra FOREIGN KEY (config_exercice_id) REFERENCES public.parametrage_configexercice(id) DEFERRABLE INITIALLY DEFERRED;


--
-- Name: exercice_synthesecompte exercice_synthesecom_config_exercice_id_b05cf737_fk_parametra; Type: FK CONSTRAINT; Schema: public; Owner: postgres
--

ALTER TABLE ONLY public.exercice_synthesecompte
    ADD CONSTRAINT exercice_synthesecom_config_exercice_id_b05cf737_fk_parametra FOREIGN KEY (config_exercice_id) REFERENCES public.parametrage_configexercice(id) DEFERRABLE INITIALLY DEFERRED;


--
-- Name: fonds_mouvementfonds fonds_mouvementfonds_adherent_id_725a4377_fk_adherents; Type: FK CONSTRAINT; Schema: public; Owner: postgres
--

ALTER TABLE ONLY public.fonds_mouvementfonds
    ADD CONSTRAINT fonds_mouvementfonds_adherent_id_725a4377_fk_adherents FOREIGN KEY (adherent_id) REFERENCES public.adherents_adherent(matricule) DEFERRABLE INITIALLY DEFERRED;


--
-- Name: fonds_mouvementfonds fonds_mouvementfonds_config_exercice_id_c287cb14_fk_parametra; Type: FK CONSTRAINT; Schema: public; Owner: postgres
--

ALTER TABLE ONLY public.fonds_mouvementfonds
    ADD CONSTRAINT fonds_mouvementfonds_config_exercice_id_c287cb14_fk_parametra FOREIGN KEY (config_exercice_id) REFERENCES public.parametrage_configexercice(id) DEFERRABLE INITIALLY DEFERRED;


--
-- Name: fonds_reservemensuelle fonds_reservemensuel_config_exercice_id_9c61e974_fk_parametra; Type: FK CONSTRAINT; Schema: public; Owner: postgres
--

ALTER TABLE ONLY public.fonds_reservemensuelle
    ADD CONSTRAINT fonds_reservemensuel_config_exercice_id_9c61e974_fk_parametra FOREIGN KEY (config_exercice_id) REFERENCES public.parametrage_configexercice(id) DEFERRABLE INITIALLY DEFERRED;


--
-- Name: foyer_contributionfoyer foyer_contributionfo_adherent_id_56ff4dcc_fk_adherents; Type: FK CONSTRAINT; Schema: public; Owner: postgres
--

ALTER TABLE ONLY public.foyer_contributionfoyer
    ADD CONSTRAINT foyer_contributionfo_adherent_id_56ff4dcc_fk_adherents FOREIGN KEY (adherent_id) REFERENCES public.adherents_adherent(matricule) DEFERRABLE INITIALLY DEFERRED;


--
-- Name: foyer_contributionfoyer foyer_contributionfo_config_exercice_id_f5c0716a_fk_parametra; Type: FK CONSTRAINT; Schema: public; Owner: postgres
--

ALTER TABLE ONLY public.foyer_contributionfoyer
    ADD CONSTRAINT foyer_contributionfo_config_exercice_id_f5c0716a_fk_parametra FOREIGN KEY (config_exercice_id) REFERENCES public.parametrage_configexercice(id) DEFERRABLE INITIALLY DEFERRED;


--
-- Name: mutuelle_aidemutuelle mutuelle_aidemutuell_adherent_id_213db959_fk_adherents; Type: FK CONSTRAINT; Schema: public; Owner: postgres
--

ALTER TABLE ONLY public.mutuelle_aidemutuelle
    ADD CONSTRAINT mutuelle_aidemutuell_adherent_id_213db959_fk_adherents FOREIGN KEY (adherent_id) REFERENCES public.adherents_adherent(matricule) DEFERRABLE INITIALLY DEFERRED;


--
-- Name: mutuelle_aidemutuelle mutuelle_aidemutuell_config_exercice_id_af732fbd_fk_parametra; Type: FK CONSTRAINT; Schema: public; Owner: postgres
--

ALTER TABLE ONLY public.mutuelle_aidemutuelle
    ADD CONSTRAINT mutuelle_aidemutuell_config_exercice_id_af732fbd_fk_parametra FOREIGN KEY (config_exercice_id) REFERENCES public.parametrage_configexercice(id) DEFERRABLE INITIALLY DEFERRED;


--
-- Name: mutuelle_cotisationmutuelle mutuelle_cotisationm_adherent_id_0a37be59_fk_adherents; Type: FK CONSTRAINT; Schema: public; Owner: postgres
--

ALTER TABLE ONLY public.mutuelle_cotisationmutuelle
    ADD CONSTRAINT mutuelle_cotisationm_adherent_id_0a37be59_fk_adherents FOREIGN KEY (adherent_id) REFERENCES public.adherents_adherent(matricule) DEFERRABLE INITIALLY DEFERRED;


--
-- Name: mutuelle_cotisationmutuelle mutuelle_cotisationm_config_exercice_id_72d90b7b_fk_parametra; Type: FK CONSTRAINT; Schema: public; Owner: postgres
--

ALTER TABLE ONLY public.mutuelle_cotisationmutuelle
    ADD CONSTRAINT mutuelle_cotisationm_config_exercice_id_72d90b7b_fk_parametra FOREIGN KEY (config_exercice_id) REFERENCES public.parametrage_configexercice(id) DEFERRABLE INITIALLY DEFERRED;


--
-- Name: parametrage_agiobancaire parametrage_agiobanc_config_exercice_id_e287764e_fk_parametra; Type: FK CONSTRAINT; Schema: public; Owner: postgres
--

ALTER TABLE ONLY public.parametrage_agiobancaire
    ADD CONSTRAINT parametrage_agiobanc_config_exercice_id_e287764e_fk_parametra FOREIGN KEY (config_exercice_id) REFERENCES public.parametrage_configexercice(id) DEFERRABLE INITIALLY DEFERRED;


--
-- Name: parametrage_autredepense parametrage_autredep_config_exercice_id_a8b9f943_fk_parametra; Type: FK CONSTRAINT; Schema: public; Owner: postgres
--

ALTER TABLE ONLY public.parametrage_autredepense
    ADD CONSTRAINT parametrage_autredep_config_exercice_id_a8b9f943_fk_parametra FOREIGN KEY (config_exercice_id) REFERENCES public.parametrage_configexercice(id) DEFERRABLE INITIALLY DEFERRED;


--
-- Name: parametrage_depensecollation parametrage_depensec_config_exercice_id_6289c4e9_fk_parametra; Type: FK CONSTRAINT; Schema: public; Owner: postgres
--

ALTER TABLE ONLY public.parametrage_depensecollation
    ADD CONSTRAINT parametrage_depensec_config_exercice_id_6289c4e9_fk_parametra FOREIGN KEY (config_exercice_id) REFERENCES public.parametrage_configexercice(id) DEFERRABLE INITIALLY DEFERRED;


--
-- Name: parametrage_depensefraisexceptionnels parametrage_depensef_config_exercice_id_164406a5_fk_parametra; Type: FK CONSTRAINT; Schema: public; Owner: postgres
--

ALTER TABLE ONLY public.parametrage_depensefraisexceptionnels
    ADD CONSTRAINT parametrage_depensef_config_exercice_id_164406a5_fk_parametra FOREIGN KEY (config_exercice_id) REFERENCES public.parametrage_configexercice(id) DEFERRABLE INITIALLY DEFERRED;


--
-- Name: parametrage_depensefoyer parametrage_depensef_config_exercice_id_ccf9a236_fk_parametra; Type: FK CONSTRAINT; Schema: public; Owner: postgres
--

ALTER TABLE ONLY public.parametrage_depensefoyer
    ADD CONSTRAINT parametrage_depensef_config_exercice_id_ccf9a236_fk_parametra FOREIGN KEY (config_exercice_id) REFERENCES public.parametrage_configexercice(id) DEFERRABLE INITIALLY DEFERRED;


--
-- Name: parametrage_depensefondsroulement parametrage_depensef_config_exercice_id_cf898631_fk_parametra; Type: FK CONSTRAINT; Schema: public; Owner: postgres
--

ALTER TABLE ONLY public.parametrage_depensefondsroulement
    ADD CONSTRAINT parametrage_depensef_config_exercice_id_cf898631_fk_parametra FOREIGN KEY (config_exercice_id) REFERENCES public.parametrage_configexercice(id) DEFERRABLE INITIALLY DEFERRED;


--
-- Name: prets_pret prets_pret_adherent_id_c13bcfb5_fk_adherents_adherent_matricule; Type: FK CONSTRAINT; Schema: public; Owner: postgres
--

ALTER TABLE ONLY public.prets_pret
    ADD CONSTRAINT prets_pret_adherent_id_c13bcfb5_fk_adherents_adherent_matricule FOREIGN KEY (adherent_id) REFERENCES public.adherents_adherent(matricule) DEFERRABLE INITIALLY DEFERRED;


--
-- Name: prets_pret prets_pret_config_exercice_id_d41db59e_fk_parametra; Type: FK CONSTRAINT; Schema: public; Owner: postgres
--

ALTER TABLE ONLY public.prets_pret
    ADD CONSTRAINT prets_pret_config_exercice_id_d41db59e_fk_parametra FOREIGN KEY (config_exercice_id) REFERENCES public.parametrage_configexercice(id) DEFERRABLE INITIALLY DEFERRED;


--
-- Name: prets_remboursementpret prets_remboursementpret_pret_id_80c4d6f0_fk_prets_pret_id; Type: FK CONSTRAINT; Schema: public; Owner: postgres
--

ALTER TABLE ONLY public.prets_remboursementpret
    ADD CONSTRAINT prets_remboursementpret_pret_id_80c4d6f0_fk_prets_pret_id FOREIGN KEY (pret_id) REFERENCES public.prets_pret(id) DEFERRABLE INITIALLY DEFERRED;


--
-- Name: public_annonce public_annonce_auteur_id_82ec45c1_fk_users_utilisateur_id; Type: FK CONSTRAINT; Schema: public; Owner: postgres
--

ALTER TABLE ONLY public.public_annonce
    ADD CONSTRAINT public_annonce_auteur_id_82ec45c1_fk_users_utilisateur_id FOREIGN KEY (auteur_id) REFERENCES public.users_utilisateur(id) DEFERRABLE INITIALLY DEFERRED;


--
-- Name: saisie_tableaudebord saisie_tableaudebord_adherent_id_b9d885e2_fk_adherents; Type: FK CONSTRAINT; Schema: public; Owner: postgres
--

ALTER TABLE ONLY public.saisie_tableaudebord
    ADD CONSTRAINT saisie_tableaudebord_adherent_id_b9d885e2_fk_adherents FOREIGN KEY (adherent_id) REFERENCES public.adherents_adherent(matricule) DEFERRABLE INITIALLY DEFERRED;


--
-- Name: saisie_tableaudebord saisie_tableaudebord_config_exercice_id_bb39551b_fk_parametra; Type: FK CONSTRAINT; Schema: public; Owner: postgres
--

ALTER TABLE ONLY public.saisie_tableaudebord
    ADD CONSTRAINT saisie_tableaudebord_config_exercice_id_bb39551b_fk_parametra FOREIGN KEY (config_exercice_id) REFERENCES public.parametrage_configexercice(id) DEFERRABLE INITIALLY DEFERRED;


--
-- Name: tontines_niveautontine tontines_niveautonti_config_exercice_id_86a86189_fk_parametra; Type: FK CONSTRAINT; Schema: public; Owner: postgres
--

ALTER TABLE ONLY public.tontines_niveautontine
    ADD CONSTRAINT tontines_niveautonti_config_exercice_id_86a86189_fk_parametra FOREIGN KEY (config_exercice_id) REFERENCES public.parametrage_configexercice(id) DEFERRABLE INITIALLY DEFERRED;


--
-- Name: tontines_participationtontine tontines_participati_adherent_id_65d03cbc_fk_adherents; Type: FK CONSTRAINT; Schema: public; Owner: postgres
--

ALTER TABLE ONLY public.tontines_participationtontine
    ADD CONSTRAINT tontines_participati_adherent_id_65d03cbc_fk_adherents FOREIGN KEY (adherent_id) REFERENCES public.adherents_adherent(matricule) DEFERRABLE INITIALLY DEFERRED;


--
-- Name: tontines_participationtontine tontines_participati_session_id_8618c8f9_fk_tontines_; Type: FK CONSTRAINT; Schema: public; Owner: postgres
--

ALTER TABLE ONLY public.tontines_participationtontine
    ADD CONSTRAINT tontines_participati_session_id_8618c8f9_fk_tontines_ FOREIGN KEY (session_id) REFERENCES public.tontines_sessiontontine(id) DEFERRABLE INITIALLY DEFERRED;


--
-- Name: tontines_sessiontontine tontines_sessiontont_niveau_id_6f07c3c1_fk_tontines_; Type: FK CONSTRAINT; Schema: public; Owner: postgres
--

ALTER TABLE ONLY public.tontines_sessiontontine
    ADD CONSTRAINT tontines_sessiontont_niveau_id_6f07c3c1_fk_tontines_ FOREIGN KEY (niveau_id) REFERENCES public.tontines_niveautontine(id) DEFERRABLE INITIALLY DEFERRED;


--
-- Name: users_utilisateur users_utilisateur_adherent_id_5a709a38_fk_adherents; Type: FK CONSTRAINT; Schema: public; Owner: postgres
--

ALTER TABLE ONLY public.users_utilisateur
    ADD CONSTRAINT users_utilisateur_adherent_id_5a709a38_fk_adherents FOREIGN KEY (adherent_id) REFERENCES public.adherents_adherent(matricule) DEFERRABLE INITIALLY DEFERRED;


--
-- Name: users_utilisateur_groups users_utilisateur_gr_utilisateur_id_a9ec7e2b_fk_users_uti; Type: FK CONSTRAINT; Schema: public; Owner: postgres
--

ALTER TABLE ONLY public.users_utilisateur_groups
    ADD CONSTRAINT users_utilisateur_gr_utilisateur_id_a9ec7e2b_fk_users_uti FOREIGN KEY (utilisateur_id) REFERENCES public.users_utilisateur(id) DEFERRABLE INITIALLY DEFERRED;


--
-- Name: users_utilisateur_groups users_utilisateur_groups_group_id_a71698e9_fk_auth_group_id; Type: FK CONSTRAINT; Schema: public; Owner: postgres
--

ALTER TABLE ONLY public.users_utilisateur_groups
    ADD CONSTRAINT users_utilisateur_groups_group_id_a71698e9_fk_auth_group_id FOREIGN KEY (group_id) REFERENCES public.auth_group(id) DEFERRABLE INITIALLY DEFERRED;


--
-- Name: users_utilisateur_user_permissions users_utilisateur_us_permission_id_c32f2ac3_fk_auth_perm; Type: FK CONSTRAINT; Schema: public; Owner: postgres
--

ALTER TABLE ONLY public.users_utilisateur_user_permissions
    ADD CONSTRAINT users_utilisateur_us_permission_id_c32f2ac3_fk_auth_perm FOREIGN KEY (permission_id) REFERENCES public.auth_permission(id) DEFERRABLE INITIALLY DEFERRED;


--
-- Name: users_utilisateur_user_permissions users_utilisateur_us_utilisateur_id_fce4c46b_fk_users_uti; Type: FK CONSTRAINT; Schema: public; Owner: postgres
--

ALTER TABLE ONLY public.users_utilisateur_user_permissions
    ADD CONSTRAINT users_utilisateur_us_utilisateur_id_fce4c46b_fk_users_uti FOREIGN KEY (utilisateur_id) REFERENCES public.users_utilisateur(id) DEFERRABLE INITIALLY DEFERRED;


--
-- Name: SCHEMA public; Type: ACL; Schema: -; Owner: postgres
--

REVOKE USAGE ON SCHEMA public FROM PUBLIC;
GRANT ALL ON SCHEMA public TO PUBLIC;


--
-- PostgreSQL database dump complete
--

